{"type":"FeatureCollection","name":"geoBoundaries gbOpen COL ADM2 (municipio) 2020, CC BY 4.0, simplified 0.012deg for display","features":[{"type":"Feature","properties":{"name":"San Rafael"},"geometry":{"type":"Polygon","coordinates":[[[-74.828,6.339],[-74.914,6.402],[-74.95,6.402],[-75.106,6.325],[-75.116,6.295],[-75.14,6.3],[-75.146,6.256],[-75.094,6.214],[-75.058,6.21],[-75.026,6.264],[-75.012,6.249],[-74.977,6.272],[-74.913,6.268],[-74.913,6.31],[-74.863,6.307],[-74.828,6.339]]]}},{"type":"Feature","properties":{"name":"San Roque"},"geometry":{"type":"Polygon","coordinates":[[[-74.923,6.406],[-74.794,6.313],[-74.782,6.368],[-74.816,6.366],[-74.799,6.41],[-74.831,6.41],[-74.841,6.437],[-74.812,6.466],[-74.837,6.51],[-74.911,6.516],[-74.99,6.549],[-75.091,6.476],[-75.108,6.487],[-75.01,6.389],[-74.923,6.406]]]}},{"type":"Feature","properties":{"name":"San Vicente"},"geometry":{"type":"Polygon","coordinates":[[[-75.307,6.392],[-75.346,6.397],[-75.405,6.363],[-75.386,6.328],[-75.395,6.267],[-75.379,6.232],[-75.323,6.226],[-75.299,6.263],[-75.228,6.29],[-75.259,6.351],[-75.295,6.353],[-75.307,6.392]]]}},{"type":"Feature","properties":{"name":"Santa Bárbara"},"geometry":{"type":"Polygon","coordinates":[[[-75.592,6.006],[-75.639,5.945],[-75.619,5.801],[-75.601,5.81],[-75.583,5.789],[-75.565,5.723],[-75.533,5.863],[-75.55,5.958],[-75.583,5.973],[-75.562,5.975],[-75.592,6.006]]]}},{"type":"Feature","properties":{"name":"Santuario"},"geometry":{"type":"Polygon","coordinates":[[[-75.233,6.164],[-75.312,6.15],[-75.287,6.097],[-75.296,6.084],[-75.269,6.056],[-75.229,6.124],[-75.183,6.091],[-75.167,6.101],[-75.233,6.164]]]}},{"type":"Feature","properties":{"name":"Segovia"},"geometry":{"type":"Polygon","coordinates":[[[-74.358,7.473],[-74.412,7.46],[-74.419,7.389],[-74.478,7.344],[-74.561,7.428],[-74.699,7.313],[-74.915,7.264],[-74.91,7.232],[-74.866,7.207],[-74.853,7.14],[-74.761,7.135],[-74.699,7.068],[-74.667,7.108],[-74.658,7.157],[-74.389,7.266],[-74.398,7.348],[-74.319,7.44],[-74.358,7.473]]]}},{"type":"Feature","properties":{"name":"Sonsón"},"geometry":{"type":"Polygon","coordinates":[[[-74.844,5.926],[-74.865,5.856],[-74.893,5.829],[-74.922,5.84],[-74.946,5.786],[-74.981,5.766],[-75.054,5.751],[-75.022,5.825],[-75.023,5.868],[-75.055,5.919],[-75.074,5.892],[-75.135,5.883],[-75.145,5.865],[-75.21,5.872],[-75.247,5.816],[-75.268,5.813],[-75.268,5.854],[-75.286,5.848],[-75.321,5.782],[-75.41,5.745],[-75.424,5.696],[-75.376,5.673],[-75.376,5.611],[-75.34,5.603],[-75.329,5.525],[-75.311,5.509],[-75.316,5.459],[-75.283,5.476],[-75.254,5.528],[-75.248,5.577],[-75.272,5.604],[-75.264,5.68],[-75.236,5.676],[-75.183,5.709],[-75.209,5.705],[-75.242,5.732],[-75.149,5.744],[-75.133,5.761],[-74.974,5.73],[-74.902,5.759],[-74.772,5.69],[-74.729,5.706],[-74.714,5.772],[-74.665,5.769],[-74.64,5.859],[-74.844,5.926]]]}},{"type":"Feature","properties":{"name":"Sopetrán"},"geometry":{"type":"Polygon","coordinates":[[[-75.65,6.502],[-75.655,6.539],[-75.718,6.636],[-75.763,6.597],[-75.754,6.548],[-75.798,6.54],[-75.82,6.512],[-75.82,6.41],[-75.801,6.421],[-75.802,6.396],[-75.786,6.396],[-75.764,6.468],[-75.733,6.491],[-75.65,6.502]]]}},{"type":"Feature","properties":{"name":"Támesis"},"geometry":{"type":"Polygon","coordinates":[[[-75.64,5.762],[-75.652,5.798],[-75.676,5.797],[-75.803,5.676],[-75.807,5.654],[-75.758,5.639],[-75.76,5.594],[-75.714,5.548],[-75.693,5.557],[-75.658,5.637],[-75.661,5.724],[-75.64,5.762]]]}},{"type":"Feature","properties":{"name":"Tarazá"},"geometry":{"type":"Polygon","coordinates":[[[-75.166,7.356],[-75.215,7.396],[-75.206,7.428],[-75.25,7.457],[-75.274,7.534],[-75.332,7.536],[-75.384,7.644],[-75.439,7.634],[-75.448,7.743],[-75.534,7.723],[-75.553,7.627],[-75.603,7.6],[-75.542,7.492],[-75.568,7.38],[-75.495,7.386],[-75.461,7.36],[-75.395,7.369],[-75.331,7.39],[-75.323,7.433],[-75.305,7.434],[-75.275,7.388],[-75.289,7.379],[-75.278,7.288],[-75.305,7.257],[-75.296,7.229],[-75.289,7.245],[-75.205,7.254],[-75.166,7.356]]]}},{"type":"Feature","properties":{"name":"Tarso"},"geometry":{"type":"Polygon","coordinates":[[[-75.759,5.87],[-75.856,5.938],[-75.887,5.899],[-75.884,5.859],[-75.847,5.819],[-75.815,5.831],[-75.812,5.81],[-75.767,5.845],[-75.759,5.87]]]}},{"type":"Feature","properties":{"name":"Titiribí"},"geometry":{"type":"Polygon","coordinates":[[[-75.734,6.044],[-75.767,6.135],[-75.804,6.104],[-75.855,6.1],[-75.866,6.054],[-75.841,6.009],[-75.773,5.996],[-75.734,6.044]]]}},{"type":"Feature","properties":{"name":"Uramita"},"geometry":{"type":"Polygon","coordinates":[[[-75.965,6.981],[-76.0,7.0],[-76.016,6.967],[-76.073,6.94],[-76.155,6.978],[-76.171,6.959],[-76.234,6.963],[-76.222,6.918],[-76.246,6.877],[-76.222,6.848],[-76.157,6.824],[-76.094,6.861],[-76.096,6.899],[-75.987,6.938],[-75.965,6.981]]]}},{"type":"Feature","properties":{"name":"Valdivia"},"geometry":{"type":"Polygon","coordinates":[[[-75.514,7.373],[-75.53,7.3],[-75.488,7.304],[-75.438,7.244],[-75.501,7.124],[-75.491,7.061],[-75.471,7.05],[-75.46,7.075],[-75.424,7.087],[-75.372,7.193],[-75.343,7.202],[-75.323,7.242],[-75.296,7.229],[-75.305,7.257],[-75.278,7.288],[-75.289,7.379],[-75.275,7.388],[-75.314,7.434],[-75.348,7.382],[-75.461,7.36],[-75.495,7.386],[-75.514,7.373]]]}},{"type":"Feature","properties":{"name":"Valparaíso"},"geometry":{"type":"Polygon","coordinates":[[[-75.676,5.598],[-75.652,5.571],[-75.58,5.606],[-75.59,5.644],[-75.573,5.667],[-75.621,5.676],[-75.616,5.74],[-75.639,5.759],[-75.661,5.724],[-75.657,5.64],[-75.676,5.598]]]}},{"type":"Feature","properties":{"name":"Vegachí"},"geometry":{"type":"Polygon","coordinates":[[[-74.579,6.782],[-74.591,6.816],[-74.572,6.864],[-74.594,6.913],[-74.69,6.918],[-74.704,6.896],[-74.822,6.869],[-74.838,6.992],[-74.855,6.945],[-74.879,6.938],[-74.874,6.85],[-74.907,6.814],[-74.921,6.751],[-74.848,6.728],[-74.759,6.792],[-74.728,6.796],[-74.709,6.777],[-74.675,6.795],[-74.652,6.779],[-74.642,6.799],[-74.579,6.782]]]}},{"type":"Feature","properties":{"name":"Venecia"},"geometry":{"type":"Polygon","coordinates":[[[-75.775,5.881],[-75.775,5.921],[-75.75,5.939],[-75.702,5.938],[-75.684,5.977],[-75.736,6.005],[-75.841,6.009],[-75.834,5.982],[-75.856,5.938],[-75.775,5.881]]]}},{"type":"Feature","properties":{"name":"Yali"},"geometry":{"type":"Polygon","coordinates":[[[-74.907,6.737],[-74.949,6.707],[-74.948,6.669],[-74.913,6.659],[-74.912,6.637],[-74.801,6.642],[-74.774,6.667],[-74.741,6.656],[-74.701,6.691],[-74.682,6.669],[-74.65,6.699],[-74.626,6.685],[-74.58,6.701],[-74.579,6.782],[-74.642,6.799],[-74.652,6.779],[-74.675,6.795],[-74.709,6.777],[-74.737,6.795],[-74.837,6.731],[-74.907,6.737]]]}},{"type":"Feature","properties":{"name":"Yarumal"},"geometry":{"type":"Polygon","coordinates":[[[-75.471,7.05],[-75.5,7.048],[-75.505,7.006],[-75.536,6.991],[-75.586,7.023],[-75.601,7.065],[-75.659,7.028],[-75.603,6.975],[-75.574,6.853],[-75.49,6.773],[-75.472,6.852],[-75.411,6.912],[-75.375,6.901],[-75.336,6.942],[-75.363,6.958],[-75.353,6.99],[-75.312,7.02],[-75.334,7.076],[-75.332,7.167],[-75.308,7.239],[-75.372,7.193],[-75.424,7.087],[-75.46,7.075],[-75.471,7.05]]]}},{"type":"Feature","properties":{"name":"Yolombó"},"geometry":{"type":"Polygon","coordinates":[[[-74.839,6.51],[-74.865,6.531],[-74.735,6.604],[-74.633,6.624],[-74.624,6.654],[-74.558,6.638],[-74.497,6.7],[-74.555,6.717],[-74.626,6.685],[-74.65,6.699],[-74.682,6.669],[-74.701,6.691],[-74.741,6.656],[-74.774,6.667],[-74.801,6.642],[-74.912,6.637],[-74.913,6.659],[-74.948,6.669],[-74.95,6.704],[-74.913,6.727],[-74.915,6.752],[-74.936,6.751],[-75.027,6.835],[-75.048,6.796],[-75.026,6.749],[-75.11,6.782],[-75.128,6.74],[-75.107,6.717],[-75.127,6.693],[-75.123,6.658],[-75.152,6.648],[-75.162,6.586],[-75.208,6.555],[-75.142,6.543],[-75.088,6.585],[-75.057,6.579],[-75.034,6.538],[-74.99,6.549],[-74.911,6.516],[-74.839,6.51]]]}},{"type":"Feature","properties":{"name":"Zaragoza"},"geometry":{"type":"Polygon","coordinates":[[[-74.608,7.387],[-74.63,7.387],[-74.677,7.44],[-74.752,7.455],[-74.761,7.489],[-74.78,7.494],[-74.776,7.531],[-74.827,7.589],[-74.771,7.649],[-74.762,7.725],[-74.842,7.668],[-74.877,7.695],[-74.905,7.684],[-74.939,7.62],[-74.973,7.622],[-75.004,7.578],[-75.063,7.56],[-75.082,7.514],[-75.129,7.54],[-75.061,7.477],[-75.03,7.489],[-74.991,7.39],[-74.947,7.421],[-74.926,7.412],[-74.908,7.45],[-74.89,7.391],[-74.915,7.264],[-74.699,7.313],[-74.608,7.387]]]}},{"type":"Feature","properties":{"name":"Distrito Especial, Industrial Y Portuario De Barr*"},"geometry":{"type":"Polygon","coordinates":[[[-74.757,10.945],[-74.763,10.994],[-74.837,11.056],[-74.855,11.105],[-74.844,11.063],[-74.874,11.048],[-74.871,11.022],[-74.827,11.039],[-74.842,11.013],[-74.875,11.011],[-74.874,10.988],[-74.909,10.972],[-74.899,10.963],[-74.918,10.945],[-74.85,10.939],[-74.827,10.914],[-74.757,10.945]]]}},{"type":"Feature","properties":{"name":"Baranoa"},"geometry":{"type":"Polygon","coordinates":[[[-74.945,10.858],[-74.972,10.817],[-74.993,10.819],[-74.994,10.795],[-74.934,10.771],[-74.942,10.715],[-74.906,10.705],[-74.902,10.719],[-74.888,10.715],[-74.886,10.719],[-74.878,10.722],[-74.876,10.726],[-74.896,10.755],[-74.867,10.837],[-74.872,10.853],[-74.945,10.858]]]}},{"type":"Feature","properties":{"name":"Campo De La Cruz"},"geometry":{"type":"Polygon","coordinates":[[[-74.936,10.344],[-74.898,10.354],[-74.868,10.341],[-74.86,10.39],[-74.815,10.432],[-74.815,10.494],[-74.853,10.427],[-74.924,10.398],[-74.941,10.411],[-74.963,10.383],[-74.92,10.36],[-74.936,10.344]]]}},{"type":"Feature","properties":{"name":"Candelaria"},"geometry":{"type":"Polygon","coordinates":[[[-74.82,10.494],[-74.856,10.565],[-74.918,10.548],[-74.914,10.476],[-74.932,10.442],[-74.917,10.412],[-74.853,10.427],[-74.82,10.494]]]}},{"type":"Feature","properties":{"name":"Galapa"},"geometry":{"type":"Polygon","coordinates":[[[-74.918,10.945],[-74.945,10.858],[-74.9,10.844],[-74.839,10.872],[-74.827,10.914],[-74.85,10.939],[-74.918,10.945]]]}},{"type":"Feature","properties":{"name":"Juan De Acosta"},"geometry":{"type":"Polygon","coordinates":[[[-74.985,10.79],[-75.01,10.852],[-75.081,10.886],[-75.217,10.805],[-75.14,10.812],[-75.063,10.767],[-75.022,10.769],[-74.985,10.79]]]}},{"type":"Feature","properties":{"name":"Luruaco"},"geometry":{"type":"Polygon","coordinates":[[[-75.063,10.685],[-75.169,10.69],[-75.206,10.674],[-75.226,10.702],[-75.247,10.696],[-75.224,10.631],[-75.237,10.57],[-75.144,10.577],[-75.116,10.604],[-75.06,10.595],[-75.063,10.685]]]}},{"type":"Feature","properties":{"name":"Malambo"},"geometry":{"type":"Polygon","coordinates":[[[-74.879,10.813],[-74.755,10.823],[-74.742,10.884],[-74.839,10.885],[-74.87,10.858],[-74.879,10.813]]]}},{"type":"Feature","properties":{"name":"Manatí"},"geometry":{"type":"Polygon","coordinates":[[[-74.924,10.398],[-74.932,10.442],[-74.91,10.52],[-74.96,10.544],[-74.988,10.52],[-75.027,10.521],[-75.023,10.485],[-75.074,10.409],[-75.033,10.369],[-74.993,10.395],[-74.958,10.383],[-74.941,10.411],[-74.924,10.398]]]}},{"type":"Feature","properties":{"name":"Palmar De Varela"},"geometry":{"type":"Polygon","coordinates":[[[-74.728,10.749],[-74.789,10.733],[-74.837,10.672],[-74.765,10.649],[-74.724,10.667],[-74.728,10.749]]]}},{"type":"Feature","properties":{"name":"Piojó"},"geometry":{"type":"Polygon","coordinates":[[[-75.217,10.805],[-75.249,10.704],[-75.224,10.701],[-75.209,10.674],[-75.169,10.69],[-75.056,10.684],[-75.03,10.728],[-75.041,10.774],[-75.077,10.773],[-75.125,10.808],[-75.217,10.805]]]}},{"type":"Feature","properties":{"name":"Polonuevo"},"geometry":{"type":"Polygon","coordinates":[[[-74.896,10.746],[-74.842,10.707],[-74.808,10.812],[-74.879,10.813],[-74.896,10.746]]]}},{"type":"Feature","properties":{"name":"Ponedera"},"geometry":{"type":"Polygon","coordinates":[[[-74.807,10.483],[-74.739,10.542],[-74.725,10.62],[-74.746,10.651],[-74.837,10.672],[-74.876,10.726],[-74.841,10.601],[-74.856,10.565],[-74.807,10.483]]]}},{"type":"Feature","properties":{"name":"Puerto Colombia"},"geometry":{"type":"Polygon","coordinates":[[[-74.874,11.048],[-74.921,11.046],[-74.956,10.993],[-74.984,10.983],[-74.919,10.972],[-74.931,10.952],[-74.918,10.945],[-74.899,10.963],[-74.909,10.972],[-74.874,10.988],[-74.875,11.011],[-74.842,11.013],[-74.827,11.039],[-74.87,11.021],[-74.874,11.048]]]}},{"type":"Feature","properties":{"name":"Repelón"},"geometry":{"type":"Polygon","coordinates":[[[-75.226,10.56],[-75.234,10.479],[-75.168,10.452],[-75.129,10.397],[-75.061,10.415],[-75.047,10.469],[-75.023,10.485],[-75.051,10.59],[-75.116,10.604],[-75.133,10.581],[-75.226,10.56]]]}},{"type":"Feature","properties":{"name":"Sabanagrande"},"geometry":{"type":"Polygon","coordinates":[[[-74.808,10.812],[-74.804,10.774],[-74.725,10.772],[-74.741,10.834],[-74.808,10.812]]]}},{"type":"Feature","properties":{"name":"Sabanalarga"},"geometry":{"type":"Polygon","coordinates":[[[-74.933,10.711],[-74.97,10.681],[-75.006,10.711],[-75.062,10.695],[-75.06,10.595],[-75.027,10.521],[-74.858,10.561],[-74.841,10.601],[-74.876,10.726],[-74.906,10.705],[-74.933,10.711]]]}},{"type":"Feature","properties":{"name":"Santa Lucía"},"geometry":{"type":"Polygon","coordinates":[[[-74.92,10.36],[-74.993,10.395],[-75.033,10.369],[-74.983,10.343],[-74.937,10.289],[-74.917,10.335],[-74.936,10.344],[-74.92,10.36]]]}},{"type":"Feature","properties":{"name":"Santo Tomás"},"geometry":{"type":"Polygon","coordinates":[[[-74.728,10.749],[-74.725,10.772],[-74.819,10.776],[-74.849,10.703],[-74.838,10.686],[-74.789,10.733],[-74.728,10.749]]]}},{"type":"Feature","properties":{"name":"Soledad"},"geometry":{"type":"Polygon","coordinates":[[[-74.827,10.914],[-74.839,10.885],[-74.78,10.874],[-74.765,10.891],[-74.738,10.876],[-74.718,10.909],[-74.757,10.945],[-74.827,10.914]]]}},{"type":"Feature","properties":{"name":"Suan"},"geometry":{"type":"Polygon","coordinates":[[[-74.898,10.354],[-74.941,10.306],[-74.908,10.253],[-74.868,10.341],[-74.898,10.354]]]}},{"type":"Feature","properties":{"name":"Tubará"},"geometry":{"type":"Polygon","coordinates":[[[-74.945,10.858],[-74.919,10.972],[-75.007,10.98],[-75.044,10.952],[-75.026,10.947],[-75.043,10.899],[-75.074,10.886],[-75.01,10.852],[-74.998,10.815],[-74.972,10.817],[-74.945,10.858]]]}},{"type":"Feature","properties":{"name":"Usiacurí"},"geometry":{"type":"Polygon","coordinates":[[[-74.985,10.79],[-75.044,10.767],[-75.03,10.728],[-75.046,10.702],[-75.006,10.711],[-74.97,10.681],[-74.936,10.694],[-74.926,10.756],[-74.985,10.79]]]}},{"type":"Feature","properties":{"name":"Achí"},"geometry":{"type":"Polygon","coordinates":[[[-74.454,8.808],[-74.565,8.837],[-74.539,8.801],[-74.611,8.758],[-74.595,8.592],[-74.563,8.569],[-74.574,8.53],[-74.535,8.481],[-74.539,8.428],[-74.521,8.405],[-74.536,8.39],[-74.518,8.367],[-74.512,8.409],[-74.456,8.408],[-74.414,8.468],[-74.381,8.459],[-74.352,8.492],[-74.4,8.518],[-74.346,8.538],[-74.348,8.58],[-74.322,8.606],[-74.365,8.628],[-74.37,8.693],[-74.389,8.716],[-74.374,8.747],[-74.421,8.774],[-74.418,8.788],[-74.484,8.789],[-74.454,8.808]]]}},{"type":"Feature","properties":{"name":"Altos Del Rosario"},"geometry":{"type":"Polygon","coordinates":[[[-74.177,8.656],[-74.163,8.687],[-74.213,8.685],[-74.204,8.709],[-74.153,8.707],[-74.119,8.728],[-74.08,8.775],[-74.073,8.821],[-74.114,8.839],[-74.24,8.798],[-74.317,8.814],[-74.29,8.777],[-74.293,8.726],[-74.275,8.719],[-74.287,8.704],[-74.212,8.65],[-74.177,8.656]]]}},{"type":"Feature","properties":{"name":"Arenal"},"geometry":{"type":"Polygon","coordinates":[[[-73.88,8.472],[-73.951,8.486],[-74.094,8.392],[-74.131,8.397],[-74.315,8.243],[-74.328,8.178],[-74.264,8.16],[-74.161,8.309],[-74.019,8.378],[-73.894,8.383],[-73.872,8.41],[-73.88,8.472]]]}},{"type":"Feature","properties":{"name":"Arjona"},"geometry":{"type":"Polygon","coordinates":[[[-75.296,10.334],[-75.355,10.295],[-75.386,10.297],[-75.386,10.236],[-75.44,10.209],[-75.442,10.165],[-75.494,10.149],[-75.543,10.039],[-75.517,10.025],[-75.47,10.041],[-75.437,10.017],[-75.36,10.091],[-75.248,10.092],[-75.243,10.134],[-75.28,10.161],[-75.249,10.209],[-75.28,10.236],[-75.235,10.278],[-75.258,10.319],[-75.296,10.334]]]}},{"type":"Feature","properties":{"name":"Arroyohondo"},"geometry":{"type":"Polygon","coordinates":[[[-75.073,10.161],[-75.032,10.204],[-74.957,10.214],[-74.96,10.285],[-74.987,10.33],[-75.025,10.315],[-75.017,10.287],[-75.032,10.274],[-75.091,10.267],[-75.098,10.239],[-75.078,10.227],[-75.112,10.167],[-75.073,10.161]]]}},{"type":"Feature","properties":{"name":"Barranco De Loba"},"geometry":{"type":"Polygon","coordinates":[[[-74.177,8.656],[-74.138,8.655],[-74.051,8.736],[-74.06,8.754],[-74.037,8.795],[-74.073,8.832],[-74.08,8.953],[-74.225,8.947],[-74.274,8.862],[-74.361,8.879],[-74.323,8.858],[-74.293,8.808],[-74.24,8.798],[-74.116,8.839],[-74.073,8.821],[-74.08,8.775],[-74.119,8.728],[-74.153,8.707],[-74.204,8.709],[-74.213,8.685],[-74.163,8.687],[-74.177,8.656]]]}},{"type":"Feature","properties":{"name":"Chita"},"geometry":{"type":"Polygon","coordinates":[[[-72.397,6.272],[-72.44,6.283],[-72.452,6.304],[-72.496,6.291],[-72.499,6.253],[-72.553,6.177],[-72.514,6.133],[-72.542,6.07],[-72.539,6.032],[-72.45,5.958],[-72.417,5.904],[-72.336,5.89],[-72.325,5.935],[-72.366,6.037],[-72.318,6.078],[-72.366,6.076],[-72.393,6.188],[-72.419,6.185],[-72.397,6.272]]]}},{"type":"Feature","properties":{"name":"Chitaraque"},"geometry":{"type":"Polygon","coordinates":[[[-73.404,6.056],[-73.454,6.079],[-73.45,6.048],[-73.496,5.987],[-73.466,5.97],[-73.461,5.933],[-73.421,5.889],[-73.369,5.996],[-73.404,6.056]]]}},{"type":"Feature","properties":{"name":"Chivatá"},"geometry":{"type":"Polygon","coordinates":[[[-73.213,5.626],[-73.229,5.637],[-73.253,5.58],[-73.307,5.57],[-73.295,5.525],[-73.238,5.534],[-73.227,5.553],[-73.249,5.57],[-73.213,5.626]]]}},{"type":"Feature","properties":{"name":"Ciénega"},"geometry":{"type":"Polygon","coordinates":[[[-73.222,5.407],[-73.315,5.422],[-73.314,5.45],[-73.33,5.414],[-73.286,5.35],[-73.222,5.407]]]}},{"type":"Feature","properties":{"name":"Combita"},"geometry":{"type":"Polygon","coordinates":[[[-73.264,5.704],[-73.294,5.697],[-73.357,5.806],[-73.382,5.761],[-73.379,5.724],[-73.342,5.68],[-73.365,5.643],[-73.332,5.576],[-73.263,5.671],[-73.264,5.704]]]}},{"type":"Feature","properties":{"name":"Coper"},"geometry":{"type":"Polygon","coordinates":[[[-73.99,5.525],[-74.097,5.476],[-74.093,5.429],[-74.022,5.387],[-74.02,5.366],[-73.991,5.375],[-73.973,5.419],[-73.948,5.418],[-73.951,5.45],[-74.019,5.472],[-73.99,5.525]]]}},{"type":"Feature","properties":{"name":"Corrales"},"geometry":{"type":"Polygon","coordinates":[[[-72.798,5.854],[-72.849,5.878],[-72.859,5.826],[-72.896,5.812],[-72.896,5.795],[-72.877,5.794],[-72.875,5.771],[-72.855,5.774],[-72.798,5.854]]]}},{"type":"Feature","properties":{"name":"Covarachia"},"geometry":{"type":"Polygon","coordinates":[[[-72.704,6.539],[-72.782,6.58],[-72.811,6.542],[-72.736,6.491],[-72.725,6.457],[-72.738,6.44],[-72.72,6.441],[-72.679,6.491],[-72.704,6.539]]]}},{"type":"Feature","properties":{"name":"Cubará"},"geometry":{"type":"Polygon","coordinates":[[[-72.048,7.038],[-72.122,7.028],[-72.186,7.054],[-72.201,7.007],[-72.234,6.979],[-72.255,6.984],[-72.252,7.007],[-72.281,7.01],[-72.35,6.893],[-72.406,6.873],[-72.492,6.924],[-72.501,6.871],[-72.477,6.842],[-72.341,6.847],[-72.297,6.785],[-72.292,6.762],[-72.307,6.759],[-72.288,6.696],[-72.232,6.696],[-72.212,6.738],[-72.14,6.763],[-72.113,6.739],[-72.077,6.751],[-72.051,6.769],[-71.949,7.011],[-72.048,7.038]]]}},{"type":"Feature","properties":{"name":"Cucaita"},"geometry":{"type":"Polygon","coordinates":[[[-73.422,5.561],[-73.491,5.549],[-73.432,5.486],[-73.408,5.51],[-73.422,5.561]]]}},{"type":"Feature","properties":{"name":"Cuìtiva"},"geometry":{"type":"Polygon","coordinates":[[[-72.896,5.614],[-72.923,5.62],[-72.959,5.594],[-73.004,5.593],[-72.95,5.554],[-72.902,5.58],[-72.896,5.614]]]}},{"type":"Feature","properties":{"name":"Chíquiza"},"geometry":{"type":"Polygon","coordinates":[[[-73.382,5.673],[-73.401,5.714],[-73.479,5.678],[-73.484,5.634],[-73.516,5.601],[-73.499,5.56],[-73.411,5.617],[-73.382,5.673]]]}},{"type":"Feature","properties":{"name":"Chivor"},"geometry":{"type":"Polygon","coordinates":[[[-73.299,4.903],[-73.312,4.92],[-73.354,4.893],[-73.376,4.929],[-73.446,4.89],[-73.402,4.88],[-73.365,4.825],[-73.372,4.801],[-73.341,4.791],[-73.299,4.903]]]}},{"type":"Feature","properties":{"name":"Duitama"},"geometry":{"type":"Polygon","coordinates":[[[-73.031,6.021],[-73.062,6.011],[-73.068,5.982],[-73.102,5.962],[-73.143,5.961],[-73.176,5.995],[-73.16,5.95],[-73.129,5.933],[-73.136,5.908],[-73.109,5.891],[-73.119,5.871],[-73.082,5.834],[-73.081,5.776],[-73.065,5.77],[-73.022,5.782],[-73.013,5.809],[-72.992,5.805],[-73.013,5.829],[-73.021,5.928],[-73.049,5.974],[-73.031,6.021]]]}},{"type":"Feature","properties":{"name":"El Cocuy"},"geometry":{"type":"Polygon","coordinates":[[[-72.397,6.272],[-72.355,6.342],[-72.322,6.332],[-72.315,6.361],[-72.333,6.404],[-72.4,6.413],[-72.431,6.44],[-72.485,6.391],[-72.478,6.374],[-72.509,6.37],[-72.511,6.312],[-72.496,6.287],[-72.452,6.304],[-72.44,6.283],[-72.397,6.272]]]}},{"type":"Feature","properties":{"name":"El Espino"},"geometry":{"type":"Polygon","coordinates":[[[-72.421,6.519],[-72.482,6.55],[-72.539,6.488],[-72.476,6.466],[-72.421,6.519]]]}},{"type":"Feature","properties":{"name":"Firavitoba"},"geometry":{"type":"Polygon","coordinates":[[[-72.947,5.714],[-73.024,5.724],[-73.103,5.655],[-73.076,5.628],[-73.063,5.646],[-72.998,5.63],[-72.963,5.649],[-72.947,5.714]]]}},{"type":"Feature","properties":{"name":"Floresta"},"geometry":{"type":"Polygon","coordinates":[[[-72.896,5.795],[-72.892,5.866],[-72.872,5.884],[-72.925,5.929],[-72.976,5.858],[-72.935,5.799],[-72.896,5.795]]]}},{"type":"Feature","properties":{"name":"Gachantivá"},"geometry":{"type":"Polygon","coordinates":[[[-73.5,5.779],[-73.577,5.806],[-73.566,5.678],[-73.54,5.679],[-73.501,5.732],[-73.5,5.779]]]}},{"type":"Feature","properties":{"name":"Gameza"},"geometry":{"type":"Polygon","coordinates":[[[-72.832,5.798],[-72.782,5.767],[-72.655,5.788],[-72.626,5.777],[-72.624,5.817],[-72.632,5.829],[-72.67,5.809],[-72.702,5.836],[-72.749,5.815],[-72.798,5.854],[-72.832,5.798]]]}},{"type":"Feature","properties":{"name":"Garagoa"},"geometry":{"type":"Polygon","coordinates":[[[-73.268,5.155],[-73.364,5.137],[-73.39,5.069],[-73.389,5.015],[-73.297,5.048],[-73.282,5.019],[-73.256,5.046],[-73.256,5.096],[-73.231,5.143],[-73.268,5.155]]]}},{"type":"Feature","properties":{"name":"Guacamayas"},"geometry":{"type":"Polygon","coordinates":[[[-72.539,6.488],[-72.556,6.445],[-72.5,6.398],[-72.471,6.453],[-72.539,6.488]]]}},{"type":"Feature","properties":{"name":"Guateque"},"geometry":{"type":"Polygon","coordinates":[[[-73.474,5.052],[-73.488,5.059],[-73.522,5.018],[-73.498,4.988],[-73.466,4.983],[-73.447,4.998],[-73.483,5.036],[-73.474,5.052]]]}},{"type":"Feature","properties":{"name":"Guayatá"},"geometry":{"type":"Polygon","coordinates":[[[-73.438,4.906],[-73.467,4.944],[-73.466,4.983],[-73.517,4.99],[-73.544,4.945],[-73.539,4.897],[-73.521,4.879],[-73.452,4.883],[-73.438,4.906]]]}},{"type":"Feature","properties":{"name":"Güicán"},"geometry":{"type":"Polygon","coordinates":[[[-72.299,6.716],[-72.346,6.634],[-72.387,6.614],[-72.356,6.554],[-72.382,6.553],[-72.404,6.514],[-72.421,6.519],[-72.444,6.462],[-72.424,6.425],[-72.333,6.404],[-72.315,6.358],[-72.283,6.379],[-72.268,6.442],[-72.235,6.422],[-72.214,6.465],[-72.175,6.463],[-72.178,6.497],[-72.129,6.525],[-72.091,6.646],[-72.1,6.746],[-72.121,6.742],[-72.14,6.763],[-72.212,6.738],[-72.232,6.696],[-72.288,6.696],[-72.299,6.716]]]}},{"type":"Feature","properties":{"name":"Iza"},"geometry":{"type":"Polygon","coordinates":[[[-72.923,5.62],[-72.963,5.649],[-72.989,5.644],[-73.004,5.593],[-72.959,5.594],[-72.923,5.62]]]}},{"type":"Feature","properties":{"name":"Jenesano"},"geometry":{"type":"Polygon","coordinates":[[[-73.336,5.314],[-73.331,5.349],[-73.366,5.362],[-73.352,5.432],[-73.384,5.405],[-73.393,5.422],[-73.426,5.408],[-73.418,5.371],[-73.336,5.314]]]}},{"type":"Feature","properties":{"name":"Jericó"},"geometry":{"type":"Polygon","coordinates":[[[-72.553,6.177],[-72.633,6.204],[-72.656,6.117],[-72.616,6.102],[-72.566,6.119],[-72.542,6.07],[-72.514,6.133],[-72.553,6.177]]]}},{"type":"Feature","properties":{"name":"Labranza Grande"},"geometry":{"type":"Polygon","coordinates":[[[-72.459,5.563],[-72.545,5.624],[-72.539,5.677],[-72.57,5.709],[-72.602,5.621],[-72.699,5.677],[-72.708,5.616],[-72.745,5.57],[-72.663,5.539],[-72.656,5.501],[-72.683,5.491],[-72.652,5.449],[-72.667,5.436],[-72.591,5.424],[-72.589,5.383],[-72.507,5.439],[-72.49,5.482],[-72.442,5.52],[-72.459,5.563]]]}},{"type":"Feature","properties":{"name":"La Capilla"},"geometry":{"type":"Polygon","coordinates":[[[-73.48,5.062],[-73.423,5.108],[-73.437,5.159],[-73.487,5.14],[-73.48,5.062]]]}},{"type":"Feature","properties":{"name":"La Victoria"},"geometry":{"type":"Polygon","coordinates":[[[-74.215,5.498],[-74.223,5.518],[-74.197,5.519],[-74.198,5.553],[-74.213,5.555],[-74.256,5.5],[-74.244,5.476],[-74.215,5.498]]]}},{"type":"Feature","properties":{"name":"La Uvita"},"geometry":{"type":"Polygon","coordinates":[[[-72.499,6.253],[-72.518,6.349],[-72.576,6.351],[-72.564,6.327],[-72.588,6.306],[-72.58,6.278],[-72.591,6.265],[-72.602,6.279],[-72.633,6.204],[-72.553,6.177],[-72.499,6.253]]]}},{"type":"Feature","properties":{"name":"Villa De Leyva"},"geometry":{"type":"Polygon","coordinates":[[[-73.423,5.708],[-73.459,5.727],[-73.523,5.721],[-73.54,5.679],[-73.576,5.692],[-73.59,5.633],[-73.562,5.632],[-73.547,5.599],[-73.516,5.601],[-73.484,5.634],[-73.479,5.678],[-73.443,5.683],[-73.423,5.708]]]}},{"type":"Feature","properties":{"name":"Macanal"},"geometry":{"type":"Polygon","coordinates":[[[-73.299,4.903],[-73.212,4.995],[-73.244,5.068],[-73.282,5.019],[-73.289,5.048],[-73.363,5.02],[-73.343,4.977],[-73.376,4.929],[-73.354,4.893],[-73.312,4.92],[-73.299,4.903]]]}},{"type":"Feature","properties":{"name":"Maripí"},"geometry":{"type":"Polygon","coordinates":[[[-74.018,5.524],[-73.91,5.552],[-73.998,5.612],[-74.026,5.601],[-74.03,5.637],[-74.061,5.649],[-74.095,5.585],[-74.075,5.539],[-74.035,5.497],[-74.018,5.524]]]}},{"type":"Feature","properties":{"name":"Miraflores"},"geometry":{"type":"Polygon","coordinates":[[[-73.248,5.069],[-73.151,5.074],[-73.089,5.15],[-73.104,5.193],[-73.161,5.239],[-73.215,5.232],[-73.24,5.189],[-73.296,5.198],[-73.258,5.173],[-73.268,5.155],[-73.231,5.143],[-73.256,5.096],[-73.248,5.069]]]}},{"type":"Feature","properties":{"name":"Mongua"},"geometry":{"type":"Polygon","coordinates":[[[-72.796,5.772],[-72.823,5.724],[-72.797,5.711],[-72.795,5.661],[-72.753,5.638],[-72.745,5.611],[-72.699,5.641],[-72.699,5.677],[-72.6,5.623],[-72.57,5.709],[-72.584,5.771],[-72.629,5.765],[-72.655,5.788],[-72.796,5.772]]]}},{"type":"Feature","properties":{"name":"Monguì"},"geometry":{"type":"Polygon","coordinates":[[[-72.79,5.687],[-72.859,5.751],[-72.878,5.726],[-72.871,5.689],[-72.819,5.643],[-72.791,5.659],[-72.79,5.687]]]}},{"type":"Feature","properties":{"name":"Moniquira"},"geometry":{"type":"Polygon","coordinates":[[[-73.5,5.779],[-73.487,5.803],[-73.513,5.847],[-73.472,5.822],[-73.464,5.848],[-73.542,5.912],[-73.532,5.945],[-73.593,5.959],[-73.636,5.911],[-73.6,5.869],[-73.626,5.779],[-73.577,5.806],[-73.5,5.779]]]}},{"type":"Feature","properties":{"name":"Motavita"},"geometry":{"type":"Polygon","coordinates":[[[-73.363,5.665],[-73.382,5.673],[-73.411,5.617],[-73.4,5.56],[-73.362,5.556],[-73.339,5.587],[-73.363,5.665]]]}},{"type":"Feature","properties":{"name":"Muzo"},"geometry":{"type":"Polygon","coordinates":[[[-74.047,5.5],[-74.093,5.571],[-74.089,5.603],[-74.162,5.598],[-74.161,5.548],[-74.129,5.527],[-74.176,5.47],[-74.161,5.448],[-74.123,5.429],[-74.116,5.474],[-74.047,5.5]]]}},{"type":"Feature","properties":{"name":"Nuevo Colón"},"geometry":{"type":"Polygon","coordinates":[[[-73.419,5.355],[-73.441,5.415],[-73.448,5.387],[-73.478,5.37],[-73.478,5.289],[-73.419,5.355]]]}},{"type":"Feature","properties":{"name":"Oicata"},"geometry":{"type":"Polygon","coordinates":[[[-73.232,5.627],[-73.267,5.665],[-73.318,5.615],[-73.327,5.58],[-73.253,5.58],[-73.232,5.627]]]}},{"type":"Feature","properties":{"name":"Otanche"},"geometry":{"type":"Polygon","coordinates":[[[-74.159,5.596],[-74.164,5.637],[-74.185,5.64],[-74.172,5.718],[-74.148,5.748],[-74.093,5.76],[-74.079,5.833],[-74.105,5.879],[-74.133,5.876],[-74.18,5.911],[-74.197,5.853],[-74.266,5.835],[-74.304,5.712],[-74.276,5.692],[-74.308,5.648],[-74.207,5.608],[-74.197,5.577],[-74.159,5.596]]]}},{"type":"Feature","properties":{"name":"Pachavita"},"geometry":{"type":"Polygon","coordinates":[[[-73.364,5.137],[-73.386,5.163],[-73.392,5.217],[-73.439,5.149],[-73.384,5.085],[-73.364,5.137]]]}},{"type":"Feature","properties":{"name":"Páez"},"geometry":{"type":"Polygon","coordinates":[[[-73.113,5.112],[-73.071,5.096],[-73.086,5.04],[-73.065,5.011],[-73.027,5.025],[-73.031,4.982],[-73.017,5.003],[-72.975,4.975],[-72.904,5.068],[-72.909,5.103],[-72.929,5.1],[-72.974,5.146],[-72.935,5.213],[-72.982,5.196],[-73.01,5.215],[-73.035,5.174],[-73.089,5.161],[-73.113,5.112]]]}},{"type":"Feature","properties":{"name":"Paipa"},"geometry":{"type":"Polygon","coordinates":[[[-73.176,5.995],[-73.199,6.003],[-73.219,5.981],[-73.221,5.891],[-73.184,5.85],[-73.13,5.855],[-73.174,5.76],[-73.102,5.659],[-73.059,5.687],[-73.068,5.747],[-73.051,5.774],[-73.081,5.776],[-73.082,5.834],[-73.117,5.867],[-73.109,5.891],[-73.136,5.908],[-73.129,5.933],[-73.16,5.95],[-73.176,5.995]]]}},{"type":"Feature","properties":{"name":"Pajarito"},"geometry":{"type":"Polygon","coordinates":[[[-72.591,5.424],[-72.704,5.445],[-72.708,5.479],[-72.727,5.487],[-72.785,5.437],[-72.815,5.381],[-72.726,5.318],[-72.701,5.273],[-72.633,5.342],[-72.58,5.35],[-72.567,5.373],[-72.6,5.398],[-72.591,5.424]]]}},{"type":"Feature","properties":{"name":"Panqueba"},"geometry":{"type":"Polygon","coordinates":[[[-72.431,6.44],[-72.437,6.495],[-72.457,6.49],[-72.486,6.464],[-72.472,6.447],[-72.497,6.401],[-72.478,6.391],[-72.431,6.44]]]}},{"type":"Feature","properties":{"name":"Pauna"},"geometry":{"type":"Polygon","coordinates":[[[-73.949,5.566],[-73.898,5.62],[-73.937,5.633],[-73.946,5.694],[-73.992,5.729],[-74.026,5.807],[-74.079,5.819],[-74.093,5.754],[-74.039,5.706],[-74.061,5.649],[-74.03,5.637],[-74.026,5.601],[-73.998,5.612],[-73.956,5.592],[-73.949,5.566]]]}},{"type":"Feature","properties":{"name":"Paya"},"geometry":{"type":"Polygon","coordinates":[[[-72.444,5.521],[-72.421,5.563],[-72.397,5.57],[-72.338,5.501],[-72.301,5.506],[-72.287,5.606],[-72.263,5.634],[-72.272,5.662],[-72.221,5.676],[-72.25,5.685],[-72.28,5.75],[-72.297,5.755],[-72.327,5.688],[-72.448,5.68],[-72.46,5.702],[-72.489,5.664],[-72.518,5.601],[-72.459,5.563],[-72.444,5.521]]]}},{"type":"Feature","properties":{"name":"Paz De Río"},"geometry":{"type":"Polygon","coordinates":[[[-72.702,6.018],[-72.72,6.028],[-72.719,6.066],[-72.81,6.095],[-72.814,6.026],[-72.791,6.007],[-72.815,5.965],[-72.779,5.954],[-72.702,6.018]]]}},{"type":"Feature","properties":{"name":"Pesca"},"geometry":{"type":"Polygon","coordinates":[[[-73.063,5.646],[-73.147,5.482],[-73.124,5.456],[-73.142,5.413],[-73.121,5.385],[-73.132,5.368],[-73.11,5.348],[-73.042,5.384],[-73.055,5.405],[-73.04,5.432],[-73.072,5.436],[-72.995,5.628],[-73.063,5.646]]]}},{"type":"Feature","properties":{"name":"Pisba"},"geometry":{"type":"Polygon","coordinates":[[[-72.515,5.609],[-72.46,5.702],[-72.448,5.68],[-72.324,5.69],[-72.298,5.744],[-72.303,5.789],[-72.459,5.851],[-72.512,5.792],[-72.584,5.771],[-72.581,5.709],[-72.539,5.677],[-72.545,5.624],[-72.515,5.609]]]}},{"type":"Feature","properties":{"name":"Puerto Boyacá"},"geometry":{"type":"Polygon","coordinates":[[[-74.665,5.769],[-74.643,5.735],[-74.627,5.762],[-74.597,5.743],[-74.531,5.791],[-74.431,5.758],[-74.334,5.837],[-74.292,5.763],[-74.262,5.817],[-74.275,5.868],[-74.224,5.923],[-74.239,5.944],[-74.222,5.968],[-74.26,6.012],[-74.259,6.066],[-74.298,6.084],[-74.337,6.065],[-74.348,6.039],[-74.383,6.04],[-74.408,6.086],[-74.452,6.099],[-74.453,6.136],[-74.479,6.16],[-74.47,6.201],[-74.508,6.216],[-74.527,6.274],[-74.611,6.13],[-74.562,6.078],[-74.563,6.002],[-74.612,5.97],[-74.585,5.903],[-74.638,5.866],[-74.665,5.769]]]}},{"type":"Feature","properties":{"name":"Quípama"},"geometry":{"type":"Polygon","coordinates":[[[-74.224,5.517],[-74.176,5.46],[-74.135,5.505],[-74.13,5.529],[-74.161,5.548],[-74.162,5.598],[-74.197,5.577],[-74.207,5.608],[-74.256,5.639],[-74.306,5.638],[-74.315,5.621],[-74.291,5.569],[-74.24,5.539],[-74.198,5.553],[-74.197,5.519],[-74.224,5.517]]]}},{"type":"Feature","properties":{"name":"Ramiriquí"},"geometry":{"type":"Polygon","coordinates":[[[-73.315,5.443],[-73.352,5.432],[-73.366,5.362],[-73.331,5.349],[-73.336,5.314],[-73.308,5.277],[-73.33,5.262],[-73.325,5.239],[-73.283,5.207],[-73.247,5.23],[-73.28,5.246],[-73.288,5.277],[-73.263,5.322],[-73.282,5.325],[-73.323,5.392],[-73.315,5.443]]]}},{"type":"Feature","properties":{"name":"Ráquira"},"geometry":{"type":"Polygon","coordinates":[[[-73.58,5.59],[-73.665,5.538],[-73.678,5.546],[-73.696,5.503],[-73.732,5.483],[-73.742,5.469],[-73.72,5.478],[-73.695,5.446],[-73.677,5.459],[-73.68,5.436],[-73.651,5.415],[-73.597,5.417],[-73.601,5.46],[-73.536,5.5],[-73.558,5.509],[-73.58,5.59]]]}},{"type":"Feature","properties":{"name":"Rondón"},"geometry":{"type":"Polygon","coordinates":[[[-73.286,5.35],[-73.282,5.325],[-73.263,5.322],[-73.266,5.287],[-73.238,5.285],[-73.158,5.351],[-73.142,5.342],[-73.121,5.385],[-73.142,5.413],[-73.124,5.456],[-73.147,5.482],[-73.204,5.457],[-73.243,5.377],[-73.286,5.35]]]}},{"type":"Feature","properties":{"name":"Saboyá"},"geometry":{"type":"Polygon","coordinates":[[[-73.652,5.712],[-73.714,5.782],[-73.763,5.773],[-73.812,5.715],[-73.819,5.737],[-73.843,5.737],[-73.886,5.69],[-73.834,5.705],[-73.835,5.667],[-73.806,5.641],[-73.689,5.627],[-73.652,5.712]]]}},{"type":"Feature","properties":{"name":"Sáchica"},"geometry":{"type":"Polygon","coordinates":[[[-73.516,5.601],[-73.547,5.599],[-73.562,5.632],[-73.582,5.628],[-73.577,5.561],[-73.55,5.522],[-73.499,5.56],[-73.516,5.601]]]}},{"type":"Feature","properties":{"name":"Samacá"},"geometry":{"type":"Polygon","coordinates":[[[-73.432,5.486],[-73.499,5.56],[-73.559,5.518],[-73.537,5.498],[-73.601,5.46],[-73.593,5.422],[-73.619,5.405],[-73.562,5.404],[-73.496,5.439],[-73.477,5.427],[-73.457,5.448],[-73.432,5.486]]]}},{"type":"Feature","properties":{"name":"San Eduardo"},"geometry":{"type":"Polygon","coordinates":[[[-73.058,5.161],[-72.995,5.255],[-73.042,5.312],[-73.058,5.308],[-73.071,5.264],[-73.101,5.241],[-73.102,5.21],[-73.073,5.196],[-73.058,5.161]]]}},{"type":"Feature","properties":{"name":"San José De Pare"},"geometry":{"type":"Polygon","coordinates":[[[-73.486,6.002],[-73.534,6.05],[-73.586,6.006],[-73.593,5.959],[-73.55,5.951],[-73.486,6.002]]]}},{"type":"Feature","properties":{"name":"San Luis De Gaceno"},"geometry":{"type":"Polygon","coordinates":[[[-73.029,4.992],[-73.057,4.998],[-73.185,4.872],[-73.228,4.851],[-73.199,4.815],[-73.24,4.784],[-73.201,4.778],[-73.17,4.735],[-73.209,4.686],[-73.194,4.672],[-73.106,4.66],[-73.072,4.739],[-73.046,4.746],[-73.078,4.811],[-73.041,4.878],[-73.049,4.922],[-73.029,4.992]]]}},{"type":"Feature","properties":{"name":"San Mateo"},"geometry":{"type":"Polygon","coordinates":[[[-72.478,6.374],[-72.548,6.426],[-72.548,6.487],[-72.623,6.441],[-72.622,6.414],[-72.603,6.411],[-72.565,6.344],[-72.518,6.349],[-72.509,6.37],[-72.478,6.374]]]}},{"type":"Feature","properties":{"name":"San Miguel De Sema"},"geometry":{"type":"Polygon","coordinates":[[[-73.693,5.525],[-73.72,5.537],[-73.713,5.578],[-73.716,5.59],[-73.723,5.571],[-73.78,5.595],[-73.792,5.532],[-73.769,5.487],[-73.738,5.473],[-73.693,5.525]]]}},{"type":"Feature","properties":{"name":"San Pablo De Borbur"},"geometry":{"type":"Polygon","coordinates":[[[-74.09,5.6],[-74.042,5.714],[-74.093,5.76],[-74.156,5.743],[-74.185,5.64],[-74.164,5.637],[-74.159,5.596],[-74.09,5.6]]]}},{"type":"Feature","properties":{"name":"Santana"},"geometry":{"type":"Polygon","coordinates":[[[-73.454,6.079],[-73.497,6.108],[-73.527,6.077],[-73.53,6.042],[-73.491,6.002],[-73.45,6.048],[-73.454,6.079]]]}},{"type":"Feature","properties":{"name":"Santa María"},"geometry":{"type":"Polygon","coordinates":[[[-73.341,4.791],[-73.313,4.77],[-73.303,4.729],[-73.223,4.733],[-73.235,4.695],[-73.221,4.677],[-73.17,4.732],[-73.201,4.778],[-73.24,4.784],[-73.199,4.815],[-73.228,4.851],[-73.185,4.872],[-73.175,4.896],[-73.213,4.906],[-73.223,4.973],[-73.299,4.903],[-73.341,4.791]]]}},{"type":"Feature","properties":{"name":"Santa Rosa De Viterbo"},"geometry":{"type":"Polygon","coordinates":[[[-73.013,5.829],[-72.986,5.787],[-72.943,5.807],[-72.976,5.858],[-72.928,5.924],[-73.002,5.939],[-73.031,6.021],[-73.049,5.974],[-73.021,5.928],[-73.013,5.829]]]}},{"type":"Feature","properties":{"name":"Santa Sofía"},"geometry":{"type":"Polygon","coordinates":[[[-73.582,5.79],[-73.626,5.779],[-73.653,5.703],[-73.578,5.675],[-73.565,5.71],[-73.582,5.772],[-73.567,5.775],[-73.582,5.79]]]}},{"type":"Feature","properties":{"name":"Sativanorte"},"geometry":{"type":"Polygon","coordinates":[[[-72.635,6.181],[-72.681,6.183],[-72.717,6.157],[-72.768,6.15],[-72.761,6.174],[-72.783,6.18],[-72.825,6.158],[-72.838,6.131],[-72.802,6.09],[-72.712,6.102],[-72.701,6.076],[-72.673,6.069],[-72.654,6.083],[-72.635,6.181]]]}},{"type":"Feature","properties":{"name":"Sativasur"},"geometry":{"type":"Polygon","coordinates":[[[-72.702,6.018],[-72.654,6.083],[-72.677,6.069],[-72.712,6.102],[-72.794,6.103],[-72.719,6.066],[-72.72,6.028],[-72.702,6.018]]]}},{"type":"Feature","properties":{"name":"Siachoque"},"geometry":{"type":"Polygon","coordinates":[[[-73.285,5.524],[-73.286,5.485],[-73.216,5.44],[-73.145,5.48],[-73.135,5.506],[-73.228,5.554],[-73.238,5.534],[-73.285,5.524]]]}},{"type":"Feature","properties":{"name":"Soatá"},"geometry":{"type":"Polygon","coordinates":[[[-72.655,6.378],[-72.714,6.384],[-72.748,6.348],[-72.755,6.28],[-72.723,6.298],[-72.688,6.258],[-72.651,6.268],[-72.655,6.378]]]}},{"type":"Feature","properties":{"name":"Socotá"},"geometry":{"type":"Polygon","coordinates":[[[-72.527,6.009],[-72.566,6.119],[-72.616,6.102],[-72.656,6.117],[-72.641,6.035],[-72.657,5.998],[-72.633,5.974],[-72.652,5.915],[-72.616,5.905],[-72.629,5.765],[-72.512,5.792],[-72.416,5.904],[-72.45,5.958],[-72.527,6.009]]]}},{"type":"Feature","properties":{"name":"Socha"},"geometry":{"type":"Polygon","coordinates":[[[-72.743,5.988],[-72.734,5.951],[-72.713,5.942],[-72.727,5.93],[-72.71,5.891],[-72.674,5.868],[-72.653,5.883],[-72.633,5.974],[-72.657,5.998],[-72.65,6.06],[-72.743,5.988]]]}},{"type":"Feature","properties":{"name":"Sogamoso"},"geometry":{"type":"Polygon","coordinates":[[[-72.956,5.636],[-72.811,5.584],[-72.771,5.644],[-72.791,5.659],[-72.825,5.646],[-72.871,5.689],[-72.871,5.742],[-72.883,5.768],[-72.945,5.748],[-72.971,5.665],[-72.956,5.636]]]}},{"type":"Feature","properties":{"name":"Somondoco"},"geometry":{"type":"Polygon","coordinates":[[[-73.378,5.009],[-73.47,4.98],[-73.45,4.909],[-73.402,4.962],[-73.378,5.009]]]}},{"type":"Feature","properties":{"name":"Sora"},"geometry":{"type":"Polygon","coordinates":[[[-73.422,5.561],[-73.395,5.587],[-73.416,5.62],[-73.499,5.56],[-73.422,5.561]]]}},{"type":"Feature","properties":{"name":"Sotaquirá"},"geometry":{"type":"Polygon","coordinates":[[[-73.294,5.697],[-73.199,5.742],[-73.181,5.716],[-73.156,5.727],[-73.171,5.788],[-73.13,5.855],[-73.184,5.85],[-73.247,5.816],[-73.27,5.854],[-73.329,5.852],[-73.351,5.873],[-73.343,5.768],[-73.294,5.697]]]}},{"type":"Feature","properties":{"name":"Soracá"},"geometry":{"type":"Polygon","coordinates":[[[-73.308,5.543],[-73.358,5.498],[-73.361,5.474],[-73.339,5.468],[-73.332,5.44],[-73.278,5.507],[-73.308,5.543]]]}},{"type":"Feature","properties":{"name":"Susacón"},"geometry":{"type":"Polygon","coordinates":[[[-72.635,6.181],[-72.641,6.279],[-72.688,6.258],[-72.728,6.298],[-72.746,6.275],[-72.745,6.229],[-72.804,6.216],[-72.825,6.158],[-72.783,6.18],[-72.761,6.174],[-72.768,6.15],[-72.717,6.157],[-72.681,6.183],[-72.635,6.181]]]}},{"type":"Feature","properties":{"name":"Sutamarchàn"},"geometry":{"type":"Polygon","coordinates":[[[-73.578,5.675],[-73.653,5.703],[-73.67,5.676],[-73.674,5.615],[-73.633,5.614],[-73.625,5.57],[-73.58,5.59],[-73.591,5.649],[-73.578,5.675]]]}},{"type":"Feature","properties":{"name":"Sutatenza"},"geometry":{"type":"Polygon","coordinates":[[[-73.394,5.048],[-73.419,5.056],[-73.436,5.037],[-73.474,5.052],[-73.483,5.036],[-73.445,4.994],[-73.389,5.015],[-73.394,5.048]]]}},{"type":"Feature","properties":{"name":"Tasco"},"geometry":{"type":"Polygon","coordinates":[[[-72.827,5.879],[-72.749,5.815],[-72.702,5.836],[-72.665,5.809],[-72.632,5.829],[-72.616,5.905],[-72.651,5.907],[-72.653,5.883],[-72.695,5.871],[-72.745,5.988],[-72.827,5.879]]]}},{"type":"Feature","properties":{"name":"Tenza"},"geometry":{"type":"Polygon","coordinates":[[[-73.384,5.085],[-73.42,5.122],[-73.433,5.087],[-73.48,5.062],[-73.428,5.038],[-73.419,5.056],[-73.394,5.048],[-73.384,5.085]]]}},{"type":"Feature","properties":{"name":"Tibana"},"geometry":{"type":"Polygon","coordinates":[[[-73.418,5.371],[-73.455,5.31],[-73.429,5.301],[-73.449,5.247],[-73.401,5.243],[-73.347,5.282],[-73.33,5.262],[-73.309,5.272],[-73.329,5.311],[-73.418,5.371]]]}},{"type":"Feature","properties":{"name":"Tinjacá"},"geometry":{"type":"Polygon","coordinates":[[[-73.625,5.57],[-73.633,5.614],[-73.67,5.611],[-73.681,5.637],[-73.719,5.596],[-73.72,5.537],[-73.693,5.525],[-73.625,5.57]]]}},{"type":"Feature","properties":{"name":"Tipacoque"},"geometry":{"type":"Polygon","coordinates":[[[-72.738,6.44],[-72.726,6.372],[-72.655,6.378],[-72.68,6.483],[-72.738,6.44]]]}},{"type":"Feature","properties":{"name":"Toca"},"geometry":{"type":"Polygon","coordinates":[[[-73.249,5.57],[-73.135,5.506],[-73.079,5.618],[-73.13,5.634],[-73.166,5.624],[-73.189,5.652],[-73.249,5.57]]]}},{"type":"Feature","properties":{"name":"Togüí"},"geometry":{"type":"Polygon","coordinates":[[[-73.496,5.987],[-73.55,5.953],[-73.528,5.941],[-73.543,5.915],[-73.464,5.848],[-73.457,5.89],[-73.434,5.9],[-73.466,5.97],[-73.496,5.987]]]}},{"type":"Feature","properties":{"name":"Tópaga"},"geometry":{"type":"Polygon","coordinates":[[[-72.875,5.771],[-72.871,5.742],[-72.825,5.737],[-72.796,5.772],[-72.832,5.798],[-72.875,5.771]]]}},{"type":"Feature","properties":{"name":"Tota"},"geometry":{"type":"Polygon","coordinates":[[[-73.004,5.593],[-73.072,5.436],[-73.04,5.432],[-73.055,5.405],[-73.045,5.36],[-73.01,5.387],[-72.991,5.46],[-72.921,5.547],[-72.926,5.567],[-72.95,5.554],[-73.004,5.593]]]}},{"type":"Feature","properties":{"name":"Tununguá"},"geometry":{"type":"Polygon","coordinates":[[[-73.946,5.694],[-73.914,5.713],[-73.9,5.737],[-73.975,5.73],[-73.971,5.703],[-73.946,5.694]]]}},{"type":"Feature","properties":{"name":"Turmequé"},"geometry":{"type":"Polygon","coordinates":[[[-73.478,5.37],[-73.552,5.327],[-73.515,5.233],[-73.469,5.317],[-73.478,5.37]]]}},{"type":"Feature","properties":{"name":"Tuta"},"geometry":{"type":"Polygon","coordinates":[[[-73.213,5.626],[-73.189,5.652],[-73.166,5.624],[-73.076,5.628],[-73.156,5.727],[-73.181,5.716],[-73.199,5.742],[-73.271,5.686],[-73.253,5.634],[-73.213,5.626]]]}},{"type":"Feature","properties":{"name":"Tutazá"},"geometry":{"type":"Polygon","coordinates":[[[-72.81,6.095],[-72.838,6.131],[-72.829,6.153],[-72.868,6.145],[-72.873,6.125],[-72.923,6.098],[-72.846,6.007],[-72.812,6.023],[-72.81,6.095]]]}},{"type":"Feature","properties":{"name":"Umbita"},"geometry":{"type":"Polygon","coordinates":[[[-73.437,5.159],[-73.392,5.217],[-73.405,5.255],[-73.449,5.247],[-73.429,5.301],[-73.452,5.304],[-73.515,5.239],[-73.523,5.2],[-73.505,5.152],[-73.437,5.159]]]}},{"type":"Feature","properties":{"name":"Ventaquemada"},"geometry":{"type":"Polygon","coordinates":[[[-73.45,5.385],[-73.416,5.448],[-73.447,5.469],[-73.477,5.427],[-73.496,5.439],[-73.593,5.398],[-73.599,5.319],[-73.55,5.298],[-73.55,5.332],[-73.45,5.385]]]}},{"type":"Feature","properties":{"name":"Viracachá"},"geometry":{"type":"Polygon","coordinates":[[[-73.222,5.407],[-73.213,5.434],[-73.233,5.456],[-73.283,5.488],[-73.31,5.466],[-73.315,5.422],[-73.222,5.407]]]}},{"type":"Feature","properties":{"name":"Zetaquirá"},"geometry":{"type":"Polygon","coordinates":[[[-73.148,5.229],[-73.117,5.271],[-73.042,5.312],[-73.05,5.373],[-73.11,5.348],[-73.158,5.351],[-73.234,5.285],[-73.273,5.299],[-73.288,5.277],[-73.28,5.246],[-73.247,5.23],[-73.296,5.198],[-73.258,5.185],[-73.207,5.236],[-73.148,5.229]]]}},{"type":"Feature","properties":{"name":"Manizales"},"geometry":{"type":"Polygon","coordinates":[[[-75.349,5.109],[-75.37,5.149],[-75.409,5.147],[-75.44,5.123],[-75.491,5.145],[-75.526,5.113],[-75.564,5.157],[-75.642,5.151],[-75.662,5.166],[-75.678,5.138],[-75.662,5.107],[-75.674,5.086],[-75.597,5.046],[-75.605,5.016],[-75.585,4.982],[-75.536,5.005],[-75.516,5.052],[-75.475,5.027],[-75.337,5.012],[-75.328,5.042],[-75.37,5.064],[-75.349,5.109]]]}},{"type":"Feature","properties":{"name":"Aguadas"},"geometry":{"type":"Polygon","coordinates":[[[-75.478,5.664],[-75.599,5.737],[-75.599,5.681],[-75.573,5.667],[-75.59,5.644],[-75.571,5.544],[-75.517,5.582],[-75.493,5.582],[-75.466,5.552],[-75.43,5.556],[-75.409,5.505],[-75.372,5.496],[-75.381,5.42],[-75.327,5.437],[-75.311,5.509],[-75.329,5.525],[-75.34,5.603],[-75.383,5.622],[-75.376,5.673],[-75.43,5.696],[-75.478,5.664]]]}},{"type":"Feature","properties":{"name":"Anserma"},"geometry":{"type":"Polygon","coordinates":[[[-75.662,5.166],[-75.704,5.211],[-75.694,5.259],[-75.735,5.264],[-75.748,5.284],[-75.824,5.27],[-75.802,5.2],[-75.837,5.115],[-75.811,5.117],[-75.795,5.164],[-75.763,5.176],[-75.704,5.112],[-75.662,5.166]]]}},{"type":"Feature","properties":{"name":"Aranzazu"},"geometry":{"type":"Polygon","coordinates":[[[-75.372,5.222],[-75.407,5.291],[-75.452,5.291],[-75.494,5.347],[-75.541,5.328],[-75.518,5.303],[-75.519,5.273],[-75.549,5.256],[-75.552,5.211],[-75.492,5.233],[-75.452,5.212],[-75.421,5.239],[-75.372,5.222]]]}},{"type":"Feature","properties":{"name":"Belalcázar"},"geometry":{"type":"Polygon","coordinates":[[[-75.743,5.051],[-75.802,5.069],[-75.861,5.005],[-75.867,4.934],[-75.815,4.919],[-75.792,4.938],[-75.781,5.01],[-75.743,5.051]]]}},{"type":"Feature","properties":{"name":"Chinchiná"},"geometry":{"type":"Polygon","coordinates":[[[-75.603,5.015],[-75.628,4.991],[-75.677,4.994],[-75.709,5.033],[-75.71,5.078],[-75.747,5.047],[-75.698,4.944],[-75.655,4.946],[-75.64,4.975],[-75.623,4.971],[-75.617,4.931],[-75.575,4.933],[-75.603,5.015]]]}},{"type":"Feature","properties":{"name":"Filadelfia"},"geometry":{"type":"Polygon","coordinates":[[[-75.518,5.303],[-75.542,5.358],[-75.593,5.353],[-75.61,5.375],[-75.667,5.276],[-75.641,5.225],[-75.554,5.208],[-75.549,5.256],[-75.519,5.273],[-75.518,5.303]]]}},{"type":"Feature","properties":{"name":"La Dorada"},"geometry":{"type":"Polygon","coordinates":[[[-74.739,5.699],[-74.815,5.587],[-74.775,5.574],[-74.718,5.585],[-74.701,5.565],[-74.726,5.564],[-74.706,5.518],[-74.759,5.472],[-74.741,5.453],[-74.795,5.398],[-74.794,5.368],[-74.769,5.356],[-74.813,5.316],[-74.754,5.282],[-74.715,5.315],[-74.707,5.371],[-74.68,5.373],[-74.676,5.438],[-74.65,5.442],[-74.675,5.515],[-74.641,5.54],[-74.653,5.575],[-74.629,5.632],[-74.63,5.703],[-74.652,5.71],[-74.681,5.779],[-74.714,5.772],[-74.739,5.699]]]}},{"type":"Feature","properties":{"name":"La Merced"},"geometry":{"type":"Polygon","coordinates":[[[-75.511,5.334],[-75.532,5.442],[-75.582,5.457],[-75.607,5.376],[-75.593,5.353],[-75.542,5.358],[-75.541,5.328],[-75.511,5.334]]]}},{"type":"Feature","properties":{"name":"Manzanares"},"geometry":{"type":"Polygon","coordinates":[[[-75.209,5.175],[-75.113,5.163],[-75.061,5.257],[-75.085,5.288],[-75.13,5.281],[-75.118,5.31],[-75.183,5.267],[-75.21,5.286],[-75.241,5.254],[-75.209,5.175]]]}},{"type":"Feature","properties":{"name":"Marmato"},"geometry":{"type":"Polygon","coordinates":[[[-75.582,5.457],[-75.577,5.516],[-75.641,5.53],[-75.615,5.502],[-75.614,5.456],[-75.582,5.457]]]}},{"type":"Feature","properties":{"name":"Marquetalia"},"geometry":{"type":"Polygon","coordinates":[[[-75.06,5.27],[-74.97,5.297],[-74.963,5.342],[-74.992,5.344],[-75.009,5.324],[-75.032,5.345],[-75.125,5.303],[-75.13,5.281],[-75.105,5.293],[-75.06,5.27]]]}},{"type":"Feature","properties":{"name":"Marulanda"},"geometry":{"type":"Polygon","coordinates":[[[-75.338,5.045],[-75.345,5.081],[-75.288,5.138],[-75.235,5.126],[-75.167,5.169],[-75.209,5.175],[-75.243,5.238],[-75.205,5.304],[-75.211,5.35],[-75.238,5.377],[-75.287,5.335],[-75.349,5.329],[-75.372,5.222],[-75.321,5.184],[-75.318,5.136],[-75.327,5.112],[-75.357,5.107],[-75.37,5.064],[-75.338,5.045]]]}},{"type":"Feature","properties":{"name":"Neira"},"geometry":{"type":"Polygon","coordinates":[[[-75.349,5.109],[-75.321,5.123],[-75.32,5.18],[-75.379,5.227],[-75.421,5.239],[-75.452,5.212],[-75.492,5.233],[-75.575,5.203],[-75.641,5.225],[-75.667,5.276],[-75.698,5.251],[-75.695,5.185],[-75.642,5.151],[-75.564,5.157],[-75.526,5.113],[-75.491,5.145],[-75.44,5.123],[-75.409,5.147],[-75.357,5.147],[-75.349,5.109]]]}},{"type":"Feature","properties":{"name":"Norcasia"},"geometry":{"type":"Polygon","coordinates":[[[-74.88,5.746],[-74.889,5.719],[-74.861,5.67],[-74.887,5.622],[-74.905,5.62],[-74.91,5.639],[-74.937,5.621],[-74.934,5.576],[-74.972,5.548],[-74.934,5.529],[-74.903,5.565],[-74.863,5.568],[-74.792,5.615],[-74.785,5.644],[-74.74,5.679],[-74.752,5.691],[-74.739,5.699],[-74.805,5.698],[-74.841,5.738],[-74.88,5.746]]]}},{"type":"Feature","properties":{"name":"Pácora"},"geometry":{"type":"Polygon","coordinates":[[[-75.571,5.544],[-75.582,5.457],[-75.562,5.444],[-75.532,5.442],[-75.52,5.467],[-75.493,5.444],[-75.439,5.452],[-75.381,5.42],[-75.372,5.496],[-75.409,5.505],[-75.43,5.556],[-75.466,5.552],[-75.493,5.582],[-75.517,5.582],[-75.571,5.544]]]}},{"type":"Feature","properties":{"name":"Palestina"},"geometry":{"type":"Polygon","coordinates":[[[-75.677,5.141],[-75.704,5.126],[-75.711,5.039],[-75.677,4.994],[-75.628,4.991],[-75.606,5.005],[-75.597,5.046],[-75.667,5.078],[-75.677,5.141]]]}},{"type":"Feature","properties":{"name":"Pensilvania"},"geometry":{"type":"Polygon","coordinates":[[[-75.316,5.459],[-75.282,5.439],[-75.314,5.366],[-75.277,5.346],[-75.238,5.377],[-75.211,5.35],[-75.194,5.266],[-75.035,5.344],[-75.037,5.38],[-75.078,5.402],[-75.084,5.506],[-75.104,5.499],[-75.116,5.54],[-75.221,5.503],[-75.276,5.419],[-75.283,5.476],[-75.316,5.459]]]}},{"type":"Feature","properties":{"name":"Risaralda"},"geometry":{"type":"Polygon","coordinates":[[[-75.811,5.117],[-75.839,5.108],[-75.841,5.078],[-75.821,5.107],[-75.793,5.108],[-75.803,5.126],[-75.782,5.122],[-75.76,5.102],[-75.774,5.063],[-75.743,5.051],[-75.697,5.092],[-75.76,5.157],[-75.746,5.173],[-75.795,5.164],[-75.811,5.117]]]}},{"type":"Feature","properties":{"name":"Salamina"},"geometry":{"type":"Polygon","coordinates":[[[-75.381,5.42],[-75.439,5.452],[-75.493,5.444],[-75.52,5.467],[-75.532,5.442],[-75.511,5.334],[-75.494,5.347],[-75.452,5.291],[-75.407,5.291],[-75.372,5.222],[-75.349,5.329],[-75.282,5.34],[-75.317,5.379],[-75.281,5.411],[-75.282,5.439],[-75.315,5.461],[-75.339,5.429],[-75.381,5.42]]]}},{"type":"Feature","properties":{"name":"Samana"},"geometry":{"type":"Polygon","coordinates":[[[-74.963,5.342],[-74.914,5.402],[-74.919,5.464],[-74.89,5.558],[-74.903,5.565],[-74.934,5.529],[-74.972,5.548],[-74.934,5.576],[-74.937,5.621],[-74.91,5.639],[-74.905,5.62],[-74.887,5.622],[-74.861,5.67],[-74.889,5.719],[-74.881,5.745],[-74.993,5.715],[-75.009,5.682],[-75.087,5.661],[-75.091,5.586],[-75.133,5.547],[-75.101,5.527],[-75.104,5.499],[-75.084,5.506],[-75.08,5.406],[-75.037,5.38],[-75.037,5.344],[-75.02,5.347],[-75.009,5.324],[-74.992,5.344],[-74.963,5.342]]]}},{"type":"Feature","properties":{"name":"San José"},"geometry":{"type":"Polygon","coordinates":[[[-75.774,5.063],[-75.76,5.102],[-75.803,5.126],[-75.793,5.108],[-75.846,5.082],[-75.859,5.005],[-75.802,5.069],[-75.774,5.063]]]}},{"type":"Feature","properties":{"name":"Supia"},"geometry":{"type":"Polygon","coordinates":[[[-75.607,5.376],[-75.585,5.446],[-75.614,5.456],[-75.615,5.502],[-75.641,5.53],[-75.688,5.519],[-75.704,5.538],[-75.676,5.503],[-75.671,5.416],[-75.646,5.38],[-75.607,5.376]]]}},{"type":"Feature","properties":{"name":"Victoria"},"geometry":{"type":"Polygon","coordinates":[[[-74.813,5.604],[-74.893,5.553],[-74.919,5.464],[-74.914,5.402],[-74.964,5.341],[-74.968,5.301],[-74.931,5.313],[-74.874,5.295],[-74.827,5.319],[-74.79,5.299],[-74.813,5.316],[-74.769,5.356],[-74.794,5.368],[-74.795,5.398],[-74.741,5.453],[-74.759,5.472],[-74.706,5.518],[-74.726,5.564],[-74.701,5.565],[-74.718,5.585],[-74.782,5.576],[-74.815,5.587],[-74.813,5.604]]]}},{"type":"Feature","properties":{"name":"Villamaria"},"geometry":{"type":"Polygon","coordinates":[[[-75.588,4.984],[-75.586,4.94],[-75.537,4.917],[-75.48,4.916],[-75.406,4.804],[-75.375,4.803],[-75.325,4.863],[-75.319,4.893],[-75.341,4.909],[-75.354,4.963],[-75.318,5.014],[-75.328,5.042],[-75.332,5.017],[-75.353,5.012],[-75.475,5.027],[-75.516,5.052],[-75.536,5.005],[-75.588,4.984]]]}},{"type":"Feature","properties":{"name":"Viterbo"},"geometry":{"type":"Polygon","coordinates":[[[-75.811,5.117],[-75.892,5.131],[-75.917,5.079],[-75.897,4.973],[-75.864,4.942],[-75.85,5.071],[-75.839,5.108],[-75.824,5.109],[-75.811,5.117]]]}},{"type":"Feature","properties":{"name":"Florencia"},"geometry":{"type":"Polygon","coordinates":[[[-75.404,1.769],[-75.408,1.809],[-75.355,1.867],[-75.341,1.973],[-75.393,1.995],[-75.384,2.125],[-75.426,2.195],[-75.444,2.145],[-75.535,2.118],[-75.588,2.011],[-75.641,1.958],[-75.652,1.901],[-75.702,1.866],[-75.737,1.782],[-75.787,1.758],[-75.758,1.678],[-75.806,1.607],[-75.737,1.534],[-75.733,1.489],[-75.705,1.509],[-75.696,1.489],[-75.664,1.496],[-75.634,1.441],[-75.6,1.423],[-75.589,1.385],[-75.603,1.362],[-75.576,1.322],[-75.476,1.349],[-75.456,1.454],[-75.486,1.594],[-75.441,1.692],[-75.419,1.699],[-75.435,1.714],[-75.418,1.741],[-75.427,1.757],[-75.404,1.769]]]}},{"type":"Feature","properties":{"name":"Albania"},"geometry":{"type":"Polygon","coordinates":[[[-75.757,1.189],[-75.795,1.215],[-75.854,1.342],[-75.891,1.367],[-75.952,1.325],[-75.963,1.275],[-75.994,1.247],[-75.957,1.183],[-75.911,1.151],[-75.92,1.095],[-75.815,1.111],[-75.81,1.173],[-75.778,1.166],[-75.757,1.189]]]}},{"type":"Feature","properties":{"name":"Belén De Los Andaquíes"},"geometry":{"type":"Polygon","coordinates":[[[-75.786,1.763],[-75.83,1.747],[-75.844,1.723],[-75.912,1.712],[-75.953,1.664],[-75.98,1.658],[-75.983,1.621],[-76.034,1.583],[-76.087,1.577],[-76.103,1.523],[-76.075,1.504],[-76.025,1.529],[-75.992,1.417],[-75.919,1.358],[-75.891,1.367],[-75.858,1.346],[-75.795,1.215],[-75.74,1.187],[-75.716,1.206],[-75.754,1.299],[-75.737,1.422],[-75.777,1.456],[-75.782,1.528],[-75.809,1.534],[-75.779,1.583],[-75.803,1.622],[-75.758,1.678],[-75.787,1.726],[-75.786,1.763]]]}},{"type":"Feature","properties":{"name":"El Doncello"},"geometry":{"type":"Polygon","coordinates":[[[-75.349,2.323],[-75.386,2.315],[-75.31,1.923],[-75.339,1.867],[-75.338,1.773],[-75.362,1.748],[-75.35,1.699],[-75.292,1.629],[-75.14,1.593],[-75.111,1.556],[-75.078,1.55],[-75.033,1.476],[-74.93,1.426],[-74.916,1.44],[-74.933,1.445],[-74.918,1.454],[-74.933,1.462],[-74.92,1.469],[-74.939,1.485],[-74.94,1.535],[-74.955,1.53],[-74.975,1.561],[-74.98,1.613],[-75.014,1.626],[-75.011,1.646],[-75.033,1.657],[-75.039,1.723],[-75.185,1.712],[-75.261,1.794],[-75.327,1.805],[-75.283,2.003],[-75.297,2.054],[-75.256,2.164],[-75.287,2.27],[-75.314,2.271],[-75.349,2.323]]]}},{"type":"Feature","properties":{"name":"El Paujil"},"geometry":{"type":"Polygon","coordinates":[[[-75.404,1.769],[-75.34,1.661],[-75.361,1.605],[-75.402,1.576],[-75.368,1.566],[-75.329,1.483],[-75.278,1.446],[-75.26,1.371],[-75.217,1.345],[-75.118,1.34],[-75.091,1.232],[-75.069,1.289],[-75.066,1.382],[-75.081,1.399],[-75.06,1.386],[-75.02,1.4],[-74.964,1.444],[-75.033,1.476],[-75.078,1.55],[-75.111,1.556],[-75.14,1.593],[-75.292,1.629],[-75.331,1.659],[-75.362,1.748],[-75.338,1.773],[-75.339,1.867],[-75.31,1.93],[-75.386,2.315],[-75.44,2.214],[-75.384,2.125],[-75.393,1.995],[-75.341,1.973],[-75.355,1.867],[-75.408,1.809],[-75.404,1.769]]]}},{"type":"Feature","properties":{"name":"Calamar"},"geometry":{"type":"Polygon","coordinates":[[[-75.024,10.364],[-75.07,10.344],[-75.062,10.325],[-75.089,10.28],[-75.062,10.296],[-75.067,10.269],[-75.049,10.264],[-75.017,10.287],[-75.025,10.315],[-74.987,10.33],[-74.96,10.285],[-74.957,10.214],[-75.059,10.187],[-75.088,10.122],[-75.001,10.104],[-74.945,10.129],[-74.911,10.254],[-74.965,10.326],[-75.024,10.364]]]}},{"type":"Feature","properties":{"name":"Cantagallo"},"geometry":{"type":"Polygon","coordinates":[[[-73.916,7.296],[-73.895,7.43],[-73.951,7.431],[-74.035,7.37],[-74.088,7.385],[-74.148,7.324],[-74.125,7.291],[-74.175,7.291],[-74.291,7.242],[-74.281,7.188],[-74.225,7.154],[-74.239,7.135],[-74.223,7.106],[-74.294,7.017],[-74.244,7.004],[-73.916,7.296]]]}},{"type":"Feature","properties":{"name":"Cicuco"},"geometry":{"type":"Polygon","coordinates":[[[-74.651,9.192],[-74.659,9.211],[-74.619,9.263],[-74.623,9.292],[-74.659,9.284],[-74.678,9.306],[-74.714,9.283],[-74.76,9.209],[-74.684,9.168],[-74.651,9.192]]]}},{"type":"Feature","properties":{"name":"Córdoba"},"geometry":{"type":"Polygon","coordinates":[[[-74.864,9.652],[-74.981,9.677],[-74.959,9.625],[-75.036,9.477],[-74.97,9.435],[-74.936,9.448],[-74.891,9.431],[-74.915,9.414],[-74.912,9.389],[-74.801,9.442],[-74.808,9.462],[-74.776,9.502],[-74.807,9.547],[-74.773,9.612],[-74.791,9.653],[-74.864,9.652]]]}},{"type":"Feature","properties":{"name":"Clemencia"},"geometry":{"type":"Polygon","coordinates":[[[-75.248,10.505],[-75.237,10.556],[-75.293,10.555],[-75.294,10.589],[-75.326,10.619],[-75.387,10.551],[-75.339,10.521],[-75.313,10.537],[-75.307,10.52],[-75.272,10.528],[-75.248,10.505]]]}},{"type":"Feature","properties":{"name":"El Carmen De Bolívar"},"geometry":{"type":"Polygon","coordinates":[[[-74.961,9.681],[-74.952,9.766],[-74.992,9.759],[-75.021,9.786],[-75.051,9.785],[-75.075,9.761],[-75.11,9.759],[-75.167,9.786],[-75.232,9.782],[-75.238,9.862],[-75.316,9.879],[-75.378,9.72],[-75.384,9.651],[-75.373,9.629],[-75.344,9.643],[-75.327,9.617],[-75.315,9.653],[-75.269,9.685],[-75.233,9.647],[-75.165,9.646],[-75.189,9.629],[-75.183,9.604],[-75.133,9.596],[-75.079,9.533],[-75.012,9.528],[-74.959,9.625],[-74.981,9.677],[-74.961,9.681]]]}},{"type":"Feature","properties":{"name":"El Guamo"},"geometry":{"type":"Polygon","coordinates":[[[-75.029,10.111],[-75.061,10.034],[-75.01,10.008],[-75.017,9.968],[-75.0,9.976],[-74.969,9.951],[-74.91,9.979],[-74.868,9.943],[-74.788,10.006],[-74.84,10.079],[-74.893,10.106],[-74.945,10.129],[-74.996,10.105],[-75.029,10.111]]]}},{"type":"Feature","properties":{"name":"El Peñon"},"geometry":{"type":"Polygon","coordinates":[[[-73.868,8.936],[-73.9,8.981],[-73.959,8.996],[-73.981,8.98],[-73.989,8.939],[-73.966,8.897],[-73.978,8.873],[-73.951,8.85],[-73.966,8.812],[-73.921,8.727],[-73.897,8.726],[-73.891,8.745],[-73.876,8.723],[-73.857,8.73],[-73.873,8.792],[-73.818,8.835],[-73.867,8.887],[-73.868,8.936]]]}},{"type":"Feature","properties":{"name":"Hatillo De Loba"},"geometry":{"type":"MultiPolygon","coordinates":[[[[-74.227,8.948],[-74.009,8.953],[-73.978,8.984],[-74.005,9.005],[-73.985,9.01],[-74.036,9.044],[-74.057,9.019],[-74.1,9.019],[-74.109,8.986],[-74.128,9.004],[-74.195,8.987],[-74.227,8.948]]],[[[-74.264,8.992],[-74.316,8.982],[-74.389,9.018],[-74.419,9.018],[-74.433,9.009],[-74.373,8.966],[-74.283,8.968],[-74.264,8.992]]]]}},{"type":"Feature","properties":{"name":"Magangué"},"geometry":{"type":"Polygon","coordinates":[[[-74.469,8.824],[-74.464,8.883],[-74.535,8.995],[-74.634,9.019],[-74.73,9.128],[-74.725,9.188],[-74.76,9.216],[-74.678,9.306],[-74.687,9.336],[-74.753,9.379],[-74.742,9.447],[-74.773,9.464],[-74.859,9.404],[-74.922,9.388],[-74.95,9.349],[-74.933,9.328],[-74.945,9.296],[-74.905,9.23],[-74.903,9.163],[-74.863,9.148],[-74.828,9.061],[-74.75,9.042],[-74.737,9.016],[-74.669,9.005],[-74.623,8.93],[-74.606,8.931],[-74.579,8.873],[-74.586,8.841],[-74.469,8.824]]]}},{"type":"Feature","properties":{"name":"Mahates"},"geometry":{"type":"Polygon","coordinates":[[[-75.283,10.086],[-75.241,10.065],[-75.222,10.079],[-75.229,10.053],[-75.193,10.035],[-75.182,10.08],[-75.164,10.069],[-75.121,10.114],[-75.101,10.099],[-75.07,10.156],[-75.112,10.167],[-75.078,10.227],[-75.096,10.252],[-75.062,10.296],[-75.126,10.271],[-75.154,10.294],[-75.198,10.28],[-75.202,10.3],[-75.278,10.243],[-75.249,10.209],[-75.28,10.161],[-75.243,10.134],[-75.248,10.092],[-75.283,10.086]]]}},{"type":"Feature","properties":{"name":"Margarita"},"geometry":{"type":"Polygon","coordinates":[[[-74.109,8.986],[-74.113,9.041],[-74.141,9.031],[-74.118,9.049],[-74.157,9.057],[-74.249,9.165],[-74.296,9.159],[-74.3,9.177],[-74.301,9.125],[-74.318,9.137],[-74.324,9.115],[-74.265,9.041],[-74.287,9.008],[-74.281,8.99],[-74.264,8.995],[-74.269,8.961],[-74.234,8.945],[-74.179,8.992],[-74.128,9.004],[-74.109,8.986]]]}},{"type":"Feature","properties":{"name":"Maria La Baja"},"geometry":{"type":"Polygon","coordinates":[[[-75.487,10.037],[-75.47,10.004],[-75.469,9.925],[-75.482,9.93],[-75.466,9.892],[-75.431,9.913],[-75.428,9.893],[-75.397,9.894],[-75.422,9.884],[-75.394,9.881],[-75.339,9.828],[-75.315,9.884],[-75.235,9.9],[-75.236,9.92],[-75.256,9.921],[-75.209,9.994],[-75.222,10.079],[-75.241,10.065],[-75.304,10.092],[-75.36,10.091],[-75.437,10.017],[-75.487,10.037]]]}},{"type":"Feature","properties":{"name":"Montecristo"},"geometry":{"type":"Polygon","coordinates":[[[-74.512,8.409],[-74.527,8.325],[-74.502,8.292],[-74.529,8.255],[-74.557,8.266],[-74.622,8.247],[-74.664,8.225],[-74.684,8.189],[-74.617,8.084],[-74.615,8.032],[-74.603,8.037],[-74.539,7.947],[-74.52,7.901],[-74.525,7.783],[-74.507,7.722],[-74.475,7.704],[-74.477,7.682],[-74.531,7.671],[-74.564,7.64],[-74.568,7.518],[-74.59,7.512],[-74.599,7.466],[-74.57,7.43],[-74.545,7.489],[-74.49,7.489],[-74.499,7.542],[-74.467,7.579],[-74.476,7.614],[-74.445,7.679],[-74.46,7.714],[-74.451,7.789],[-74.44,7.803],[-74.38,7.795],[-74.332,7.921],[-74.297,7.92],[-74.257,7.948],[-74.268,8.0],[-74.298,8.032],[-74.261,8.105],[-74.285,8.155],[-74.375,8.211],[-74.346,8.298],[-74.427,8.332],[-74.443,8.43],[-74.458,8.408],[-74.512,8.409]]]}},{"type":"Feature","properties":{"name":"Mompós"},"geometry":{"type":"Polygon","coordinates":[[[-74.725,9.179],[-74.73,9.128],[-74.634,9.019],[-74.585,9.017],[-74.578,9.044],[-74.489,9.036],[-74.495,9.063],[-74.455,9.082],[-74.415,9.142],[-74.381,9.133],[-74.382,9.152],[-74.351,9.155],[-74.354,9.188],[-74.404,9.214],[-74.436,9.274],[-74.511,9.234],[-74.556,9.238],[-74.573,9.209],[-74.645,9.2],[-74.665,9.168],[-74.725,9.179]]]}},{"type":"Feature","properties":{"name":"Morales"},"geometry":{"type":"Polygon","coordinates":[[[-74.285,8.155],[-74.261,8.105],[-74.19,8.105],[-74.095,8.163],[-73.962,8.175],[-73.94,8.145],[-73.881,8.119],[-73.868,8.064],[-73.771,8.155],[-73.78,8.208],[-73.75,8.272],[-73.75,8.405],[-73.769,8.402],[-73.782,8.426],[-73.806,8.411],[-73.852,8.439],[-73.847,8.465],[-73.878,8.474],[-73.872,8.41],[-73.894,8.383],[-74.019,8.378],[-74.161,8.309],[-74.264,8.16],[-74.285,8.155]]]}},{"type":"Feature","properties":{"name":"Norosi"},"geometry":{"type":"Polygon","coordinates":[[[-74.258,8.383],[-74.24,8.367],[-74.188,8.373],[-74.106,8.446],[-74.111,8.46],[-74.083,8.465],[-74.075,8.433],[-73.979,8.533],[-73.99,8.556],[-73.965,8.566],[-73.998,8.584],[-73.994,8.6],[-74.035,8.608],[-74.125,8.619],[-74.151,8.603],[-74.167,8.573],[-74.158,8.521],[-74.256,8.443],[-74.231,8.429],[-74.258,8.383]]]}},{"type":"Feature","properties":{"name":"Pinillos"},"geometry":{"type":"Polygon","coordinates":[[[-74.375,8.665],[-74.212,8.65],[-74.287,8.704],[-74.275,8.719],[-74.293,8.726],[-74.29,8.777],[-74.32,8.802],[-74.301,8.817],[-74.323,8.858],[-74.361,8.879],[-74.274,8.862],[-74.225,8.947],[-74.309,8.979],[-74.379,8.968],[-74.433,9.009],[-74.449,9.065],[-74.478,9.064],[-74.477,9.078],[-74.501,9.032],[-74.578,9.044],[-74.575,9.025],[-74.606,9.02],[-74.595,9.003],[-74.535,8.995],[-74.464,8.883],[-74.473,8.828],[-74.454,8.808],[-74.484,8.789],[-74.418,8.788],[-74.421,8.774],[-74.374,8.747],[-74.389,8.716],[-74.37,8.693],[-74.375,8.665]]]}},{"type":"Feature","properties":{"name":"Regidor"},"geometry":{"type":"Polygon","coordinates":[[[-73.857,8.73],[-73.873,8.71],[-73.917,8.689],[-73.939,8.704],[-73.956,8.664],[-73.902,8.645],[-73.878,8.662],[-73.872,8.633],[-73.861,8.65],[-73.846,8.615],[-73.831,8.621],[-73.816,8.722],[-73.789,8.751],[-73.808,8.832],[-73.873,8.792],[-73.857,8.73]]]}},{"type":"Feature","properties":{"name":"Rioviejo"},"geometry":{"type":"Polygon","coordinates":[[[-73.951,8.486],[-73.847,8.465],[-73.852,8.439],[-73.806,8.411],[-73.782,8.426],[-73.769,8.402],[-73.75,8.405],[-73.747,8.466],[-73.78,8.512],[-73.775,8.561],[-73.82,8.662],[-73.846,8.615],[-73.878,8.662],[-73.902,8.645],[-73.956,8.664],[-73.964,8.651],[-73.994,8.674],[-74.029,8.656],[-74.075,8.664],[-74.092,8.639],[-74.138,8.655],[-74.151,8.603],[-74.113,8.619],[-73.994,8.6],[-73.998,8.584],[-73.965,8.566],[-73.99,8.556],[-73.979,8.533],[-74.075,8.433],[-74.083,8.465],[-74.111,8.46],[-74.106,8.446],[-74.188,8.373],[-74.24,8.367],[-74.258,8.383],[-74.281,8.365],[-74.344,8.273],[-74.369,8.264],[-74.375,8.211],[-74.332,8.189],[-74.315,8.243],[-74.131,8.397],[-74.094,8.392],[-73.951,8.486]]]}},{"type":"Feature","properties":{"name":"San Cristóbal"},"geometry":{"type":"Polygon","coordinates":[[[-75.074,10.409],[-75.112,10.378],[-75.109,10.345],[-75.081,10.336],[-75.024,10.36],[-75.074,10.409]]]}},{"type":"Feature","properties":{"name":"San Estanislao"},"geometry":{"type":"Polygon","coordinates":[[[-75.176,10.455],[-75.242,10.432],[-75.245,10.386],[-75.265,10.382],[-75.296,10.334],[-75.258,10.319],[-75.235,10.278],[-75.202,10.3],[-75.198,10.28],[-75.173,10.286],[-75.149,10.326],[-75.127,10.399],[-75.176,10.455]]]}},{"type":"Feature","properties":{"name":"San Jacinto"},"geometry":{"type":"Polygon","coordinates":[[[-74.952,9.766],[-74.918,9.798],[-74.94,9.818],[-74.945,9.867],[-75.039,9.868],[-75.05,9.889],[-75.101,9.881],[-75.129,9.915],[-75.171,9.906],[-75.213,9.922],[-75.236,9.898],[-75.3,9.891],[-75.32,9.877],[-75.238,9.862],[-75.232,9.782],[-75.167,9.786],[-75.11,9.759],[-75.075,9.761],[-75.051,9.785],[-75.021,9.786],[-74.992,9.759],[-74.952,9.766]]]}},{"type":"Feature","properties":{"name":"San Jacinto Del Cauca"},"geometry":{"type":"Polygon","coordinates":[[[-74.539,8.428],[-74.561,8.39],[-74.587,8.384],[-74.615,8.407],[-74.614,8.347],[-74.649,8.313],[-74.653,8.279],[-74.713,8.304],[-74.727,8.281],[-74.735,8.298],[-74.764,8.295],[-74.809,8.274],[-74.795,8.247],[-74.833,8.223],[-74.774,8.122],[-74.726,8.117],[-74.615,8.032],[-74.617,8.084],[-74.684,8.189],[-74.661,8.227],[-74.566,8.265],[-74.534,8.252],[-74.502,8.292],[-74.527,8.325],[-74.517,8.364],[-74.536,8.391],[-74.521,8.406],[-74.539,8.428]]]}},{"type":"Feature","properties":{"name":"San Juan Nepomuceno"},"geometry":{"type":"Polygon","coordinates":[[[-75.086,10.119],[-75.103,10.097],[-75.134,10.109],[-75.164,10.069],[-75.182,10.08],[-75.179,10.056],[-75.216,10.029],[-75.209,9.994],[-75.256,9.921],[-75.236,9.92],[-75.235,9.9],[-75.213,9.922],[-75.171,9.906],[-75.149,9.919],[-75.11,9.904],[-75.101,9.881],[-75.05,9.889],[-75.039,9.868],[-74.884,9.858],[-74.863,9.944],[-74.881,9.969],[-74.917,9.977],[-74.969,9.951],[-75.025,9.973],[-75.01,10.008],[-75.061,10.034],[-75.056,10.057],[-75.028,10.105],[-75.029,10.111],[-75.086,10.119]]]}},{"type":"Feature","properties":{"name":"San Martín De Loba"},"geometry":{"type":"Polygon","coordinates":[[[-74.138,8.655],[-74.092,8.639],[-74.075,8.664],[-74.029,8.656],[-73.994,8.674],[-73.964,8.651],[-73.939,8.704],[-73.917,8.689],[-73.873,8.71],[-73.891,8.745],[-73.897,8.726],[-73.933,8.736],[-73.966,8.812],[-73.951,8.85],[-73.978,8.873],[-73.978,8.984],[-74.009,8.953],[-74.072,8.948],[-74.073,8.832],[-74.037,8.795],[-74.06,8.754],[-74.053,8.733],[-74.138,8.655]]]}},{"type":"Feature","properties":{"name":"San Pablo"},"geometry":{"type":"Polygon","coordinates":[[[-74.389,7.266],[-74.409,7.194],[-74.351,7.082],[-74.356,7.01],[-74.321,7.019],[-74.287,7.002],[-74.294,7.021],[-74.223,7.106],[-74.239,7.135],[-74.225,7.154],[-74.281,7.188],[-74.291,7.242],[-74.175,7.291],[-74.125,7.291],[-74.148,7.324],[-74.088,7.385],[-74.035,7.37],[-73.951,7.431],[-73.895,7.43],[-73.913,7.494],[-73.848,7.536],[-73.81,7.617],[-73.818,7.643],[-73.798,7.651],[-73.816,7.692],[-73.878,7.724],[-73.936,7.698],[-73.979,7.717],[-73.934,7.673],[-74.02,7.686],[-74.114,7.65],[-74.141,7.583],[-74.279,7.474],[-74.31,7.454],[-74.358,7.473],[-74.319,7.44],[-74.398,7.348],[-74.389,7.266]]]}},{"type":"Feature","properties":{"name":"Santa Catalina"},"geometry":{"type":"Polygon","coordinates":[[[-75.247,10.696],[-75.222,10.793],[-75.26,10.801],[-75.291,10.66],[-75.347,10.622],[-75.296,10.593],[-75.293,10.555],[-75.237,10.556],[-75.256,10.525],[-75.242,10.504],[-75.224,10.631],[-75.247,10.696]]]}},{"type":"Feature","properties":{"name":"Santa Rosa"},"geometry":{"type":"Polygon","coordinates":[[[-75.371,10.543],[-75.401,10.519],[-75.416,10.439],[-75.44,10.415],[-75.423,10.402],[-75.36,10.425],[-75.336,10.414],[-75.299,10.448],[-75.312,10.536],[-75.339,10.521],[-75.371,10.543]]]}},{"type":"Feature","properties":{"name":"Santa Rosa Del Sur"},"geometry":{"type":"Polygon","coordinates":[[[-74.358,7.473],[-74.307,7.455],[-74.153,7.573],[-74.174,7.599],[-74.225,7.586],[-74.23,7.653],[-74.212,7.702],[-74.147,7.716],[-74.125,7.74],[-74.177,7.742],[-74.135,7.774],[-74.135,7.819],[-74.068,7.837],[-74.045,7.885],[-74.004,7.911],[-73.979,8.035],[-74.004,8.077],[-74.046,8.086],[-74.027,8.179],[-74.059,8.157],[-74.095,8.163],[-74.175,8.107],[-74.261,8.105],[-74.298,8.032],[-74.268,8.0],[-74.257,7.948],[-74.297,7.92],[-74.332,7.921],[-74.38,7.795],[-74.44,7.803],[-74.451,7.789],[-74.46,7.714],[-74.445,7.679],[-74.476,7.614],[-74.467,7.579],[-74.499,7.542],[-74.49,7.489],[-74.507,7.48],[-74.528,7.501],[-74.568,7.442],[-74.478,7.344],[-74.419,7.389],[-74.412,7.46],[-74.358,7.473]]]}},{"type":"Feature","properties":{"name":"Simití"},"geometry":{"type":"Polygon","coordinates":[[[-74.023,8.175],[-74.046,8.086],[-74.004,8.077],[-73.979,8.035],[-74.004,7.911],[-74.045,7.885],[-74.068,7.837],[-74.135,7.819],[-74.135,7.774],[-74.177,7.742],[-74.125,7.74],[-74.147,7.716],[-74.212,7.702],[-74.236,7.625],[-74.222,7.585],[-74.174,7.599],[-74.153,7.573],[-74.129,7.6],[-74.129,7.641],[-74.02,7.686],[-73.934,7.673],[-73.979,7.717],[-73.936,7.698],[-73.878,7.724],[-73.836,7.692],[-73.811,7.702],[-73.832,7.732],[-73.798,7.775],[-73.822,7.823],[-73.832,7.936],[-73.867,7.982],[-73.881,8.119],[-73.94,8.145],[-73.962,8.175],[-74.023,8.175]]]}},{"type":"Feature","properties":{"name":"Soplaviento"},"geometry":{"type":"Polygon","coordinates":[[[-75.129,10.397],[-75.173,10.286],[-75.105,10.272],[-75.062,10.325],[-75.071,10.348],[-75.109,10.345],[-75.112,10.378],[-75.091,10.386],[-75.089,10.411],[-75.129,10.397]]]}},{"type":"Feature","properties":{"name":"Talaigua Nuevo"},"geometry":{"type":"Polygon","coordinates":[[[-74.651,9.192],[-74.593,9.218],[-74.573,9.209],[-74.532,9.256],[-74.566,9.315],[-74.616,9.341],[-74.621,9.374],[-74.66,9.386],[-74.699,9.427],[-74.739,9.426],[-74.756,9.399],[-74.744,9.366],[-74.687,9.336],[-74.673,9.288],[-74.623,9.292],[-74.619,9.263],[-74.659,9.211],[-74.651,9.192]]]}},{"type":"Feature","properties":{"name":"Tiquiso"},"geometry":{"type":"Polygon","coordinates":[[[-74.443,8.43],[-74.427,8.332],[-74.347,8.299],[-74.342,8.276],[-74.334,8.309],[-74.239,8.4],[-74.231,8.429],[-74.256,8.443],[-74.158,8.521],[-74.167,8.573],[-74.136,8.654],[-74.375,8.665],[-74.359,8.621],[-74.322,8.606],[-74.348,8.58],[-74.346,8.538],[-74.4,8.518],[-74.352,8.492],[-74.381,8.459],[-74.414,8.468],[-74.443,8.43]]]}},{"type":"Feature","properties":{"name":"Turbaco"},"geometry":{"type":"Polygon","coordinates":[[[-75.355,10.295],[-75.281,10.363],[-75.36,10.425],[-75.452,10.395],[-75.476,10.364],[-75.434,10.297],[-75.384,10.272],[-75.384,10.299],[-75.355,10.295]]]}},{"type":"Feature","properties":{"name":"Turbana"},"geometry":{"type":"Polygon","coordinates":[[[-75.384,10.272],[-75.42,10.303],[-75.483,10.319],[-75.471,10.274],[-75.486,10.284],[-75.5,10.252],[-75.483,10.24],[-75.489,10.215],[-75.517,10.21],[-75.504,10.162],[-75.538,10.188],[-75.554,10.178],[-75.545,10.16],[-75.529,10.166],[-75.581,10.125],[-75.574,10.086],[-75.494,10.149],[-75.442,10.165],[-75.44,10.209],[-75.402,10.218],[-75.384,10.272]]]}},{"type":"Feature","properties":{"name":"Villanueva"},"geometry":{"type":"Polygon","coordinates":[[[-75.234,10.479],[-75.272,10.528],[-75.309,10.522],[-75.299,10.448],[-75.336,10.414],[-75.293,10.362],[-75.245,10.386],[-75.242,10.432],[-75.176,10.455],[-75.234,10.479]]]}},{"type":"Feature","properties":{"name":"Zambrano"},"geometry":{"type":"Polygon","coordinates":[[[-74.791,9.653],[-74.816,9.79],[-74.882,9.872],[-74.884,9.858],[-74.943,9.862],[-74.94,9.818],[-74.918,9.798],[-74.952,9.774],[-74.961,9.681],[-74.864,9.652],[-74.791,9.653]]]}},{"type":"Feature","properties":{"name":"Almeida"},"geometry":{"type":"Polygon","coordinates":[[[-73.376,4.929],[-73.343,4.977],[-73.377,5.016],[-73.439,4.907],[-73.376,4.929]]]}},{"type":"Feature","properties":{"name":"Aquitania"},"geometry":{"type":"Polygon","coordinates":[[[-72.926,5.567],[-72.924,5.538],[-72.991,5.46],[-73.01,5.387],[-73.046,5.354],[-73.041,5.309],[-72.995,5.255],[-73.01,5.215],[-72.982,5.196],[-72.923,5.215],[-72.895,5.264],[-72.883,5.363],[-72.855,5.342],[-72.727,5.487],[-72.695,5.439],[-72.652,5.449],[-72.683,5.491],[-72.656,5.501],[-72.663,5.539],[-72.745,5.565],[-72.713,5.625],[-72.742,5.609],[-72.771,5.644],[-72.811,5.584],[-72.896,5.614],[-72.902,5.58],[-72.926,5.567]]]}},{"type":"Feature","properties":{"name":"Arcabuco"},"geometry":{"type":"Polygon","coordinates":[[[-73.382,5.761],[-73.43,5.766],[-73.438,5.8],[-73.513,5.847],[-73.487,5.803],[-73.509,5.755],[-73.494,5.745],[-73.503,5.716],[-73.401,5.714],[-73.36,5.665],[-73.342,5.68],[-73.379,5.724],[-73.382,5.761]]]}},{"type":"Feature","properties":{"name":"Belén"},"geometry":{"type":"Polygon","coordinates":[[[-72.796,6.019],[-72.862,6.013],[-72.923,6.098],[-72.97,6.022],[-72.89,5.935],[-72.797,5.994],[-72.796,6.019]]]}},{"type":"Feature","properties":{"name":"Berbeo"},"geometry":{"type":"Polygon","coordinates":[[[-73.089,5.161],[-73.066,5.186],[-73.106,5.222],[-73.064,5.301],[-73.148,5.229],[-73.089,5.161]]]}},{"type":"Feature","properties":{"name":"Betéitiva"},"geometry":{"type":"Polygon","coordinates":[[[-72.827,5.879],[-72.779,5.954],[-72.818,5.978],[-72.868,5.94],[-72.914,5.945],[-72.925,5.929],[-72.865,5.868],[-72.827,5.879]]]}},{"type":"Feature","properties":{"name":"Boavita"},"geometry":{"type":"Polygon","coordinates":[[[-72.564,6.327],[-72.623,6.441],[-72.661,6.443],[-72.636,6.22],[-72.602,6.279],[-72.591,6.265],[-72.58,6.278],[-72.588,6.306],[-72.564,6.327]]]}},{"type":"Feature","properties":{"name":"Boyacá"},"geometry":{"type":"Polygon","coordinates":[[[-73.384,5.405],[-73.335,5.445],[-73.351,5.476],[-73.411,5.453],[-73.441,5.415],[-73.393,5.422],[-73.384,5.405]]]}},{"type":"Feature","properties":{"name":"Briceño"},"geometry":{"type":"Polygon","coordinates":[[[-73.898,5.62],[-73.857,5.652],[-73.883,5.645],[-73.9,5.664],[-73.873,5.727],[-73.893,5.738],[-73.95,5.688],[-73.937,5.633],[-73.898,5.62]]]}},{"type":"Feature","properties":{"name":"Buenavista"},"geometry":{"type":"Polygon","coordinates":[[[-73.947,5.424],[-73.901,5.448],[-73.911,5.55],[-73.99,5.525],[-74.019,5.472],[-73.951,5.45],[-73.947,5.424]]]}},{"type":"Feature","properties":{"name":"Busbanzá"},"geometry":{"type":"Polygon","coordinates":[[[-72.858,5.866],[-72.892,5.866],[-72.896,5.812],[-72.859,5.826],[-72.858,5.866]]]}},{"type":"Feature","properties":{"name":"Caldas"},"geometry":{"type":"Polygon","coordinates":[[[-73.926,5.574],[-73.911,5.524],[-73.89,5.512],[-73.848,5.546],[-73.844,5.601],[-73.865,5.638],[-73.896,5.623],[-73.926,5.574]]]}},{"type":"Feature","properties":{"name":"Campohermoso"},"geometry":{"type":"Polygon","coordinates":[[[-73.214,5.015],[-73.213,4.906],[-73.171,4.896],[-73.057,4.998],[-73.029,4.992],[-73.027,5.025],[-73.066,5.012],[-73.087,5.043],[-73.071,5.096],[-73.113,5.112],[-73.151,5.074],[-73.248,5.069],[-73.214,5.015]]]}},{"type":"Feature","properties":{"name":"Cerinza"},"geometry":{"type":"Polygon","coordinates":[[[-72.925,5.929],[-72.917,5.957],[-72.976,6.017],[-73.011,5.963],[-73.002,5.939],[-72.925,5.929]]]}},{"type":"Feature","properties":{"name":"Chinavita"},"geometry":{"type":"Polygon","coordinates":[[[-73.268,5.155],[-73.258,5.173],[-73.296,5.198],[-73.283,5.207],[-73.32,5.231],[-73.342,5.282],[-73.401,5.243],[-73.364,5.137],[-73.268,5.155]]]}},{"type":"Feature","properties":{"name":"Chiquinquirá"},"geometry":{"type":"Polygon","coordinates":[[[-73.886,5.69],[-73.9,5.664],[-73.883,5.645],[-73.857,5.652],[-73.848,5.546],[-73.805,5.571],[-73.789,5.553],[-73.78,5.595],[-73.723,5.571],[-73.686,5.63],[-73.806,5.641],[-73.835,5.667],[-73.834,5.705],[-73.886,5.69]]]}},{"type":"Feature","properties":{"name":"Chiscas"},"geometry":{"type":"Polygon","coordinates":[[[-72.477,6.842],[-72.499,6.798],[-72.486,6.654],[-72.546,6.567],[-72.534,6.496],[-72.482,6.55],[-72.404,6.514],[-72.382,6.553],[-72.356,6.554],[-72.387,6.614],[-72.346,6.634],[-72.296,6.727],[-72.297,6.785],[-72.341,6.847],[-72.477,6.842]]]}},{"type":"Feature","properties":{"name":"Abejorral"},"geometry":{"type":"Polygon","coordinates":[[[-75.556,5.724],[-75.535,5.691],[-75.468,5.668],[-75.424,5.696],[-75.41,5.745],[-75.321,5.782],[-75.268,5.854],[-75.285,5.874],[-75.432,5.902],[-75.446,5.934],[-75.476,5.945],[-75.484,5.873],[-75.526,5.869],[-75.552,5.82],[-75.556,5.724]]]}},{"type":"Feature","properties":{"name":"Abriaquí"},"geometry":{"type":"Polygon","coordinates":[[[-76.011,6.646],[-76.04,6.656],[-76.04,6.705],[-76.087,6.754],[-76.078,6.73],[-76.184,6.666],[-76.155,6.625],[-76.154,6.583],[-76.039,6.504],[-76.011,6.646]]]}},{"type":"Feature","properties":{"name":"Alejandría"},"geometry":{"type":"Polygon","coordinates":[[[-74.987,6.385],[-75.034,6.418],[-75.088,6.393],[-75.145,6.412],[-75.136,6.384],[-75.159,6.372],[-75.171,6.298],[-75.134,6.336],[-75.116,6.303],[-75.106,6.325],[-74.987,6.385]]]}},{"type":"Feature","properties":{"name":"Amagá"},"geometry":{"type":"Polygon","coordinates":[[[-75.767,6.0],[-75.736,6.005],[-75.7,5.981],[-75.668,6.0],[-75.677,6.088],[-75.747,6.069],[-75.734,6.044],[-75.767,6.0]]]}},{"type":"Feature","properties":{"name":"Andes"},"geometry":{"type":"Polygon","coordinates":[[[-75.874,5.776],[-75.894,5.75],[-75.878,5.716],[-75.908,5.696],[-75.966,5.703],[-76.004,5.667],[-76.074,5.677],[-76.005,5.622],[-76.009,5.568],[-75.983,5.519],[-75.931,5.509],[-75.906,5.481],[-75.872,5.531],[-75.88,5.632],[-75.829,5.622],[-75.809,5.661],[-75.874,5.776]]]}},{"type":"Feature","properties":{"name":"Angelópolis"},"geometry":{"type":"Polygon","coordinates":[[[-75.747,6.069],[-75.673,6.094],[-75.69,6.193],[-75.705,6.156],[-75.767,6.135],[-75.747,6.069]]]}},{"type":"Feature","properties":{"name":"Angostura"},"geometry":{"type":"Polygon","coordinates":[[[-75.49,6.773],[-75.427,6.786],[-75.379,6.774],[-75.365,6.796],[-75.322,6.799],[-75.287,6.839],[-75.27,6.834],[-75.244,6.909],[-75.25,6.953],[-75.27,6.971],[-75.302,6.965],[-75.375,6.901],[-75.411,6.912],[-75.472,6.852],[-75.49,6.773]]]}},{"type":"Feature","properties":{"name":"Anorí"},"geometry":{"type":"Polygon","coordinates":[[[-75.289,7.245],[-75.317,7.213],[-75.315,7.16],[-75.26,7.116],[-75.255,7.046],[-75.221,7.033],[-75.224,6.933],[-75.17,6.905],[-75.084,6.967],[-75.021,7.141],[-74.933,7.254],[-74.937,7.288],[-74.905,7.294],[-74.894,7.344],[-74.908,7.36],[-74.89,7.391],[-74.908,7.45],[-74.926,7.412],[-74.947,7.421],[-74.998,7.383],[-75.047,7.424],[-75.118,7.379],[-75.154,7.378],[-75.205,7.254],[-75.289,7.245]]]}},{"type":"Feature","properties":{"name":"Anzá"},"geometry":{"type":"Polygon","coordinates":[[[-75.831,6.397],[-75.887,6.412],[-75.93,6.35],[-75.988,6.345],[-76.004,6.285],[-75.98,6.237],[-75.924,6.216],[-75.84,6.252],[-75.834,6.282],[-75.857,6.331],[-75.831,6.397]]]}},{"type":"Feature","properties":{"name":"Argelia"},"geometry":{"type":"Polygon","coordinates":[[[-75.236,5.676],[-75.179,5.647],[-75.09,5.673],[-75.048,5.661],[-75.009,5.682],[-74.993,5.715],[-74.88,5.746],[-74.942,5.754],[-74.974,5.73],[-75.133,5.761],[-75.149,5.744],[-75.245,5.73],[-75.209,5.705],[-75.183,5.709],[-75.236,5.676]]]}},{"type":"Feature","properties":{"name":"Armenia"},"geometry":{"type":"Polygon","coordinates":[[[-75.804,6.104],[-75.744,6.179],[-75.781,6.183],[-75.852,6.249],[-75.855,6.1],[-75.804,6.104]]]}},{"type":"Feature","properties":{"name":"Betania"},"geometry":{"type":"Polygon","coordinates":[[[-75.878,5.716],[-75.904,5.766],[-75.921,5.754],[-75.955,5.798],[-76.02,5.753],[-76.055,5.768],[-76.087,5.689],[-76.004,5.667],[-75.966,5.703],[-75.908,5.696],[-75.878,5.716]]]}},{"type":"Feature","properties":{"name":"Betulia"},"geometry":{"type":"Polygon","coordinates":[[[-76.004,6.285],[-76.049,6.255],[-75.993,6.078],[-75.953,6.119],[-75.92,6.123],[-75.895,6.17],[-75.842,6.166],[-75.844,6.22],[-75.863,6.251],[-75.939,6.219],[-75.98,6.237],[-76.004,6.285]]]}},{"type":"Feature","properties":{"name":"Ciudad Bolívar"},"geometry":{"type":"Polygon","coordinates":[[[-76.02,5.753],[-75.911,5.827],[-75.941,5.914],[-76.013,5.903],[-76.054,5.932],[-76.06,5.886],[-76.082,5.883],[-76.099,5.849],[-76.071,5.781],[-76.081,5.767],[-76.02,5.753]]]}},{"type":"Feature","properties":{"name":"Briceño"},"geometry":{"type":"Polygon","coordinates":[[[-75.444,7.249],[-75.478,7.224],[-75.511,7.23],[-75.661,7.138],[-75.687,7.084],[-75.664,7.032],[-75.601,7.065],[-75.555,6.991],[-75.505,7.006],[-75.5,7.048],[-75.471,7.05],[-75.491,7.061],[-75.501,7.124],[-75.444,7.249]]]}},{"type":"Feature","properties":{"name":"Buriticá"},"geometry":{"type":"Polygon","coordinates":[[[-75.845,6.872],[-75.902,6.928],[-75.905,6.973],[-75.954,6.966],[-75.968,6.901],[-75.956,6.84],[-75.98,6.822],[-75.984,6.763],[-75.956,6.718],[-75.886,6.676],[-75.88,6.646],[-75.833,6.681],[-75.861,6.719],[-75.846,6.747],[-75.871,6.784],[-75.845,6.872]]]}},{"type":"Feature","properties":{"name":"Cáceres"},"geometry":{"type":"Polygon","coordinates":[[[-75.166,7.356],[-75.154,7.378],[-75.118,7.379],[-75.047,7.424],[-74.998,7.383],[-74.994,7.407],[-75.03,7.489],[-75.061,7.477],[-75.129,7.54],[-75.082,7.514],[-75.063,7.56],[-75.02,7.581],[-75.043,7.612],[-75.034,7.771],[-75.11,7.785],[-75.117,7.804],[-75.166,7.801],[-75.185,7.849],[-75.17,7.917],[-75.204,7.958],[-75.254,7.919],[-75.259,7.884],[-75.293,7.89],[-75.301,7.913],[-75.326,7.904],[-75.331,7.925],[-75.347,7.875],[-75.404,7.858],[-75.422,7.819],[-75.459,7.834],[-75.454,7.798],[-75.485,7.736],[-75.448,7.743],[-75.439,7.634],[-75.384,7.644],[-75.332,7.536],[-75.274,7.534],[-75.25,7.457],[-75.206,7.428],[-75.215,7.396],[-75.166,7.356]]]}},{"type":"Feature","properties":{"name":"Caicedo"},"geometry":{"type":"Polygon","coordinates":[[[-76.058,6.506],[-76.087,6.463],[-76.043,6.435],[-76.044,6.379],[-75.988,6.345],[-75.93,6.35],[-75.905,6.396],[-75.942,6.421],[-75.968,6.491],[-76.058,6.506]]]}},{"type":"Feature","properties":{"name":"Campamento"},"geometry":{"type":"Polygon","coordinates":[[[-75.336,6.945],[-75.27,6.971],[-75.243,6.927],[-75.221,6.942],[-75.221,7.033],[-75.255,7.046],[-75.26,7.116],[-75.315,7.16],[-75.317,7.213],[-75.334,7.076],[-75.312,7.02],[-75.353,6.99],[-75.363,6.958],[-75.336,6.945]]]}},{"type":"Feature","properties":{"name":"Caracolí"},"geometry":{"type":"Polygon","coordinates":[[[-74.794,6.313],[-74.749,6.243],[-74.713,6.24],[-74.689,6.293],[-74.636,6.232],[-74.625,6.314],[-74.675,6.335],[-74.7,6.39],[-74.732,6.395],[-74.812,6.462],[-74.841,6.437],[-74.83,6.408],[-74.799,6.41],[-74.815,6.364],[-74.783,6.373],[-74.794,6.313]]]}},{"type":"Feature","properties":{"name":"Caramanta"},"geometry":{"type":"Polygon","coordinates":[[[-75.714,5.548],[-75.688,5.519],[-75.569,5.523],[-75.584,5.608],[-75.652,5.571],[-75.676,5.598],[-75.698,5.549],[-75.714,5.548]]]}},{"type":"Feature","properties":{"name":"El Carmen De Viboral"},"geometry":{"type":"Polygon","coordinates":[[[-75.308,6.144],[-75.314,6.094],[-75.349,6.146],[-75.354,6.123],[-75.382,6.117],[-75.388,6.06],[-75.364,6.033],[-75.343,6.034],[-75.32,5.953],[-75.289,5.955],[-75.294,5.916],[-75.264,5.811],[-75.21,5.872],[-75.166,5.873],[-75.136,5.941],[-75.178,5.96],[-75.164,5.985],[-75.209,6.008],[-75.228,6.052],[-75.265,6.054],[-75.296,6.084],[-75.308,6.144]]]}},{"type":"Feature","properties":{"name":"Carolina"},"geometry":{"type":"Polygon","coordinates":[[[-75.379,6.774],[-75.363,6.728],[-75.287,6.677],[-75.258,6.701],[-75.258,6.777],[-75.23,6.794],[-75.301,6.822],[-75.322,6.799],[-75.365,6.796],[-75.379,6.774]]]}},{"type":"Feature","properties":{"name":"Chigorodó"},"geometry":{"type":"Polygon","coordinates":[[[-76.491,7.72],[-76.612,7.736],[-76.65,7.712],[-76.702,7.719],[-76.81,7.771],[-76.823,7.677],[-76.814,7.658],[-76.788,7.659],[-76.798,7.641],[-76.763,7.621],[-76.766,7.606],[-76.714,7.594],[-76.648,7.469],[-76.619,7.455],[-76.575,7.486],[-76.559,7.53],[-76.502,7.556],[-76.515,7.587],[-76.492,7.64],[-76.491,7.72]]]}},{"type":"Feature","properties":{"name":"Cisneros"},"geometry":{"type":"Polygon","coordinates":[[[-75.137,6.548],[-75.087,6.537],[-75.08,6.507],[-75.065,6.535],[-75.032,6.544],[-75.057,6.579],[-75.088,6.585],[-75.137,6.548]]]}},{"type":"Feature","properties":{"name":"Cocorná"},"geometry":{"type":"Polygon","coordinates":[[[-75.269,6.056],[-75.228,6.052],[-75.209,6.008],[-75.164,5.985],[-75.178,5.96],[-75.136,5.941],[-75.166,5.861],[-75.067,5.9],[-75.055,5.919],[-75.084,5.913],[-75.119,5.967],[-75.069,6.0],[-75.156,6.065],[-75.167,6.101],[-75.183,6.091],[-75.229,6.124],[-75.269,6.056]]]}},{"type":"Feature","properties":{"name":"Concepción"},"geometry":{"type":"Polygon","coordinates":[[[-75.259,6.351],[-75.182,6.285],[-75.172,6.326],[-75.155,6.33],[-75.159,6.372],[-75.136,6.384],[-75.145,6.412],[-75.197,6.449],[-75.242,6.448],[-75.31,6.398],[-75.295,6.353],[-75.259,6.351]]]}},{"type":"Feature","properties":{"name":"Concordia"},"geometry":{"type":"Polygon","coordinates":[[[-75.866,6.054],[-75.842,6.166],[-75.895,6.17],[-75.92,6.123],[-75.953,6.119],[-75.996,6.078],[-75.977,6.048],[-75.94,6.041],[-75.939,5.974],[-75.871,5.95],[-75.843,5.964],[-75.832,6.0],[-75.866,6.054]]]}},{"type":"Feature","properties":{"name":"Don Matías"},"geometry":{"type":"Polygon","coordinates":[[[-75.209,6.554],[-75.271,6.573],[-75.315,6.549],[-75.395,6.542],[-75.396,6.518],[-75.428,6.545],[-75.461,6.511],[-75.452,6.462],[-75.487,6.468],[-75.493,6.437],[-75.394,6.443],[-75.323,6.513],[-75.265,6.493],[-75.251,6.528],[-75.209,6.554]]]}},{"type":"Feature","properties":{"name":"El Bagre"},"geometry":{"type":"Polygon","coordinates":[[[-74.561,7.428],[-74.599,7.466],[-74.59,7.512],[-74.568,7.518],[-74.564,7.64],[-74.531,7.671],[-74.477,7.682],[-74.475,7.704],[-74.507,7.722],[-74.525,7.783],[-74.52,7.901],[-74.539,7.947],[-74.561,7.968],[-74.639,7.902],[-74.68,7.93],[-74.728,7.931],[-74.789,7.973],[-74.79,8.01],[-74.805,8.009],[-74.82,7.937],[-74.806,7.857],[-74.781,7.832],[-74.802,7.825],[-74.79,7.804],[-74.806,7.784],[-74.781,7.722],[-74.758,7.718],[-74.771,7.649],[-74.827,7.589],[-74.776,7.531],[-74.78,7.494],[-74.761,7.489],[-74.759,7.462],[-74.729,7.441],[-74.677,7.44],[-74.626,7.386],[-74.561,7.428]]]}},{"type":"Feature","properties":{"name":"Entrerrios"},"geometry":{"type":"Polygon","coordinates":[[[-75.458,6.516],[-75.508,6.564],[-75.517,6.594],[-75.497,6.612],[-75.532,6.636],[-75.531,6.675],[-75.653,6.655],[-75.662,6.637],[-75.54,6.506],[-75.458,6.516]]]}},{"type":"Feature","properties":{"name":"Fredonia"},"geometry":{"type":"Polygon","coordinates":[[[-75.614,5.978],[-75.677,5.998],[-75.7,5.981],[-75.683,5.971],[-75.702,5.938],[-75.75,5.939],[-75.78,5.912],[-75.775,5.881],[-75.727,5.833],[-75.652,5.798],[-75.624,5.752],[-75.613,5.831],[-75.64,5.955],[-75.614,5.978]]]}},{"type":"Feature","properties":{"name":"Frontino"},"geometry":{"type":"Polygon","coordinates":[[[-76.225,6.92],[-76.289,6.9],[-76.3,6.846],[-76.287,6.849],[-76.275,6.809],[-76.299,6.78],[-76.316,6.775],[-76.426,6.856],[-76.439,6.812],[-76.429,6.745],[-76.521,6.765],[-76.578,6.695],[-76.564,6.566],[-76.524,6.587],[-76.523,6.545],[-76.484,6.497],[-76.459,6.496],[-76.433,6.56],[-76.379,6.594],[-76.336,6.514],[-76.308,6.507],[-76.283,6.537],[-76.248,6.539],[-76.226,6.572],[-76.162,6.593],[-76.155,6.625],[-76.184,6.664],[-76.176,6.68],[-76.077,6.732],[-76.09,6.732],[-76.083,6.785],[-76.126,6.83],[-76.121,6.852],[-76.157,6.824],[-76.229,6.855],[-76.246,6.877],[-76.225,6.92]]]}},{"type":"Feature","properties":{"name":"Giraldo"},"geometry":{"type":"Polygon","coordinates":[[[-76.008,6.634],[-75.939,6.619],[-75.913,6.654],[-75.893,6.624],[-75.886,6.676],[-75.959,6.726],[-76.008,6.634]]]}},{"type":"Feature","properties":{"name":"Granada"},"geometry":{"type":"Polygon","coordinates":[[[-75.167,6.101],[-75.156,6.065],[-75.085,6.02],[-75.059,6.132],[-75.083,6.146],[-75.121,6.231],[-75.16,6.169],[-75.233,6.164],[-75.167,6.101]]]}},{"type":"Feature","properties":{"name":"Guarne"},"geometry":{"type":"Polygon","coordinates":[[[-75.407,6.348],[-75.425,6.315],[-75.451,6.335],[-75.501,6.297],[-75.473,6.242],[-75.492,6.229],[-75.475,6.196],[-75.379,6.219],[-75.395,6.267],[-75.386,6.328],[-75.407,6.348]]]}},{"type":"Feature","properties":{"name":"Guatapé"},"geometry":{"type":"Polygon","coordinates":[[[-75.116,6.303],[-75.134,6.336],[-75.194,6.272],[-75.188,6.202],[-75.16,6.169],[-75.118,6.235],[-75.146,6.256],[-75.146,6.285],[-75.116,6.303]]]}},{"type":"Feature","properties":{"name":"Heliconia"},"geometry":{"type":"Polygon","coordinates":[[[-75.695,6.194],[-75.718,6.266],[-75.818,6.252],[-75.806,6.208],[-75.744,6.179],[-75.747,6.146],[-75.705,6.156],[-75.695,6.194]]]}},{"type":"Feature","properties":{"name":"Hispania"},"geometry":{"type":"Polygon","coordinates":[[[-75.874,5.776],[-75.871,5.829],[-75.908,5.849],[-75.915,5.819],[-75.955,5.798],[-75.921,5.754],[-75.874,5.776]]]}},{"type":"Feature","properties":{"name":"Ituango"},"geometry":{"type":"Polygon","coordinates":[[[-75.602,7.59],[-75.671,7.598],[-75.712,7.581],[-75.743,7.612],[-75.765,7.602],[-75.788,7.46],[-75.825,7.442],[-75.818,7.416],[-75.845,7.347],[-76.381,7.392],[-76.203,7.138],[-76.102,7.138],[-76.056,7.172],[-75.969,7.13],[-75.953,7.181],[-75.886,7.222],[-75.874,7.178],[-75.894,7.159],[-75.873,7.143],[-75.876,7.104],[-75.833,7.101],[-75.775,7.046],[-75.744,7.077],[-75.674,7.094],[-75.661,7.138],[-75.635,7.14],[-75.596,7.186],[-75.444,7.249],[-75.488,7.304],[-75.53,7.3],[-75.515,7.378],[-75.568,7.38],[-75.542,7.492],[-75.602,7.59]]]}},{"type":"Feature","properties":{"name":"Jericó"},"geometry":{"type":"Polygon","coordinates":[[[-75.666,5.801],[-75.727,5.833],[-75.757,5.874],[-75.784,5.822],[-75.812,5.81],[-75.815,5.831],[-75.837,5.739],[-75.809,5.654],[-75.666,5.801]]]}},{"type":"Feature","properties":{"name":"La Pintada"},"geometry":{"type":"Polygon","coordinates":[[[-75.619,5.801],[-75.624,5.752],[-75.64,5.762],[-75.642,5.757],[-75.616,5.74],[-75.615,5.67],[-75.598,5.684],[-75.599,5.737],[-75.573,5.723],[-75.567,5.741],[-75.594,5.804],[-75.619,5.801]]]}},{"type":"Feature","properties":{"name":"La Unión"},"geometry":{"type":"Polygon","coordinates":[[[-75.285,5.874],[-75.289,5.955],[-75.32,5.953],[-75.351,6.037],[-75.419,5.981],[-75.418,5.904],[-75.381,5.882],[-75.285,5.874]]]}},{"type":"Feature","properties":{"name":"Maceo"},"geometry":{"type":"Polygon","coordinates":[[[-74.812,6.462],[-74.72,6.393],[-74.719,6.44],[-74.749,6.445],[-74.757,6.486],[-74.65,6.45],[-74.622,6.541],[-74.63,6.57],[-74.561,6.639],[-74.624,6.654],[-74.633,6.624],[-74.735,6.604],[-74.865,6.531],[-74.812,6.462]]]}},{"type":"Feature","properties":{"name":"Marinilla"},"geometry":{"type":"Polygon","coordinates":[[[-75.328,6.224],[-75.325,6.201],[-75.364,6.175],[-75.347,6.124],[-75.314,6.094],[-75.31,6.154],[-75.253,6.171],[-75.245,6.195],[-75.29,6.261],[-75.328,6.224]]]}},{"type":"Feature","properties":{"name":"Montebello"},"geometry":{"type":"Polygon","coordinates":[[[-75.534,5.86],[-75.484,5.873],[-75.474,5.922],[-75.51,5.963],[-75.582,5.975],[-75.55,5.958],[-75.534,5.86]]]}},{"type":"Feature","properties":{"name":"Nariño"},"geometry":{"type":"Polygon","coordinates":[[[-75.283,5.476],[-75.276,5.419],[-75.221,5.503],[-75.136,5.529],[-75.088,5.595],[-75.094,5.655],[-75.069,5.662],[-75.094,5.672],[-75.179,5.647],[-75.259,5.687],[-75.272,5.604],[-75.248,5.577],[-75.283,5.476]]]}},{"type":"Feature","properties":{"name":"Nechí"},"geometry":{"type":"Polygon","coordinates":[[[-74.603,8.037],[-74.726,8.117],[-74.774,8.122],[-74.824,8.198],[-74.865,8.2],[-74.867,8.159],[-74.913,8.1],[-74.911,8.027],[-74.935,8.029],[-74.95,7.987],[-74.894,7.92],[-74.946,7.863],[-74.924,7.848],[-74.925,7.812],[-74.814,7.771],[-74.79,7.804],[-74.802,7.825],[-74.781,7.832],[-74.806,7.857],[-74.82,7.937],[-74.809,8.007],[-74.79,8.01],[-74.789,7.973],[-74.728,7.931],[-74.68,7.93],[-74.634,7.902],[-74.561,7.968],[-74.603,8.037]]]}},{"type":"Feature","properties":{"name":"Olaya"},"geometry":{"type":"Polygon","coordinates":[[[-75.763,6.597],[-75.72,6.652],[-75.772,6.665],[-75.822,6.656],[-75.801,6.538],[-75.754,6.548],[-75.763,6.597]]]}},{"type":"Feature","properties":{"name":"Peñol"},"geometry":{"type":"Polygon","coordinates":[[[-75.284,6.259],[-75.249,6.208],[-75.253,6.171],[-75.213,6.157],[-75.164,6.169],[-75.195,6.234],[-75.182,6.285],[-75.223,6.324],[-75.242,6.322],[-75.228,6.29],[-75.284,6.259]]]}},{"type":"Feature","properties":{"name":"Peque"},"geometry":{"type":"Polygon","coordinates":[[[-75.982,7.001],[-75.938,6.963],[-75.905,6.973],[-75.902,6.928],[-75.877,6.919],[-75.857,6.878],[-75.835,6.879],[-75.812,7.016],[-75.775,7.046],[-75.833,7.101],[-75.876,7.104],[-75.873,7.143],[-75.894,7.159],[-75.874,7.178],[-75.886,7.222],[-75.954,7.179],[-75.982,7.001]]]}},{"type":"Feature","properties":{"name":"Pueblorrico"},"geometry":{"type":"Polygon","coordinates":[[[-75.885,5.907],[-75.915,5.848],[-75.871,5.829],[-75.868,5.753],[-75.837,5.729],[-75.812,5.797],[-75.821,5.822],[-75.847,5.819],[-75.884,5.859],[-75.885,5.907]]]}},{"type":"Feature","properties":{"name":"Puerto Berrío"},"geometry":{"type":"Polygon","coordinates":[[[-74.452,6.755],[-74.63,6.57],[-74.622,6.541],[-74.65,6.45],[-74.757,6.486],[-74.749,6.445],[-74.719,6.44],[-74.722,6.399],[-74.7,6.39],[-74.675,6.335],[-74.625,6.314],[-74.633,6.275],[-74.612,6.277],[-74.603,6.254],[-74.501,6.289],[-74.45,6.332],[-74.424,6.39],[-74.369,6.418],[-74.405,6.471],[-74.409,6.585],[-74.36,6.633],[-74.391,6.649],[-74.391,6.69],[-74.417,6.735],[-74.452,6.755]]]}},{"type":"Feature","properties":{"name":"Puerto Nare"},"geometry":{"type":"Polygon","coordinates":[[[-74.534,6.269],[-74.603,6.254],[-74.631,6.278],[-74.636,6.232],[-74.692,6.293],[-74.727,6.216],[-74.773,6.201],[-74.811,6.15],[-74.821,6.084],[-74.919,6.043],[-74.863,6.015],[-74.843,6.026],[-74.719,5.988],[-74.707,6.028],[-74.666,6.053],[-74.641,6.034],[-74.577,6.044],[-74.562,6.078],[-74.611,6.13],[-74.534,6.269]]]}},{"type":"Feature","properties":{"name":"Puerto Triunfo"},"geometry":{"type":"Polygon","coordinates":[[[-74.64,5.859],[-74.585,5.903],[-74.612,5.97],[-74.566,5.99],[-74.567,6.058],[-74.607,6.033],[-74.666,6.053],[-74.707,6.028],[-74.719,5.988],[-74.792,5.988],[-74.847,5.933],[-74.64,5.859]]]}},{"type":"Feature","properties":{"name":"Remedios"},"geometry":{"type":"Polygon","coordinates":[[[-74.843,7.134],[-74.836,7.094],[-74.858,7.047],[-74.837,7.022],[-74.844,6.957],[-74.822,6.869],[-74.704,6.896],[-74.69,6.918],[-74.594,6.913],[-74.572,6.864],[-74.591,6.816],[-74.58,6.706],[-74.555,6.717],[-74.497,6.7],[-74.444,6.778],[-74.492,6.793],[-74.488,6.815],[-74.439,6.786],[-74.38,6.912],[-74.321,6.917],[-74.311,6.955],[-74.26,6.968],[-74.241,7.001],[-74.356,7.01],[-74.351,7.082],[-74.409,7.194],[-74.389,7.266],[-74.658,7.157],[-74.667,7.108],[-74.699,7.068],[-74.761,7.135],[-74.843,7.134]]]}},{"type":"Feature","properties":{"name":"Retiro"},"geometry":{"type":"Polygon","coordinates":[[[-75.593,5.993],[-75.506,5.959],[-75.458,6.001],[-75.446,6.079],[-75.477,6.115],[-75.475,6.159],[-75.516,6.15],[-75.583,6.085],[-75.571,6.024],[-75.593,5.993]]]}},{"type":"Feature","properties":{"name":"Sabanalarga"},"geometry":{"type":"Polygon","coordinates":[[[-75.871,6.784],[-75.773,6.785],[-75.753,6.807],[-75.735,6.943],[-75.766,7.062],[-75.812,7.016],[-75.831,6.89],[-75.871,6.784]]]}},{"type":"Feature","properties":{"name":"Salgar"},"geometry":{"type":"Polygon","coordinates":[[[-75.925,5.862],[-75.849,5.957],[-75.939,5.974],[-75.94,6.041],[-75.999,6.07],[-76.058,6.051],[-76.097,6.004],[-76.067,5.978],[-76.054,5.932],[-76.013,5.903],[-75.943,5.915],[-75.925,5.862]]]}},{"type":"Feature","properties":{"name":"San Andrès"},"geometry":{"type":"Polygon","coordinates":[[[-75.659,7.028],[-75.703,6.937],[-75.74,6.919],[-75.764,6.788],[-75.734,6.806],[-75.718,6.871],[-75.698,6.887],[-75.602,6.862],[-75.576,6.893],[-75.606,6.983],[-75.659,7.028]]]}},{"type":"Feature","properties":{"name":"San Carlos"},"geometry":{"type":"Polygon","coordinates":[[[-75.118,6.235],[-75.083,6.146],[-75.043,6.116],[-75.008,6.124],[-74.955,6.1],[-74.919,6.043],[-74.829,6.076],[-74.784,6.192],[-74.74,6.206],[-74.713,6.24],[-74.749,6.243],[-74.779,6.302],[-74.828,6.339],[-74.863,6.307],[-74.913,6.31],[-74.913,6.268],[-74.977,6.272],[-75.012,6.249],[-75.026,6.264],[-75.058,6.21],[-75.118,6.235]]]}},{"type":"Feature","properties":{"name":"San Francisco"},"geometry":{"type":"Polygon","coordinates":[[[-74.844,5.926],[-74.927,5.953],[-74.934,5.976],[-74.985,5.913],[-75.032,5.945],[-75.069,6.0],[-75.119,5.967],[-75.084,5.913],[-75.042,5.912],[-75.023,5.868],[-75.022,5.825],[-75.055,5.755],[-75.043,5.749],[-74.95,5.782],[-74.917,5.843],[-74.893,5.829],[-74.865,5.856],[-74.844,5.926]]]}},{"type":"Feature","properties":{"name":"San José De La Montaña"},"geometry":{"type":"Polygon","coordinates":[[[-75.734,6.806],[-75.677,6.744],[-75.614,6.808],[-75.646,6.882],[-75.698,6.887],[-75.718,6.871],[-75.734,6.806]]]}},{"type":"Feature","properties":{"name":"San Juan De Urabá"},"geometry":{"type":"Polygon","coordinates":[[[-76.571,8.636],[-76.546,8.604],[-76.491,8.662],[-76.49,8.694],[-76.466,8.679],[-76.429,8.73],[-76.483,8.768],[-76.47,8.795],[-76.486,8.819],[-76.524,8.774],[-76.631,8.731],[-76.624,8.694],[-76.604,8.691],[-76.605,8.646],[-76.571,8.636]]]}},{"type":"Feature","properties":{"name":"San Luis"},"geometry":{"type":"Polygon","coordinates":[[[-75.087,6.036],[-75.032,5.945],[-74.985,5.913],[-74.934,5.976],[-74.927,5.953],[-74.844,5.926],[-74.801,5.984],[-74.769,5.994],[-74.895,6.028],[-74.955,6.1],[-75.06,6.129],[-75.087,6.036]]]}},{"type":"Feature","properties":{"name":"San Pedro"},"geometry":{"type":"Polygon","coordinates":[[[-75.461,6.511],[-75.54,6.506],[-75.564,6.53],[-75.595,6.503],[-75.644,6.498],[-75.661,6.455],[-75.644,6.415],[-75.662,6.405],[-75.623,6.383],[-75.591,6.435],[-75.554,6.384],[-75.532,6.389],[-75.488,6.43],[-75.487,6.468],[-75.452,6.462],[-75.461,6.511]]]}},{"type":"Feature","properties":{"name":"San Pedro De Uraba"},"geometry":{"type":"Polygon","coordinates":[[[-76.255,8.594],[-76.286,8.595],[-76.32,8.546],[-76.307,8.521],[-76.33,8.445],[-76.403,8.463],[-76.424,8.432],[-76.393,8.381],[-76.409,8.231],[-76.395,8.216],[-76.413,8.164],[-76.402,8.102],[-76.375,8.112],[-76.368,8.153],[-76.331,8.151],[-76.353,8.194],[-76.303,8.311],[-76.243,8.37],[-76.18,8.396],[-76.219,8.444],[-76.21,8.523],[-76.237,8.556],[-76.222,8.572],[-76.255,8.577],[-76.255,8.594]]]}},{"type":"Feature","properties":{"name":"Gachancipá"},"geometry":{"type":"Polygon","coordinates":[[[-73.871,5.047],[-73.912,5.028],[-73.888,4.985],[-73.899,4.976],[-73.874,4.963],[-73.838,5.016],[-73.871,5.047]]]}},{"type":"Feature","properties":{"name":"Guayabetal"},"geometry":{"type":"Polygon","coordinates":[[[-73.744,4.266],[-73.793,4.352],[-73.831,4.278],[-73.856,4.282],[-73.868,4.252],[-73.919,4.265],[-73.899,4.206],[-73.93,4.18],[-73.933,4.149],[-73.896,4.143],[-73.861,4.172],[-73.826,4.168],[-73.809,4.204],[-73.748,4.194],[-73.76,4.236],[-73.744,4.266]]]}},{"type":"Feature","properties":{"name":"Gutierrez"},"geometry":{"type":"Polygon","coordinates":[[[-73.919,4.265],[-73.971,4.269],[-73.993,4.293],[-74.076,4.29],[-74.05,4.268],[-74.082,4.227],[-74.057,4.208],[-74.065,4.185],[-74.11,4.182],[-74.11,4.132],[-74.131,4.116],[-74.125,4.058],[-74.151,4.005],[-74.1,4.013],[-74.071,4.058],[-74.035,4.061],[-74.005,4.11],[-73.955,4.1],[-73.93,4.18],[-73.899,4.206],[-73.919,4.265]]]}},{"type":"Feature","properties":{"name":"Jerusalén"},"geometry":{"type":"Polygon","coordinates":[[[-74.587,4.652],[-74.662,4.637],[-74.682,4.651],[-74.733,4.621],[-74.77,4.545],[-74.733,4.462],[-74.632,4.561],[-74.59,4.634],[-74.587,4.652]]]}},{"type":"Feature","properties":{"name":"Junín"},"geometry":{"type":"Polygon","coordinates":[[[-73.623,4.795],[-73.663,4.829],[-73.693,4.818],[-73.735,4.841],[-73.735,4.825],[-73.762,4.824],[-73.738,4.784],[-73.741,4.738],[-73.786,4.732],[-73.805,4.703],[-73.793,4.681],[-73.745,4.68],[-73.701,4.623],[-73.696,4.561],[-73.669,4.54],[-73.642,4.547],[-73.644,4.61],[-73.616,4.668],[-73.654,4.721],[-73.623,4.795]]]}},{"type":"Feature","properties":{"name":"La Calera"},"geometry":{"type":"Polygon","coordinates":[[[-73.799,4.684],[-73.853,4.687],[-73.87,4.742],[-73.963,4.799],[-73.959,4.812],[-74.007,4.823],[-73.998,4.804],[-74.019,4.763],[-74.002,4.675],[-74.031,4.646],[-74.009,4.626],[-73.956,4.654],[-73.911,4.59],[-73.874,4.64],[-73.793,4.638],[-73.799,4.684]]]}},{"type":"Feature","properties":{"name":"La Mesa"},"geometry":{"type":"Polygon","coordinates":[[[-74.429,4.623],[-74.399,4.717],[-74.508,4.674],[-74.536,4.688],[-74.558,4.648],[-74.478,4.576],[-74.445,4.598],[-74.445,4.629],[-74.429,4.623]]]}},{"type":"Feature","properties":{"name":"La Palma"},"geometry":{"type":"Polygon","coordinates":[[[-74.365,5.418],[-74.409,5.409],[-74.406,5.433],[-74.439,5.433],[-74.431,5.418],[-74.457,5.387],[-74.436,5.368],[-74.46,5.331],[-74.455,5.298],[-74.492,5.256],[-74.429,5.253],[-74.398,5.286],[-74.341,5.254],[-74.336,5.291],[-74.36,5.309],[-74.358,5.377],[-74.377,5.395],[-74.365,5.418]]]}},{"type":"Feature","properties":{"name":"La Peña"},"geometry":{"type":"Polygon","coordinates":[[[-74.456,5.252],[-74.428,5.225],[-74.453,5.188],[-74.451,5.13],[-74.408,5.12],[-74.357,5.263],[-74.398,5.286],[-74.429,5.253],[-74.456,5.252]]]}},{"type":"Feature","properties":{"name":"La Vega"},"geometry":{"type":"Polygon","coordinates":[[[-74.304,5.074],[-74.328,5.048],[-74.384,5.051],[-74.395,5.026],[-74.381,5.022],[-74.382,4.934],[-74.357,4.894],[-74.323,4.886],[-74.287,4.923],[-74.323,5.009],[-74.278,5.029],[-74.304,5.074]]]}},{"type":"Feature","properties":{"name":"Lenguazaque"},"geometry":{"type":"Polygon","coordinates":[[[-73.599,5.378],[-73.694,5.329],[-73.737,5.343],[-73.769,5.324],[-73.766,5.298],[-73.734,5.252],[-73.673,5.232],[-73.663,5.266],[-73.619,5.299],[-73.599,5.378]]]}},{"type":"Feature","properties":{"name":"Machetá"},"geometry":{"type":"Polygon","coordinates":[[[-73.538,5.123],[-73.553,5.109],[-73.583,5.15],[-73.617,5.132],[-73.706,4.945],[-73.676,4.932],[-73.625,4.956],[-73.554,5.026],[-73.538,5.123]]]}},{"type":"Feature","properties":{"name":"Madrid"},"geometry":{"type":"Polygon","coordinates":[[[-74.178,4.858],[-74.262,4.824],[-74.277,4.788],[-74.302,4.804],[-74.329,4.767],[-74.256,4.68],[-74.227,4.743],[-74.245,4.767],[-74.203,4.801],[-74.178,4.858]]]}},{"type":"Feature","properties":{"name":"Manta"},"geometry":{"type":"Polygon","coordinates":[[[-73.507,4.996],[-73.541,5.072],[-73.554,5.026],[-73.618,4.963],[-73.603,4.919],[-73.542,4.914],[-73.544,4.945],[-73.507,4.996]]]}},{"type":"Feature","properties":{"name":"Medina"},"geometry":{"type":"Polygon","coordinates":[[[-73.248,4.624],[-73.305,4.624],[-73.403,4.679],[-73.469,4.631],[-73.531,4.549],[-73.561,4.54],[-73.603,4.458],[-73.573,4.42],[-73.551,4.308],[-73.461,4.28],[-73.373,4.371],[-73.255,4.423],[-73.191,4.531],[-73.222,4.583],[-73.208,4.61],[-73.245,4.61],[-73.248,4.624]]]}},{"type":"Feature","properties":{"name":"Mosquera"},"geometry":{"type":"Polygon","coordinates":[[[-74.299,4.717],[-74.278,4.621],[-74.159,4.663],[-74.172,4.696],[-74.209,4.701],[-74.232,4.737],[-74.256,4.68],[-74.299,4.717]]]}},{"type":"Feature","properties":{"name":"Nariño"},"geometry":{"type":"Polygon","coordinates":[[[-74.743,4.476],[-74.8,4.419],[-74.833,4.443],[-74.856,4.335],[-74.726,4.46],[-74.743,4.476]]]}},{"type":"Feature","properties":{"name":"Nemocón"},"geometry":{"type":"Polygon","coordinates":[[[-73.91,5.028],[-73.829,5.099],[-73.853,5.119],[-73.836,5.143],[-73.891,5.161],[-73.936,5.044],[-73.91,5.028]]]}},{"type":"Feature","properties":{"name":"Nilo"},"geometry":{"type":"Polygon","coordinates":[[[-74.499,4.355],[-74.655,4.35],[-74.661,4.305],[-74.692,4.261],[-74.731,4.245],[-74.722,4.231],[-74.681,4.201],[-74.657,4.215],[-74.656,4.198],[-74.619,4.252],[-74.552,4.265],[-74.545,4.301],[-74.499,4.355]]]}},{"type":"Feature","properties":{"name":"Nimaima"},"geometry":{"type":"Polygon","coordinates":[[[-74.447,5.125],[-74.451,5.078],[-74.428,5.065],[-74.418,5.101],[-74.368,5.107],[-74.373,5.137],[-74.34,5.2],[-74.384,5.187],[-74.408,5.12],[-74.447,5.125]]]}},{"type":"Feature","properties":{"name":"Nocaima"},"geometry":{"type":"Polygon","coordinates":[[[-74.341,5.051],[-74.338,5.086],[-74.392,5.112],[-74.418,5.101],[-74.436,5.045],[-74.402,5.014],[-74.384,5.051],[-74.341,5.051]]]}},{"type":"Feature","properties":{"name":"Venecia"},"geometry":{"type":"Polygon","coordinates":[[[-74.393,4.083],[-74.476,4.12],[-74.53,4.045],[-74.527,4.024],[-74.465,4.037],[-74.383,4.02],[-74.393,4.083]]]}},{"type":"Feature","properties":{"name":"Pacho"},"geometry":{"type":"Polygon","coordinates":[[[-74.097,5.246],[-74.17,5.233],[-74.203,5.191],[-74.207,5.287],[-74.246,5.292],[-74.25,5.236],[-74.291,5.236],[-74.302,5.192],[-74.294,5.168],[-74.226,5.151],[-74.22,5.107],[-74.187,5.097],[-74.145,5.037],[-74.127,5.069],[-74.083,5.07],[-74.074,5.143],[-74.048,5.154],[-74.039,5.207],[-74.097,5.246]]]}},{"type":"Feature","properties":{"name":"Paime"},"geometry":{"type":"Polygon","coordinates":[[[-74.097,5.471],[-74.117,5.473],[-74.123,5.429],[-74.175,5.462],[-74.234,5.397],[-74.221,5.342],[-74.177,5.298],[-74.123,5.357],[-74.103,5.358],[-74.116,5.382],[-74.097,5.471]]]}},{"type":"Feature","properties":{"name":"Pandi"},"geometry":{"type":"Polygon","coordinates":[[[-74.445,4.111],[-74.427,4.151],[-74.445,4.196],[-74.483,4.241],[-74.519,4.24],[-74.483,4.176],[-74.476,4.12],[-74.445,4.111]]]}},{"type":"Feature","properties":{"name":"Paratebueno"},"geometry":{"type":"Polygon","coordinates":[[[-73.208,4.681],[-73.237,4.669],[-73.248,4.624],[-73.245,4.61],[-73.208,4.61],[-73.222,4.583],[-73.194,4.555],[-73.203,4.49],[-73.255,4.423],[-73.34,4.373],[-73.366,4.376],[-73.431,4.309],[-73.354,4.321],[-73.235,4.287],[-73.139,4.212],[-73.053,4.736],[-73.072,4.739],[-73.106,4.66],[-73.122,4.672],[-73.149,4.655],[-73.208,4.681]]]}},{"type":"Feature","properties":{"name":"Pasca"},"geometry":{"type":"Polygon","coordinates":[[[-74.236,4.4],[-74.304,4.366],[-74.321,4.39],[-74.352,4.295],[-74.312,4.196],[-74.238,4.195],[-74.204,4.24],[-74.222,4.282],[-74.214,4.381],[-74.236,4.4]]]}},{"type":"Feature","properties":{"name":"Puerto Salgar"},"geometry":{"type":"Polygon","coordinates":[[[-74.661,5.752],[-74.652,5.71],[-74.627,5.696],[-74.629,5.632],[-74.653,5.575],[-74.641,5.54],[-74.675,5.515],[-74.66,5.451],[-74.626,5.417],[-74.635,5.384],[-74.593,5.427],[-74.593,5.479],[-74.542,5.54],[-74.514,5.63],[-74.488,5.647],[-74.467,5.73],[-74.491,5.781],[-74.515,5.791],[-74.597,5.743],[-74.627,5.762],[-74.643,5.735],[-74.661,5.752]]]}},{"type":"Feature","properties":{"name":"Pulí"},"geometry":{"type":"Polygon","coordinates":[[[-74.609,4.651],[-74.586,4.698],[-74.591,4.743],[-74.638,4.725],[-74.685,4.758],[-74.735,4.754],[-74.763,4.683],[-74.742,4.623],[-74.682,4.637],[-74.682,4.651],[-74.662,4.637],[-74.609,4.651]]]}},{"type":"Feature","properties":{"name":"Quebradanegra"},"geometry":{"type":"Polygon","coordinates":[[[-74.451,5.123],[-74.475,5.153],[-74.532,5.133],[-74.541,5.065],[-74.452,5.062],[-74.451,5.123]]]}},{"type":"Feature","properties":{"name":"Quetame"},"geometry":{"type":"Polygon","coordinates":[[[-73.793,4.352],[-73.805,4.394],[-73.845,4.407],[-73.903,4.376],[-73.877,4.347],[-73.871,4.337],[-73.87,4.33],[-73.896,4.349],[-73.904,4.273],[-73.868,4.252],[-73.856,4.282],[-73.831,4.278],[-73.793,4.352]]]}},{"type":"Feature","properties":{"name":"Quipile"},"geometry":{"type":"Polygon","coordinates":[[[-74.59,4.634],[-74.568,4.624],[-74.536,4.688],[-74.517,4.676],[-74.498,4.702],[-74.53,4.798],[-74.564,4.796],[-74.567,4.767],[-74.589,4.757],[-74.586,4.698],[-74.609,4.651],[-74.587,4.652],[-74.59,4.634]]]}},{"type":"Feature","properties":{"name":"Apulo"},"geometry":{"type":"Polygon","coordinates":[[[-74.601,4.619],[-74.621,4.506],[-74.607,4.451],[-74.562,4.447],[-74.559,4.481],[-74.537,4.485],[-74.543,4.465],[-74.526,4.458],[-74.502,4.484],[-74.557,4.502],[-74.541,4.521],[-74.564,4.531],[-74.551,4.553],[-74.583,4.624],[-74.601,4.619]]]}},{"type":"Feature","properties":{"name":"Ricaurte"},"geometry":{"type":"Polygon","coordinates":[[[-74.665,4.341],[-74.702,4.334],[-74.735,4.381],[-74.758,4.382],[-74.777,4.327],[-74.76,4.312],[-74.79,4.308],[-74.797,4.288],[-74.766,4.251],[-74.748,4.257],[-74.745,4.236],[-74.692,4.261],[-74.661,4.305],[-74.665,4.341]]]}},{"type":"Feature","properties":{"name":"San Antonio Del Tequendama"},"geometry":{"type":"Polygon","coordinates":[[[-74.306,4.621],[-74.344,4.654],[-74.372,4.636],[-74.382,4.647],[-74.389,4.586],[-74.364,4.557],[-74.306,4.549],[-74.306,4.621]]]}},{"type":"Feature","properties":{"name":"San Bernardo"},"geometry":{"type":"Polygon","coordinates":[[[-74.379,4.036],[-74.351,4.057],[-74.329,4.131],[-74.266,4.092],[-74.246,4.103],[-74.24,4.187],[-74.316,4.176],[-74.412,4.199],[-74.433,4.227],[-74.466,4.217],[-74.427,4.151],[-74.44,4.1],[-74.403,4.095],[-74.379,4.036]]]}},{"type":"Feature","properties":{"name":"San Cayetano"},"geometry":{"type":"Polygon","coordinates":[[[-74.095,5.436],[-74.116,5.382],[-74.103,5.358],[-74.132,5.349],[-74.177,5.28],[-74.138,5.235],[-74.015,5.244],[-73.986,5.267],[-73.974,5.32],[-74.006,5.347],[-73.999,5.367],[-74.022,5.367],[-74.022,5.387],[-74.095,5.436]]]}},{"type":"Feature","properties":{"name":"San Francisco"},"geometry":{"type":"Polygon","coordinates":[[[-74.323,4.886],[-74.284,4.876],[-74.217,4.961],[-74.214,4.997],[-74.265,5.036],[-74.323,5.009],[-74.301,4.985],[-74.309,4.947],[-74.286,4.937],[-74.323,4.886]]]}},{"type":"Feature","properties":{"name":"San Juan De Rio Seco"},"geometry":{"type":"Polygon","coordinates":[[[-74.591,4.743],[-74.564,4.796],[-74.586,4.843],[-74.577,4.889],[-74.644,4.896],[-74.678,4.944],[-74.722,4.948],[-74.733,4.977],[-74.749,4.952],[-74.732,4.894],[-74.755,4.886],[-74.769,4.842],[-74.681,4.83],[-74.696,4.767],[-74.656,4.731],[-74.591,4.743]]]}},{"type":"Feature","properties":{"name":"Sasaima"},"geometry":{"type":"Polygon","coordinates":[[[-74.381,5.022],[-74.417,4.998],[-74.436,5.006],[-74.48,4.952],[-74.469,4.927],[-74.446,4.938],[-74.414,4.89],[-74.374,4.871],[-74.354,4.888],[-74.385,4.941],[-74.381,5.022]]]}},{"type":"Feature","properties":{"name":"Sesquilé"},"geometry":{"type":"Polygon","coordinates":[[[-73.856,4.989],[-73.795,4.962],[-73.758,4.978],[-73.727,4.947],[-73.688,4.983],[-73.747,5.028],[-73.777,5.029],[-73.76,5.051],[-73.811,5.083],[-73.837,5.037],[-73.855,5.036],[-73.838,5.016],[-73.856,4.989]]]}},{"type":"Feature","properties":{"name":"Sibaté"},"geometry":{"type":"Polygon","coordinates":[[[-74.236,4.4],[-74.213,4.516],[-74.244,4.545],[-74.276,4.543],[-74.276,4.516],[-74.303,4.504],[-74.299,4.396],[-74.273,4.391],[-74.279,4.378],[-74.236,4.4]]]}},{"type":"Feature","properties":{"name":"Silvania"},"geometry":{"type":"Polygon","coordinates":[[[-74.303,4.504],[-74.399,4.491],[-74.452,4.386],[-74.44,4.367],[-74.417,4.36],[-74.388,4.398],[-74.321,4.39],[-74.3,4.427],[-74.303,4.504]]]}},{"type":"Feature","properties":{"name":"Simijaca"},"geometry":{"type":"Polygon","coordinates":[[[-73.789,5.553],[-73.805,5.571],[-73.89,5.512],[-73.905,5.529],[-73.901,5.458],[-73.802,5.487],[-73.789,5.553]]]}},{"type":"Feature","properties":{"name":"Soacha"},"geometry":{"type":"Polygon","coordinates":[[[-74.226,4.633],[-74.306,4.621],[-74.306,4.56],[-74.284,4.512],[-74.276,4.543],[-74.253,4.545],[-74.213,4.516],[-74.236,4.405],[-74.212,4.38],[-74.178,4.486],[-74.175,4.575],[-74.226,4.633]]]}},{"type":"Feature","properties":{"name":"Sopo"},"geometry":{"type":"Polygon","coordinates":[[[-73.959,4.812],[-73.957,4.84],[-73.931,4.84],[-73.916,4.914],[-73.997,4.974],[-74.011,4.923],[-73.981,4.902],[-74.007,4.823],[-73.959,4.812]]]}},{"type":"Feature","properties":{"name":"Subachoque"},"geometry":{"type":"Polygon","coordinates":[[[-74.178,4.858],[-74.112,4.938],[-74.105,5.0],[-74.08,5.04],[-74.095,5.074],[-74.208,5.011],[-74.226,4.976],[-74.224,4.922],[-74.186,4.88],[-74.202,4.857],[-74.178,4.858]]]}},{"type":"Feature","properties":{"name":"Suesca"},"geometry":{"type":"Polygon","coordinates":[[[-73.87,5.052],[-73.837,5.037],[-73.811,5.083],[-73.76,5.051],[-73.749,5.06],[-73.738,5.097],[-73.771,5.139],[-73.757,5.168],[-73.742,5.155],[-73.716,5.17],[-73.684,5.229],[-73.753,5.223],[-73.806,5.168],[-73.821,5.18],[-73.842,5.164],[-73.853,5.119],[-73.829,5.099],[-73.87,5.052]]]}},{"type":"Feature","properties":{"name":"Supatá"},"geometry":{"type":"Polygon","coordinates":[[[-74.278,5.029],[-74.212,4.997],[-74.158,5.052],[-74.195,5.103],[-74.272,5.113],[-74.304,5.074],[-74.278,5.029]]]}},{"type":"Feature","properties":{"name":"Susa"},"geometry":{"type":"Polygon","coordinates":[[[-73.787,5.511],[-73.802,5.487],[-73.887,5.45],[-73.84,5.368],[-73.775,5.467],[-73.743,5.471],[-73.787,5.511]]]}},{"type":"Feature","properties":{"name":"Sutatausa"},"geometry":{"type":"Polygon","coordinates":[[[-73.805,5.259],[-73.849,5.291],[-73.899,5.258],[-73.861,5.184],[-73.805,5.259]]]}},{"type":"Feature","properties":{"name":"Tabio"},"geometry":{"type":"Polygon","coordinates":[[[-74.129,4.905],[-74.082,4.893],[-74.033,4.963],[-74.064,5.005],[-74.103,5.007],[-74.129,4.905]]]}},{"type":"Feature","properties":{"name":"Tausa"},"geometry":{"type":"Polygon","coordinates":[[[-73.845,5.155],[-73.839,5.184],[-73.861,5.184],[-73.896,5.251],[-73.957,5.202],[-73.995,5.258],[-74.077,5.238],[-74.039,5.207],[-74.046,5.17],[-74.026,5.18],[-74.018,5.157],[-74.002,5.166],[-73.945,5.127],[-73.93,5.153],[-73.913,5.13],[-73.89,5.139],[-73.891,5.161],[-73.845,5.155]]]}},{"type":"Feature","properties":{"name":"Tena"},"geometry":{"type":"Polygon","coordinates":[[[-74.445,4.598],[-74.388,4.627],[-74.382,4.647],[-74.372,4.636],[-74.344,4.654],[-74.346,4.676],[-74.393,4.699],[-74.429,4.623],[-74.445,4.629],[-74.445,4.598]]]}},{"type":"Feature","properties":{"name":"Tenjo"},"geometry":{"type":"Polygon","coordinates":[[[-74.168,4.88],[-74.217,4.777],[-74.201,4.792],[-74.192,4.768],[-74.172,4.774],[-74.163,4.75],[-74.149,4.8],[-74.083,4.866],[-74.082,4.893],[-74.129,4.905],[-74.168,4.88]]]}},{"type":"Feature","properties":{"name":"Tibacuy"},"geometry":{"type":"Polygon","coordinates":[[[-74.552,4.265],[-74.465,4.298],[-74.423,4.363],[-74.452,4.386],[-74.462,4.361],[-74.499,4.355],[-74.545,4.301],[-74.552,4.265]]]}},{"type":"Feature","properties":{"name":"Tibirita"},"geometry":{"type":"Polygon","coordinates":[[[-73.48,5.062],[-73.492,5.129],[-73.536,5.133],[-73.552,5.076],[-73.527,5.061],[-73.528,5.036],[-73.496,5.039],[-73.48,5.062]]]}},{"type":"Feature","properties":{"name":"Tocaima"},"geometry":{"type":"Polygon","coordinates":[[[-74.601,4.619],[-74.753,4.436],[-74.744,4.375],[-74.679,4.417],[-74.609,4.385],[-74.597,4.358],[-74.549,4.364],[-74.552,4.407],[-74.569,4.411],[-74.558,4.443],[-74.607,4.451],[-74.621,4.506],[-74.601,4.619]]]}},{"type":"Feature","properties":{"name":"Tocancipá"},"geometry":{"type":"Polygon","coordinates":[[[-73.912,5.028],[-73.945,5.011],[-73.949,4.971],[-73.972,4.997],[-73.991,4.972],[-73.916,4.914],[-73.874,4.963],[-73.899,4.976],[-73.888,4.985],[-73.912,5.028]]]}},{"type":"Feature","properties":{"name":"Topaipí"},"geometry":{"type":"Polygon","coordinates":[[[-74.358,5.331],[-74.329,5.34],[-74.294,5.303],[-74.263,5.315],[-74.249,5.277],[-74.213,5.296],[-74.232,5.312],[-74.234,5.397],[-74.254,5.407],[-74.322,5.386],[-74.361,5.423],[-74.377,5.395],[-74.358,5.377],[-74.358,5.331]]]}},{"type":"Feature","properties":{"name":"Ubalá"},"geometry":{"type":"MultiPolygon","coordinates":[[[[-73.402,4.88],[-73.521,4.879],[-73.544,4.792],[-73.591,4.795],[-73.565,4.732],[-73.502,4.717],[-73.419,4.747],[-73.372,4.801],[-73.365,4.825],[-73.402,4.88]]],[[[-73.324,4.78],[-73.384,4.758],[-73.384,4.704],[-73.403,4.679],[-73.305,4.624],[-73.248,4.624],[-73.221,4.677],[-73.235,4.695],[-73.221,4.73],[-73.303,4.729],[-73.324,4.78]]]]}},{"type":"Feature","properties":{"name":"Ubaque"},"geometry":{"type":"Polygon","coordinates":[[[-74.005,4.561],[-74.029,4.558],[-74.046,4.508],[-73.979,4.457],[-73.904,4.441],[-73.905,4.501],[-73.952,4.505],[-74.005,4.561]]]}},{"type":"Feature","properties":{"name":"Ubate"},"geometry":{"type":"Polygon","coordinates":[[[-73.766,5.298],[-73.774,5.351],[-73.781,5.339],[-73.818,5.375],[-73.844,5.363],[-73.85,5.328],[-73.89,5.309],[-73.867,5.282],[-73.849,5.291],[-73.805,5.259],[-73.766,5.298]]]}},{"type":"Feature","properties":{"name":"Une"},"geometry":{"type":"Polygon","coordinates":[[[-74.076,4.29],[-73.989,4.344],[-74.004,4.405],[-73.989,4.416],[-74.005,4.43],[-74.057,4.41],[-74.05,4.36],[-74.081,4.352],[-74.085,4.311],[-74.119,4.311],[-74.153,4.254],[-74.123,4.181],[-74.065,4.185],[-74.056,4.21],[-74.083,4.228],[-74.05,4.268],[-74.076,4.29]]]}},{"type":"Feature","properties":{"name":"Útica"},"geometry":{"type":"Polygon","coordinates":[[[-74.492,5.256],[-74.525,5.134],[-74.475,5.153],[-74.453,5.122],[-74.453,5.188],[-74.43,5.232],[-74.463,5.26],[-74.492,5.256]]]}},{"type":"Feature","properties":{"name":"Vergara"},"geometry":{"type":"Polygon","coordinates":[[[-74.341,5.051],[-74.272,5.113],[-74.227,5.119],[-74.226,5.151],[-74.294,5.168],[-74.31,5.202],[-74.34,5.2],[-74.375,5.105],[-74.338,5.086],[-74.341,5.051]]]}},{"type":"Feature","properties":{"name":"Vianí"},"geometry":{"type":"Polygon","coordinates":[[[-74.56,4.796],[-74.54,4.9],[-74.52,4.898],[-74.514,4.924],[-74.536,4.967],[-74.554,4.961],[-74.584,4.876],[-74.56,4.796]]]}},{"type":"Feature","properties":{"name":"Villa Gómez"},"geometry":{"type":"Polygon","coordinates":[[[-74.138,5.235],[-74.205,5.341],[-74.224,5.342],[-74.203,5.191],[-74.17,5.233],[-74.138,5.235]]]}},{"type":"Feature","properties":{"name":"Villapinzón"},"geometry":{"type":"Polygon","coordinates":[[[-73.477,5.148],[-73.512,5.162],[-73.536,5.285],[-73.599,5.319],[-73.591,5.344],[-73.596,5.365],[-73.619,5.299],[-73.663,5.266],[-73.655,5.227],[-73.63,5.189],[-73.537,5.132],[-73.507,5.125],[-73.477,5.148]]]}},{"type":"Feature","properties":{"name":"Villeta"},"geometry":{"type":"Polygon","coordinates":[[[-74.426,5.063],[-74.544,5.063],[-74.533,4.941],[-74.5,4.952],[-74.483,4.938],[-74.436,5.006],[-74.417,4.998],[-74.412,5.02],[-74.436,5.045],[-74.426,5.063]]]}},{"type":"Feature","properties":{"name":"Viotá"},"geometry":{"type":"Polygon","coordinates":[[[-74.549,4.364],[-74.462,4.361],[-74.394,4.5],[-74.401,4.519],[-74.489,4.495],[-74.528,4.457],[-74.537,4.485],[-74.559,4.481],[-74.569,4.411],[-74.552,4.407],[-74.549,4.364]]]}},{"type":"Feature","properties":{"name":"Yacopí"},"geometry":{"type":"Polygon","coordinates":[[[-74.24,5.539],[-74.298,5.575],[-74.315,5.621],[-74.276,5.692],[-74.304,5.71],[-74.287,5.745],[-74.333,5.837],[-74.412,5.765],[-74.481,5.776],[-74.467,5.73],[-74.487,5.65],[-74.514,5.63],[-74.541,5.557],[-74.445,5.55],[-74.411,5.478],[-74.423,5.444],[-74.409,5.409],[-74.355,5.422],[-74.322,5.386],[-74.295,5.406],[-74.267,5.39],[-74.264,5.407],[-74.227,5.401],[-74.178,5.46],[-74.204,5.498],[-74.244,5.476],[-74.254,5.488],[-74.24,5.539]]]}},{"type":"Feature","properties":{"name":"Zipacón"},"geometry":{"type":"Polygon","coordinates":[[[-74.438,4.713],[-74.364,4.733],[-74.342,4.776],[-74.395,4.804],[-74.412,4.739],[-74.438,4.713]]]}},{"type":"Feature","properties":{"name":"Zipaquira"},"geometry":{"type":"Polygon","coordinates":[[[-73.912,5.028],[-74.027,5.045],[-74.007,5.127],[-74.067,5.159],[-74.095,5.062],[-74.08,5.04],[-74.089,5.014],[-74.062,4.987],[-74.033,4.963],[-74.005,4.987],[-73.992,4.971],[-73.972,4.997],[-73.952,4.969],[-73.945,5.011],[-73.912,5.028]]]}},{"type":"Feature","properties":{"name":"Neiva"},"geometry":{"type":"Polygon","coordinates":[[[-75.267,3.13],[-75.297,3.058],[-75.339,3.072],[-75.37,3.113],[-75.409,3.113],[-75.39,3.203],[-75.337,3.272],[-75.355,3.284],[-75.406,3.25],[-75.53,3.232],[-75.563,3.202],[-75.583,3.124],[-75.622,3.075],[-75.6,3.048],[-75.559,3.105],[-75.524,3.069],[-75.531,3.038],[-75.463,3.021],[-75.425,3.097],[-75.398,3.073],[-75.403,3.052],[-75.339,3.042],[-75.316,2.97],[-75.301,2.971],[-75.29,2.868],[-75.216,2.861],[-75.161,2.809],[-75.167,2.765],[-75.135,2.75],[-75.145,2.723],[-75.088,2.73],[-74.945,2.897],[-74.971,2.898],[-74.971,2.934],[-75.066,2.953],[-75.099,2.941],[-75.115,2.998],[-75.177,2.993],[-75.243,3.034],[-75.232,3.066],[-75.261,3.09],[-75.267,3.13]]]}},{"type":"Feature","properties":{"name":"Acevedo"},"geometry":{"type":"Polygon","coordinates":[[[-75.844,1.723],[-75.878,1.848],[-75.962,1.854],[-76.026,1.744],[-76.104,1.711],[-76.111,1.655],[-76.165,1.629],[-76.17,1.588],[-76.12,1.552],[-76.075,1.585],[-76.034,1.583],[-75.912,1.712],[-75.844,1.723]]]}},{"type":"Feature","properties":{"name":"Agrado"},"geometry":{"type":"Polygon","coordinates":[[[-75.666,2.356],[-75.684,2.325],[-75.722,2.36],[-75.787,2.361],[-75.782,2.326],[-75.799,2.313],[-75.779,2.235],[-75.733,2.231],[-75.79,2.226],[-75.73,2.163],[-75.666,2.179],[-75.671,2.216],[-75.647,2.227],[-75.64,2.335],[-75.666,2.356]]]}},{"type":"Feature","properties":{"name":"Aipe"},"geometry":{"type":"Polygon","coordinates":[[[-75.267,3.13],[-75.275,3.161],[-75.229,3.202],[-75.224,3.23],[-75.239,3.31],[-75.204,3.331],[-75.216,3.353],[-75.202,3.345],[-75.173,3.376],[-75.2,3.385],[-75.2,3.409],[-75.241,3.405],[-75.252,3.366],[-75.319,3.42],[-75.34,3.398],[-75.366,3.407],[-75.375,3.375],[-75.415,3.371],[-75.44,3.345],[-75.479,3.361],[-75.49,3.326],[-75.527,3.319],[-75.522,3.301],[-75.576,3.229],[-75.585,3.15],[-75.53,3.232],[-75.406,3.25],[-75.355,3.284],[-75.337,3.272],[-75.39,3.203],[-75.409,3.113],[-75.37,3.113],[-75.339,3.072],[-75.297,3.058],[-75.267,3.13]]]}},{"type":"Feature","properties":{"name":"Algeciras"},"geometry":{"type":"Polygon","coordinates":[[[-75.349,2.323],[-75.251,2.444],[-75.227,2.511],[-75.181,2.508],[-75.154,2.582],[-75.133,2.595],[-75.156,2.646],[-75.133,2.694],[-75.153,2.709],[-75.298,2.569],[-75.346,2.551],[-75.429,2.452],[-75.446,2.393],[-75.428,2.355],[-75.403,2.35],[-75.386,2.315],[-75.349,2.323]]]}},{"type":"Feature","properties":{"name":"Altamira"},"geometry":{"type":"Polygon","coordinates":[[[-75.73,2.163],[-75.747,2.114],[-75.795,2.121],[-75.84,2.086],[-75.86,2.048],[-75.829,1.999],[-75.789,1.992],[-75.775,2.028],[-75.749,2.033],[-75.668,2.142],[-75.692,2.17],[-75.73,2.163]]]}},{"type":"Feature","properties":{"name":"Baraya"},"geometry":{"type":"Polygon","coordinates":[[[-74.909,3.291],[-75.018,3.276],[-75.05,3.23],[-75.043,3.201],[-75.093,3.184],[-75.134,3.2],[-75.164,3.138],[-75.1,3.068],[-75.062,3.098],[-74.943,3.046],[-74.941,2.978],[-74.912,2.957],[-74.869,2.974],[-74.766,3.097],[-74.848,3.143],[-74.845,3.183],[-74.909,3.291]]]}},{"type":"Feature","properties":{"name":"Campoalegre"},"geometry":{"type":"Polygon","coordinates":[[[-75.172,2.703],[-75.214,2.691],[-75.276,2.753],[-75.319,2.74],[-75.334,2.78],[-75.393,2.723],[-75.405,2.744],[-75.422,2.736],[-75.442,2.689],[-75.438,2.625],[-75.385,2.55],[-75.386,2.517],[-75.368,2.513],[-75.346,2.551],[-75.298,2.569],[-75.282,2.6],[-75.174,2.678],[-75.172,2.703]]]}},{"type":"Feature","properties":{"name":"Colombia"},"geometry":{"type":"Polygon","coordinates":[[[-74.766,3.097],[-74.713,3.17],[-74.673,3.186],[-74.657,3.248],[-74.616,3.288],[-74.64,3.368],[-74.606,3.414],[-74.631,3.471],[-74.59,3.528],[-74.568,3.522],[-74.537,3.56],[-74.503,3.646],[-74.413,3.724],[-74.418,3.742],[-74.463,3.741],[-74.45,3.819],[-74.49,3.818],[-74.535,3.843],[-74.558,3.767],[-74.675,3.672],[-74.701,3.616],[-74.738,3.591],[-74.729,3.552],[-74.781,3.51],[-74.765,3.441],[-74.816,3.406],[-74.848,3.341],[-74.909,3.291],[-74.845,3.183],[-74.848,3.143],[-74.766,3.097]]]}},{"type":"Feature","properties":{"name":"Elías"},"geometry":{"type":"Polygon","coordinates":[[[-75.862,2.043],[-75.921,2.034],[-75.959,2.048],[-76.025,1.973],[-75.987,1.955],[-75.96,1.989],[-75.89,2.008],[-75.862,2.043]]]}},{"type":"Feature","properties":{"name":"Garzón"},"geometry":{"type":"Polygon","coordinates":[[[-75.426,2.195],[-75.44,2.221],[-75.41,2.246],[-75.391,2.294],[-75.394,2.302],[-75.46,2.261],[-75.523,2.252],[-75.603,2.313],[-75.647,2.311],[-75.647,2.227],[-75.671,2.216],[-75.66,2.191],[-75.688,2.167],[-75.668,2.142],[-75.708,2.089],[-75.615,2.009],[-75.588,2.014],[-75.535,2.118],[-75.444,2.145],[-75.426,2.195]]]}},{"type":"Feature","properties":{"name":"Gigante"},"geometry":{"type":"Polygon","coordinates":[[[-75.386,2.315],[-75.445,2.386],[-75.435,2.469],[-75.496,2.484],[-75.528,2.534],[-75.57,2.486],[-75.564,2.448],[-75.6,2.417],[-75.608,2.382],[-75.666,2.356],[-75.64,2.335],[-75.647,2.311],[-75.603,2.313],[-75.523,2.252],[-75.46,2.261],[-75.386,2.315]]]}},{"type":"Feature","properties":{"name":"Guadalupe"},"geometry":{"type":"Polygon","coordinates":[[[-75.588,2.014],[-75.615,2.009],[-75.708,2.089],[-75.791,1.997],[-75.766,1.948],[-75.724,1.938],[-75.688,1.881],[-75.652,1.901],[-75.641,1.958],[-75.588,2.014]]]}},{"type":"Feature","properties":{"name":"Íquira"},"geometry":{"type":"Polygon","coordinates":[[[-75.588,2.684],[-75.615,2.693],[-75.651,2.796],[-75.81,2.787],[-75.805,2.767],[-75.751,2.742],[-75.761,2.68],[-75.723,2.664],[-75.722,2.632],[-75.645,2.635],[-75.64,2.539],[-75.584,2.549],[-75.588,2.684]]]}},{"type":"Feature","properties":{"name":"Isnos"},"geometry":{"type":"Polygon","coordinates":[[[-76.132,1.997],[-76.346,2.085],[-76.379,2.151],[-76.365,2.171],[-76.385,2.21],[-76.36,2.271],[-76.374,2.279],[-76.426,2.173],[-76.383,2.114],[-76.379,2.077],[-76.274,2.011],[-76.283,1.932],[-76.227,1.854],[-76.168,1.867],[-76.151,1.917],[-76.101,1.938],[-76.16,1.963],[-76.132,1.997]]]}},{"type":"Feature","properties":{"name":"La Argentina"},"geometry":{"type":"Polygon","coordinates":[[[-76.182,2.157],[-76.299,2.282],[-76.36,2.271],[-76.315,2.212],[-76.221,2.168],[-76.168,2.111],[-76.129,2.13],[-76.104,2.097],[-76.058,2.09],[-75.973,2.144],[-75.977,2.164],[-75.913,2.206],[-75.889,2.26],[-75.929,2.251],[-75.961,2.216],[-75.974,2.241],[-76.016,2.189],[-76.122,2.183],[-76.151,2.152],[-76.182,2.157]]]}},{"type":"Feature","properties":{"name":"La Plata"},"geometry":{"type":"Polygon","coordinates":[[[-75.889,2.26],[-75.909,2.272],[-75.903,2.302],[-75.841,2.327],[-75.817,2.424],[-75.846,2.46],[-75.863,2.426],[-75.887,2.425],[-75.924,2.481],[-75.98,2.503],[-76.033,2.403],[-76.089,2.416],[-76.126,2.38],[-76.146,2.294],[-76.121,2.225],[-76.154,2.199],[-76.208,2.198],[-76.182,2.157],[-76.151,2.152],[-76.122,2.183],[-76.016,2.189],[-75.974,2.241],[-75.961,2.216],[-75.929,2.251],[-75.889,2.26]]]}},{"type":"Feature","properties":{"name":"Nátaga"},"geometry":{"type":"Polygon","coordinates":[[[-75.761,2.68],[-75.84,2.559],[-75.803,2.475],[-75.769,2.509],[-75.759,2.586],[-75.736,2.589],[-75.761,2.62],[-75.731,2.666],[-75.761,2.68]]]}},{"type":"Feature","properties":{"name":"Oporapa"},"geometry":{"type":"Polygon","coordinates":[[[-75.963,2.041],[-75.98,2.066],[-75.973,2.11],[-76.006,2.115],[-76.058,2.09],[-76.104,2.097],[-76.129,2.13],[-76.15,2.118],[-76.109,2.089],[-76.115,2.052],[-76.097,2.019],[-76.071,2.028],[-76.001,2.0],[-75.963,2.041]]]}},{"type":"Feature","properties":{"name":"Paicol"},"geometry":{"type":"Polygon","coordinates":[[[-75.684,2.325],[-75.638,2.381],[-75.615,2.374],[-75.569,2.462],[-75.636,2.422],[-75.637,2.442],[-75.657,2.431],[-75.674,2.46],[-75.714,2.443],[-75.812,2.485],[-75.843,2.466],[-75.817,2.424],[-75.831,2.356],[-75.808,2.332],[-75.782,2.326],[-75.781,2.364],[-75.722,2.36],[-75.684,2.325]]]}},{"type":"Feature","properties":{"name":"Palermo"},"geometry":{"type":"Polygon","coordinates":[[[-75.559,3.105],[-75.614,3.024],[-75.577,2.979],[-75.494,2.958],[-75.545,2.882],[-75.6,2.89],[-75.622,2.877],[-75.622,2.854],[-75.587,2.844],[-75.576,2.814],[-75.547,2.831],[-75.518,2.823],[-75.517,2.801],[-75.495,2.804],[-75.498,2.767],[-75.437,2.775],[-75.428,2.732],[-75.405,2.744],[-75.393,2.723],[-75.334,2.78],[-75.29,2.868],[-75.301,2.971],[-75.316,2.97],[-75.338,3.04],[-75.403,3.052],[-75.398,3.073],[-75.428,3.097],[-75.463,3.021],[-75.531,3.038],[-75.524,3.069],[-75.559,3.105]]]}},{"type":"Feature","properties":{"name":"Palestina"},"geometry":{"type":"Polygon","coordinates":[[[-76.058,1.738],[-76.079,1.772],[-76.138,1.768],[-76.184,1.692],[-76.228,1.662],[-76.199,1.575],[-76.16,1.6],[-76.165,1.629],[-76.111,1.655],[-76.104,1.711],[-76.058,1.738]]]}},{"type":"Feature","properties":{"name":"Pital"},"geometry":{"type":"Polygon","coordinates":[[[-75.782,2.326],[-75.826,2.353],[-75.87,2.31],[-75.893,2.317],[-75.909,2.272],[-75.889,2.26],[-75.919,2.213],[-75.896,2.201],[-75.873,2.221],[-75.818,2.193],[-75.787,2.2],[-75.73,2.163],[-75.79,2.226],[-75.733,2.231],[-75.779,2.235],[-75.799,2.313],[-75.782,2.326]]]}},{"type":"Feature","properties":{"name":"Pitalito"},"geometry":{"type":"Polygon","coordinates":[[[-75.962,1.854],[-75.997,1.904],[-75.988,1.96],[-76.029,1.977],[-76.052,1.96],[-76.134,1.997],[-76.16,1.963],[-76.101,1.938],[-76.151,1.917],[-76.167,1.868],[-76.2,1.859],[-76.252,1.747],[-76.321,1.713],[-76.319,1.687],[-76.242,1.683],[-76.226,1.665],[-76.116,1.776],[-76.067,1.768],[-76.054,1.736],[-76.029,1.742],[-75.962,1.854]]]}},{"type":"Feature","properties":{"name":"Rivera"},"geometry":{"type":"Polygon","coordinates":[[[-75.29,2.868],[-75.335,2.789],[-75.319,2.74],[-75.256,2.747],[-75.214,2.691],[-75.153,2.709],[-75.135,2.75],[-75.167,2.765],[-75.161,2.809],[-75.216,2.861],[-75.29,2.868]]]}},{"type":"Feature","properties":{"name":"Saladoblanco"},"geometry":{"type":"Polygon","coordinates":[[[-76.006,2.001],[-76.071,2.028],[-76.097,2.019],[-76.125,2.109],[-76.168,2.111],[-76.221,2.168],[-76.287,2.192],[-76.36,2.271],[-76.385,2.21],[-76.365,2.171],[-76.379,2.151],[-76.343,2.083],[-76.052,1.96],[-76.006,2.001]]]}},{"type":"Feature","properties":{"name":"San Agustín"},"geometry":{"type":"Polygon","coordinates":[[[-76.419,2.192],[-76.437,2.178],[-76.425,2.129],[-76.466,2.1],[-76.487,2.129],[-76.552,2.139],[-76.591,2.107],[-76.573,2.021],[-76.625,1.972],[-76.619,1.927],[-76.579,1.899],[-76.59,1.868],[-76.557,1.839],[-76.489,1.826],[-76.435,1.792],[-76.418,1.717],[-76.372,1.743],[-76.379,1.665],[-76.326,1.663],[-76.321,1.713],[-76.252,1.747],[-76.195,1.862],[-76.227,1.854],[-76.26,1.89],[-76.283,1.932],[-76.274,2.011],[-76.379,2.077],[-76.383,2.114],[-76.426,2.173],[-76.419,2.192]]]}},{"type":"Feature","properties":{"name":"Santa María"},"geometry":{"type":"Polygon","coordinates":[[[-75.614,3.024],[-75.636,2.994],[-75.693,2.993],[-75.766,2.933],[-75.768,2.915],[-75.743,2.915],[-75.687,2.833],[-75.656,2.82],[-75.619,2.85],[-75.62,2.88],[-75.545,2.882],[-75.494,2.958],[-75.577,2.979],[-75.614,3.024]]]}},{"type":"Feature","properties":{"name":"Suaza"},"geometry":{"type":"Polygon","coordinates":[[[-75.688,1.881],[-75.724,1.938],[-75.766,1.948],[-75.78,1.986],[-75.821,1.998],[-75.835,1.963],[-75.887,1.938],[-75.951,1.857],[-75.878,1.848],[-75.837,1.74],[-75.737,1.782],[-75.731,1.823],[-75.688,1.881]]]}},{"type":"Feature","properties":{"name":"Tarqui"},"geometry":{"type":"Polygon","coordinates":[[[-75.733,2.161],[-75.787,2.2],[-75.818,2.193],[-75.873,2.221],[-75.972,2.17],[-75.973,2.144],[-76.006,2.115],[-75.97,2.107],[-75.97,2.046],[-75.888,2.035],[-75.86,2.042],[-75.836,2.091],[-75.795,2.121],[-75.747,2.114],[-75.733,2.161]]]}},{"type":"Feature","properties":{"name":"Tesalia"},"geometry":{"type":"Polygon","coordinates":[[[-75.558,2.469],[-75.584,2.549],[-75.604,2.534],[-75.642,2.542],[-75.645,2.635],[-75.656,2.645],[-75.7,2.623],[-75.731,2.666],[-75.761,2.62],[-75.736,2.589],[-75.769,2.569],[-75.766,2.519],[-75.795,2.476],[-75.714,2.443],[-75.674,2.46],[-75.657,2.431],[-75.637,2.442],[-75.636,2.422],[-75.592,2.458],[-75.575,2.45],[-75.558,2.469]]]}},{"type":"Feature","properties":{"name":"Tello"},"geometry":{"type":"Polygon","coordinates":[[[-74.945,2.897],[-74.902,2.952],[-74.941,2.978],[-74.943,3.046],[-75.062,3.098],[-75.1,3.068],[-75.22,3.183],[-75.228,3.133],[-75.266,3.14],[-75.261,3.09],[-75.232,3.066],[-75.243,3.034],[-75.177,2.993],[-75.115,2.998],[-75.099,2.941],[-75.066,2.953],[-74.971,2.934],[-74.971,2.898],[-74.945,2.897]]]}},{"type":"Feature","properties":{"name":"Teruel"},"geometry":{"type":"Polygon","coordinates":[[[-75.615,2.693],[-75.56,2.682],[-75.498,2.763],[-75.495,2.804],[-75.517,2.801],[-75.518,2.823],[-75.547,2.831],[-75.576,2.814],[-75.587,2.844],[-75.619,2.85],[-75.64,2.824],[-75.674,2.827],[-75.747,2.916],[-75.857,2.872],[-75.927,2.921],[-75.953,2.918],[-75.989,2.983],[-76.029,2.94],[-75.879,2.834],[-75.825,2.838],[-75.806,2.819],[-75.81,2.787],[-75.64,2.79],[-75.615,2.693]]]}},{"type":"Feature","properties":{"name":"Timaná"},"geometry":{"type":"Polygon","coordinates":[[[-75.968,1.854],[-75.887,1.938],[-75.835,1.963],[-75.821,1.998],[-75.856,2.046],[-75.921,1.989],[-75.96,1.989],[-75.987,1.955],[-75.995,1.898],[-75.968,1.854]]]}},{"type":"Feature","properties":{"name":"Villavieja"},"geometry":{"type":"Polygon","coordinates":[[[-75.266,3.14],[-75.228,3.133],[-75.22,3.183],[-75.163,3.135],[-75.134,3.2],[-75.093,3.184],[-75.043,3.201],[-75.05,3.23],[-75.008,3.28],[-75.071,3.301],[-75.057,3.378],[-75.028,3.391],[-75.034,3.428],[-75.147,3.436],[-75.174,3.409],[-75.173,3.376],[-75.202,3.345],[-75.216,3.353],[-75.204,3.331],[-75.239,3.31],[-75.224,3.23],[-75.229,3.202],[-75.275,3.161],[-75.266,3.14]]]}},{"type":"Feature","properties":{"name":"Yaguará"},"geometry":{"type":"Polygon","coordinates":[[[-75.423,2.734],[-75.437,2.775],[-75.498,2.767],[-75.56,2.682],[-75.588,2.684],[-75.59,2.575],[-75.567,2.486],[-75.543,2.499],[-75.531,2.545],[-75.476,2.577],[-75.481,2.6],[-75.444,2.638],[-75.423,2.734]]]}},{"type":"Feature","properties":{"name":"Albania"},"geometry":{"type":"Polygon","coordinates":[[[-72.459,11.116],[-72.515,11.142],[-72.528,11.161],[-72.499,11.142],[-72.405,11.166],[-72.415,11.231],[-72.45,11.3],[-72.482,11.312],[-72.507,11.35],[-72.523,11.409],[-72.574,11.399],[-72.587,11.384],[-72.566,11.379],[-72.576,11.337],[-72.618,11.32],[-72.603,11.239],[-72.621,11.21],[-72.648,11.211],[-72.646,11.122],[-72.591,11.144],[-72.592,11.113],[-72.496,11.081],[-72.459,11.116]]]}},{"type":"Feature","properties":{"name":"Barrancas"},"geometry":{"type":"Polygon","coordinates":[[[-72.638,11.122],[-72.727,11.023],[-72.835,11.07],[-72.857,11.097],[-72.912,11.034],[-72.784,10.878],[-72.721,10.865],[-72.676,10.819],[-72.648,10.88],[-72.612,10.883],[-72.563,10.928],[-72.526,11.012],[-72.482,11.059],[-72.511,11.094],[-72.594,11.11],[-72.595,11.137],[-72.621,11.114],[-72.638,11.122]]]}},{"type":"Feature","properties":{"name":"Dibulla"},"geometry":{"type":"Polygon","coordinates":[[[-73.386,10.916],[-73.361,10.967],[-73.321,10.986],[-73.323,11.042],[-73.237,11.097],[-73.211,11.155],[-73.164,11.187],[-73.146,11.254],[-73.217,11.33],[-73.276,11.286],[-73.348,11.264],[-73.575,11.26],[-73.584,11.189],[-73.627,11.142],[-73.653,11.138],[-73.635,11.042],[-73.665,10.99],[-73.599,10.836],[-73.456,10.868],[-73.386,10.916]]]}},{"type":"Feature","properties":{"name":"Distracción"},"geometry":{"type":"Polygon","coordinates":[[[-72.915,11.032],[-72.937,11.017],[-72.986,11.03],[-73.019,11.007],[-72.999,10.954],[-73.02,10.91],[-72.997,10.904],[-73.001,10.879],[-72.979,10.894],[-72.947,10.884],[-72.944,10.825],[-72.899,10.79],[-72.88,10.795],[-72.897,10.821],[-72.872,10.84],[-72.872,10.914],[-72.922,10.951],[-72.915,11.032]]]}},{"type":"Feature","properties":{"name":"El Molino"},"geometry":{"type":"Polygon","coordinates":[[[-72.781,10.612],[-72.821,10.681],[-72.862,10.678],[-72.974,10.716],[-73.013,10.671],[-72.987,10.669],[-72.955,10.62],[-72.843,10.539],[-72.781,10.612]]]}},{"type":"Feature","properties":{"name":"Fonseca"},"geometry":{"type":"Polygon","coordinates":[[[-72.912,11.034],[-72.922,10.951],[-72.872,10.914],[-72.872,10.84],[-72.897,10.821],[-72.88,10.795],[-72.899,10.79],[-72.875,10.77],[-72.834,10.775],[-72.824,10.705],[-72.771,10.699],[-72.739,10.653],[-72.711,10.752],[-72.68,10.764],[-72.676,10.819],[-72.721,10.865],[-72.784,10.878],[-72.912,11.034]]]}},{"type":"Feature","properties":{"name":"Hatonuevo"},"geometry":{"type":"MultiPolygon","coordinates":[[[[-72.648,11.164],[-72.783,11.138],[-72.853,11.085],[-72.763,11.033],[-72.717,11.027],[-72.693,11.075],[-72.638,11.122],[-72.658,11.153],[-72.648,11.164]]],[[[-72.591,11.144],[-72.621,11.114],[-72.595,11.137],[-72.601,11.124],[-72.594,11.11],[-72.492,11.08],[-72.592,11.113],[-72.591,11.144]]]]}},{"type":"Feature","properties":{"name":"La Jagua Del Pilar"},"geometry":{"type":"Polygon","coordinates":[[[-72.887,10.453],[-73.027,10.418],[-73.027,10.517],[-73.073,10.517],[-73.086,10.535],[-73.111,10.495],[-73.168,10.492],[-73.182,10.466],[-73.145,10.441],[-73.142,10.397],[-73.084,10.426],[-72.987,10.4],[-72.887,10.453]]]}},{"type":"Feature","properties":{"name":"Maicao"},"geometry":{"type":"Polygon","coordinates":[[[-72.459,11.116],[-72.349,11.151],[-72.249,11.14],[-71.979,11.631],[-71.994,11.694],[-72.039,11.671],[-72.125,11.533],[-72.382,11.526],[-72.49,11.454],[-72.537,11.443],[-72.605,11.459],[-72.616,11.428],[-72.648,11.428],[-72.611,11.319],[-72.576,11.337],[-72.566,11.379],[-72.585,11.388],[-72.523,11.409],[-72.489,11.32],[-72.439,11.284],[-72.405,11.166],[-72.499,11.142],[-72.528,11.161],[-72.515,11.142],[-72.459,11.116]]]}},{"type":"Feature","properties":{"name":"Manaure"},"geometry":{"type":"Polygon","coordinates":[[[-72.261,11.527],[-72.32,11.554],[-72.328,11.601],[-72.378,11.635],[-72.368,11.71],[-72.331,11.772],[-72.355,11.828],[-72.444,11.78],[-72.515,11.777],[-72.561,11.745],[-72.765,11.681],[-72.891,11.56],[-72.855,11.51],[-72.786,11.506],[-72.785,11.487],[-72.757,11.478],[-72.714,11.482],[-72.698,11.445],[-72.632,11.424],[-72.605,11.459],[-72.537,11.443],[-72.49,11.454],[-72.382,11.526],[-72.261,11.527]]]}},{"type":"Feature","properties":{"name":"San Juan Del Cesar"},"geometry":{"type":"Polygon","coordinates":[[[-73.456,10.868],[-73.337,10.862],[-73.313,10.846],[-73.28,10.857],[-73.251,10.804],[-73.278,10.726],[-73.222,10.734],[-73.204,10.704],[-73.162,10.71],[-73.073,10.634],[-72.974,10.716],[-72.862,10.678],[-72.821,10.681],[-72.781,10.612],[-72.75,10.634],[-72.771,10.699],[-72.824,10.705],[-72.834,10.775],[-72.89,10.777],[-72.944,10.825],[-72.941,10.874],[-72.957,10.892],[-73.001,10.879],[-72.997,10.904],[-73.02,10.91],[-72.999,10.954],[-73.026,11.013],[-73.076,10.991],[-73.08,10.971],[-73.115,10.987],[-73.198,10.933],[-73.282,10.94],[-73.341,10.91],[-73.386,10.916],[-73.456,10.868]]]}},{"type":"Feature","properties":{"name":"Urumita"},"geometry":{"type":"Polygon","coordinates":[[[-72.887,10.453],[-72.845,10.485],[-72.843,10.508],[-72.913,10.507],[-73.004,10.552],[-73.011,10.573],[-73.1,10.552],[-73.163,10.489],[-73.111,10.495],[-73.086,10.535],[-73.073,10.517],[-73.027,10.517],[-73.027,10.418],[-72.887,10.453]]]}},{"type":"Feature","properties":{"name":"Villanueva"},"geometry":{"type":"Polygon","coordinates":[[[-72.987,10.669],[-73.079,10.634],[-73.099,10.552],[-73.011,10.573],[-73.004,10.552],[-72.913,10.507],[-72.837,10.511],[-72.858,10.558],[-72.955,10.62],[-72.987,10.669]]]}},{"type":"Feature","properties":{"name":"Algarrobo"},"geometry":{"type":"Polygon","coordinates":[[[-73.978,10.277],[-74.004,10.279],[-74.042,10.346],[-74.057,10.325],[-74.11,10.393],[-74.15,10.37],[-74.181,10.319],[-74.213,10.197],[-74.196,10.186],[-74.127,10.207],[-74.102,10.086],[-74.074,10.052],[-74.066,10.167],[-74.041,10.22],[-73.978,10.277]]]}},{"type":"Feature","properties":{"name":"La Montañita"},"geometry":{"type":"Polygon","coordinates":[[[-75.479,1.343],[-75.346,1.357],[-75.349,1.278],[-75.316,1.212],[-75.324,1.196],[-75.283,1.195],[-75.281,1.171],[-75.191,1.108],[-75.194,1.042],[-74.9,0.976],[-74.896,0.994],[-74.952,1.058],[-74.951,1.095],[-75.028,1.183],[-75.022,1.224],[-75.071,1.246],[-75.081,1.274],[-75.091,1.232],[-75.118,1.34],[-75.217,1.345],[-75.26,1.371],[-75.278,1.446],[-75.329,1.483],[-75.368,1.566],[-75.402,1.576],[-75.361,1.605],[-75.34,1.661],[-75.404,1.769],[-75.427,1.757],[-75.418,1.741],[-75.435,1.714],[-75.419,1.699],[-75.441,1.692],[-75.486,1.594],[-75.456,1.454],[-75.479,1.343]]]}},{"type":"Feature","properties":{"name":"Milán"},"geometry":{"type":"Polygon","coordinates":[[[-75.568,1.322],[-75.544,1.09],[-75.4,1.031],[-75.324,0.925],[-75.297,0.942],[-75.253,0.937],[-75.239,0.891],[-75.208,0.91],[-75.201,0.93],[-75.228,0.967],[-75.217,1.023],[-75.194,1.043],[-75.19,1.106],[-75.281,1.171],[-75.283,1.195],[-75.324,1.196],[-75.316,1.212],[-75.349,1.278],[-75.346,1.357],[-75.463,1.355],[-75.568,1.322]]]}},{"type":"Feature","properties":{"name":"Morelia"},"geometry":{"type":"Polygon","coordinates":[[[-75.779,1.583],[-75.809,1.534],[-75.782,1.528],[-75.777,1.456],[-75.737,1.422],[-75.757,1.337],[-75.702,1.322],[-75.705,1.295],[-75.663,1.292],[-75.647,1.229],[-75.569,1.217],[-75.568,1.322],[-75.603,1.362],[-75.589,1.385],[-75.6,1.423],[-75.634,1.441],[-75.664,1.496],[-75.696,1.489],[-75.705,1.509],[-75.733,1.489],[-75.737,1.534],[-75.779,1.583]]]}},{"type":"Feature","properties":{"name":"Puerto Rico"},"geometry":{"type":"Polygon","coordinates":[[[-74.93,1.426],[-74.907,1.417],[-74.91,1.4],[-74.875,1.412],[-74.869,1.388],[-74.826,1.392],[-74.824,1.408],[-74.811,1.398],[-74.799,1.419],[-74.809,1.475],[-74.791,1.481],[-74.791,1.541],[-74.804,1.549],[-74.783,1.582],[-74.813,1.608],[-74.795,1.682],[-74.815,1.734],[-74.85,1.763],[-74.834,1.795],[-74.857,1.816],[-74.879,1.917],[-74.922,1.971],[-74.923,2.026],[-74.957,2.033],[-74.939,2.094],[-74.961,2.086],[-75.026,2.15],[-74.984,2.334],[-75.01,2.349],[-74.983,2.435],[-75.011,2.45],[-75.016,2.49],[-74.98,2.568],[-75.033,2.592],[-75.055,2.629],[-75.104,2.626],[-75.154,2.582],[-75.181,2.508],[-75.227,2.511],[-75.251,2.444],[-75.349,2.323],[-75.314,2.271],[-75.287,2.27],[-75.256,2.164],[-75.297,2.054],[-75.283,2.003],[-75.327,1.805],[-75.261,1.794],[-75.185,1.712],[-75.039,1.723],[-75.033,1.657],[-75.011,1.646],[-75.014,1.626],[-74.98,1.613],[-74.975,1.561],[-74.955,1.53],[-74.94,1.535],[-74.939,1.485],[-74.92,1.469],[-74.933,1.462],[-74.918,1.454],[-74.933,1.445],[-74.916,1.44],[-74.93,1.426]]]}},{"type":"Feature","properties":{"name":"San José Del Fragua"},"geometry":{"type":"Polygon","coordinates":[[[-75.907,1.359],[-75.995,1.421],[-76.025,1.529],[-76.089,1.504],[-76.099,1.564],[-76.12,1.552],[-76.124,1.566],[-76.17,1.588],[-76.149,1.537],[-76.184,1.488],[-76.176,1.451],[-76.201,1.422],[-76.214,1.321],[-76.303,1.236],[-76.289,1.206],[-76.303,1.177],[-76.274,1.132],[-76.215,1.108],[-76.16,1.116],[-76.139,1.098],[-76.098,1.149],[-76.021,1.113],[-76.027,1.158],[-75.955,1.182],[-75.994,1.247],[-75.963,1.275],[-75.952,1.325],[-75.907,1.359]]]}},{"type":"Feature","properties":{"name":"Valparaíso"},"geometry":{"type":"Polygon","coordinates":[[[-75.815,1.111],[-75.858,1.098],[-75.849,1.069],[-75.876,1.022],[-75.831,0.935],[-75.719,0.968],[-75.639,1.013],[-75.517,0.961],[-75.515,0.933],[-75.566,0.897],[-75.495,0.884],[-75.47,0.843],[-75.324,0.925],[-75.4,1.031],[-75.544,1.09],[-75.569,1.217],[-75.647,1.229],[-75.656,1.284],[-75.705,1.295],[-75.702,1.322],[-75.747,1.324],[-75.754,1.299],[-75.716,1.206],[-75.778,1.166],[-75.81,1.173],[-75.815,1.111]]]}},{"type":"Feature","properties":{"name":"Popayán"},"geometry":{"type":"Polygon","coordinates":[[[-76.588,2.553],[-76.723,2.558],[-76.743,2.573],[-76.768,2.567],[-76.773,2.538],[-76.676,2.438],[-76.557,2.397],[-76.535,2.311],[-76.497,2.369],[-76.508,2.416],[-76.417,2.407],[-76.385,2.424],[-76.588,2.553]]]}},{"type":"Feature","properties":{"name":"Almaguer"},"geometry":{"type":"Polygon","coordinates":[[[-76.724,1.98],[-76.752,1.939],[-76.793,1.952],[-76.81,1.988],[-76.866,1.982],[-76.937,1.918],[-76.884,1.848],[-76.802,1.839],[-76.748,1.894],[-76.724,1.98]]]}},{"type":"Feature","properties":{"name":"Argelia"},"geometry":{"type":"Polygon","coordinates":[[[-77.309,2.508],[-77.33,2.488],[-77.322,2.449],[-77.401,2.39],[-77.38,2.297],[-77.392,2.283],[-77.323,2.222],[-77.305,2.146],[-77.256,2.151],[-77.243,2.183],[-77.212,2.157],[-77.178,2.202],[-77.166,2.297],[-77.134,2.316],[-77.148,2.337],[-77.137,2.435],[-77.309,2.508]]]}},{"type":"Feature","properties":{"name":"Balboa"},"geometry":{"type":"Polygon","coordinates":[[[-77.305,2.146],[-77.334,2.051],[-77.259,1.994],[-77.221,1.988],[-77.203,1.952],[-77.177,2.012],[-77.119,2.03],[-77.118,2.053],[-77.084,2.083],[-77.085,2.116],[-77.178,2.202],[-77.212,2.157],[-77.243,2.183],[-77.256,2.151],[-77.305,2.146]]]}},{"type":"Feature","properties":{"name":"Bolívar"},"geometry":{"type":"Polygon","coordinates":[[[-76.866,1.982],[-76.931,2.017],[-76.964,2.009],[-76.983,2.037],[-76.944,2.063],[-76.924,2.1],[-76.936,2.111],[-77.022,2.011],[-77.052,2.003],[-77.076,1.969],[-77.117,1.964],[-77.131,1.938],[-77.089,1.906],[-77.079,1.82],[-77.019,1.816],[-77.018,1.774],[-77.047,1.733],[-77.002,1.707],[-76.936,1.729],[-76.903,1.663],[-76.853,1.636],[-76.848,1.669],[-76.808,1.702],[-76.868,1.847],[-76.937,1.918],[-76.866,1.982]]]}},{"type":"Feature","properties":{"name":"Buenos Aires"},"geometry":{"type":"Polygon","coordinates":[[[-76.558,3.102],[-76.572,3.129],[-76.61,3.091],[-76.63,3.128],[-76.665,3.099],[-76.724,3.118],[-76.75,3.146],[-76.739,3.186],[-76.773,3.234],[-76.79,3.214],[-76.793,3.138],[-76.817,3.114],[-76.805,3.051],[-76.755,3.024],[-76.705,3.072],[-76.67,3.038],[-76.687,2.982],[-76.669,2.956],[-76.678,2.93],[-76.632,2.871],[-76.571,2.921],[-76.603,2.967],[-76.558,3.102]]]}},{"type":"Feature","properties":{"name":"Cajibío"},"geometry":{"type":"Polygon","coordinates":[[[-76.77,2.568],[-76.56,2.555],[-76.528,2.589],[-76.493,2.572],[-76.513,2.599],[-76.5,2.615],[-76.614,2.661],[-76.639,2.704],[-76.701,2.737],[-76.766,2.738],[-76.799,2.715],[-76.849,2.765],[-76.879,2.688],[-76.833,2.619],[-76.773,2.602],[-76.77,2.568]]]}},{"type":"Feature","properties":{"name":"Caldono"},"geometry":{"type":"Polygon","coordinates":[[[-76.63,2.872],[-76.572,2.827],[-76.504,2.706],[-76.484,2.75],[-76.413,2.721],[-76.361,2.771],[-76.363,2.918],[-76.476,2.845],[-76.552,2.886],[-76.583,2.863],[-76.63,2.872]]]}},{"type":"Feature","properties":{"name":"Caloto"},"geometry":{"type":"Polygon","coordinates":[[[-76.429,3.211],[-76.441,3.197],[-76.441,3.159],[-76.458,3.16],[-76.418,3.08],[-76.45,3.046],[-76.431,3.029],[-76.425,2.978],[-76.367,2.92],[-76.339,2.981],[-76.29,3.018],[-76.276,3.07],[-76.309,3.132],[-76.351,3.139],[-76.355,3.173],[-76.356,3.071],[-76.381,3.094],[-76.406,3.076],[-76.428,3.128],[-76.408,3.14],[-76.435,3.163],[-76.436,3.194],[-76.414,3.198],[-76.429,3.211]]]}},{"type":"Feature","properties":{"name":"Corinto"},"geometry":{"type":"Polygon","coordinates":[[[-76.276,3.07],[-76.126,3.069],[-76.106,3.107],[-76.074,3.122],[-76.082,3.163],[-76.128,3.156],[-76.211,3.192],[-76.24,3.228],[-76.287,3.228],[-76.332,3.131],[-76.309,3.132],[-76.276,3.07]]]}},{"type":"Feature","properties":{"name":"El Tambo"},"geometry":{"type":"Polygon","coordinates":[[[-76.766,2.518],[-76.773,2.602],[-76.833,2.619],[-76.879,2.688],[-76.851,2.761],[-76.88,2.812],[-76.917,2.815],[-76.95,2.769],[-77.007,2.818],[-77.069,2.827],[-77.072,2.797],[-77.13,2.795],[-77.176,2.762],[-77.219,2.769],[-77.224,2.791],[-77.262,2.808],[-77.276,2.727],[-77.21,2.693],[-77.201,2.66],[-77.263,2.636],[-77.26,2.604],[-77.311,2.556],[-77.309,2.508],[-77.137,2.435],[-77.148,2.337],[-77.134,2.316],[-77.106,2.33],[-77.058,2.309],[-77.029,2.317],[-77.014,2.273],[-77.024,2.242],[-77.004,2.227],[-77.015,2.208],[-76.984,2.21],[-76.941,2.265],[-76.91,2.265],[-76.886,2.229],[-76.84,2.226],[-76.837,2.294],[-76.808,2.286],[-76.798,2.32],[-76.76,2.306],[-76.745,2.323],[-76.831,2.369],[-76.816,2.386],[-76.742,2.382],[-76.738,2.413],[-76.719,2.411],[-76.709,2.438],[-76.766,2.518]]]}},{"type":"Feature","properties":{"name":"Florencia"},"geometry":{"type":"Polygon","coordinates":[[[-77.052,1.74],[-77.12,1.706],[-77.144,1.678],[-77.138,1.655],[-77.072,1.669],[-77.029,1.711],[-77.052,1.74]]]}},{"type":"Feature","properties":{"name":"Guachené"},"geometry":{"type":"Polygon","coordinates":[[[-76.355,3.173],[-76.397,3.219],[-76.436,3.194],[-76.435,3.163],[-76.408,3.14],[-76.428,3.128],[-76.406,3.076],[-76.381,3.094],[-76.356,3.071],[-76.355,3.173]]]}},{"type":"Feature","properties":{"name":"Inza"},"geometry":{"type":"Polygon","coordinates":[[[-75.962,2.498],[-75.961,2.545],[-76.042,2.612],[-76.009,2.634],[-76.031,2.636],[-76.038,2.669],[-76.064,2.679],[-76.102,2.649],[-76.114,2.666],[-76.135,2.654],[-76.164,2.668],[-76.182,2.626],[-76.205,2.634],[-76.231,2.607],[-76.229,2.552],[-76.205,2.524],[-76.216,2.496],[-76.292,2.461],[-76.29,2.44],[-76.328,2.425],[-76.328,2.403],[-76.291,2.397],[-76.294,2.353],[-76.258,2.353],[-76.209,2.322],[-76.089,2.416],[-76.033,2.403],[-75.98,2.503],[-75.962,2.498]]]}},{"type":"Feature","properties":{"name":"Jambaló"},"geometry":{"type":"Polygon","coordinates":[[[-76.365,2.767],[-76.336,2.747],[-76.329,2.78],[-76.312,2.762],[-76.278,2.783],[-76.261,2.767],[-76.215,2.816],[-76.226,2.863],[-76.268,2.848],[-76.305,2.874],[-76.314,2.992],[-76.366,2.936],[-76.365,2.767]]]}},{"type":"Feature","properties":{"name":"La Sierra"},"geometry":{"type":"Polygon","coordinates":[[[-76.932,2.257],[-76.884,2.158],[-76.839,2.167],[-76.64,2.134],[-76.65,2.188],[-76.68,2.187],[-76.727,2.229],[-76.802,2.203],[-76.895,2.232],[-76.91,2.265],[-76.932,2.257]]]}},{"type":"Feature","properties":{"name":"La Vega"},"geometry":{"type":"Polygon","coordinates":[[[-76.58,2.029],[-76.67,2.047],[-76.71,2.143],[-76.888,2.163],[-76.887,2.026],[-76.852,2.017],[-76.837,1.985],[-76.81,1.988],[-76.793,1.952],[-76.737,1.945],[-76.724,1.98],[-76.708,1.961],[-76.637,1.969],[-76.579,2.002],[-76.58,2.029]]]}},{"type":"Feature","properties":{"name":"Mercaderes"},"geometry":{"type":"Polygon","coordinates":[[[-77.203,1.952],[-77.31,1.804],[-77.295,1.766],[-77.328,1.68],[-77.243,1.657],[-77.134,1.678],[-77.12,1.706],[-77.042,1.739],[-77.018,1.774],[-77.019,1.816],[-77.079,1.82],[-77.1,1.917],[-77.134,1.942],[-77.203,1.952]]]}},{"type":"Feature","properties":{"name":"Miranda"},"geometry":{"type":"Polygon","coordinates":[[[-76.088,3.171],[-76.078,3.165],[-76.091,3.198],[-76.069,3.195],[-76.055,3.223],[-76.068,3.211],[-76.156,3.236],[-76.191,3.227],[-76.229,3.277],[-76.293,3.287],[-76.351,3.286],[-76.366,3.264],[-76.369,3.24],[-76.24,3.228],[-76.211,3.192],[-76.128,3.156],[-76.088,3.171]]]}},{"type":"Feature","properties":{"name":"Morales"},"geometry":{"type":"Polygon","coordinates":[[[-76.645,2.889],[-76.687,2.87],[-76.694,2.825],[-76.72,2.806],[-76.783,2.826],[-76.833,2.86],[-76.796,2.942],[-76.846,2.98],[-76.879,2.939],[-76.88,2.895],[-76.902,2.869],[-76.892,2.848],[-76.917,2.815],[-76.88,2.812],[-76.832,2.735],[-76.799,2.715],[-76.766,2.738],[-76.708,2.737],[-76.594,2.708],[-76.575,2.734],[-76.596,2.829],[-76.645,2.889]]]}},{"type":"Feature","properties":{"name":"Padilla"},"geometry":{"type":"Polygon","coordinates":[[[-76.332,3.131],[-76.287,3.228],[-76.366,3.241],[-76.378,3.202],[-76.332,3.131]]]}},{"type":"Feature","properties":{"name":"Páez"},"geometry":{"type":"Polygon","coordinates":[[[-75.805,2.767],[-75.806,2.819],[-75.825,2.838],[-75.879,2.834],[-76.029,2.94],[-76.021,3.004],[-76.045,3.043],[-76.074,3.045],[-76.121,2.964],[-76.117,2.923],[-76.224,2.854],[-76.215,2.816],[-76.245,2.782],[-76.174,2.777],[-76.22,2.77],[-76.255,2.659],[-76.188,2.624],[-76.164,2.668],[-76.135,2.654],[-76.114,2.666],[-76.102,2.649],[-76.064,2.679],[-76.038,2.669],[-76.031,2.636],[-76.009,2.634],[-76.042,2.612],[-75.961,2.545],[-75.958,2.49],[-75.924,2.481],[-75.887,2.425],[-75.863,2.426],[-75.814,2.484],[-75.838,2.567],[-75.748,2.719],[-75.751,2.742],[-75.805,2.767]]]}},{"type":"Feature","properties":{"name":"Patía"},"geometry":{"type":"Polygon","coordinates":[[[-77.178,2.202],[-77.085,2.116],[-77.084,2.095],[-77.119,2.03],[-77.177,2.012],[-77.201,1.954],[-77.179,1.937],[-77.131,1.938],[-77.117,1.964],[-77.076,1.969],[-77.052,2.003],[-77.022,2.011],[-76.892,2.168],[-76.914,2.24],[-76.941,2.265],[-76.984,2.21],[-77.015,2.208],[-77.004,2.227],[-77.024,2.242],[-77.014,2.273],[-77.029,2.317],[-77.058,2.309],[-77.106,2.33],[-77.166,2.297],[-77.178,2.202]]]}},{"type":"Feature","properties":{"name":"Piamonte"},"geometry":{"type":"Polygon","coordinates":[[[-76.161,1.583],[-76.217,1.558],[-76.21,1.499],[-76.257,1.451],[-76.239,1.424],[-76.245,1.39],[-76.325,1.319],[-76.323,1.29],[-76.376,1.238],[-76.391,1.185],[-76.419,1.187],[-76.451,1.157],[-76.443,1.142],[-76.469,1.096],[-76.514,1.076],[-76.555,1.089],[-76.568,1.082],[-76.545,1.038],[-76.493,1.028],[-76.425,0.96],[-76.371,0.984],[-76.335,0.981],[-76.329,0.958],[-76.276,0.984],[-76.236,0.965],[-76.236,0.982],[-76.191,0.993],[-76.209,1.005],[-76.184,1.026],[-76.126,1.007],[-76.075,1.028],[-76.094,1.053],[-76.081,1.066],[-76.123,1.101],[-76.26,1.122],[-76.303,1.177],[-76.289,1.206],[-76.303,1.236],[-76.214,1.321],[-76.201,1.422],[-76.176,1.451],[-76.184,1.488],[-76.149,1.537],[-76.161,1.583]]]}},{"type":"Feature","properties":{"name":"Piendamó"},"geometry":{"type":"Polygon","coordinates":[[[-76.501,2.615],[-76.494,2.651],[-76.516,2.698],[-76.499,2.695],[-76.504,2.706],[-76.572,2.827],[-76.611,2.856],[-76.578,2.715],[-76.669,2.719],[-76.614,2.661],[-76.501,2.615]]]}},{"type":"Feature","properties":{"name":"Puerto Tejada"},"geometry":{"type":"Polygon","coordinates":[[[-76.42,3.208],[-76.397,3.219],[-76.373,3.205],[-76.351,3.286],[-76.46,3.329],[-76.494,3.293],[-76.42,3.208]]]}},{"type":"Feature","properties":{"name":"Puracé (Coconuco)"},"geometry":{"type":"Polygon","coordinates":[[[-76.385,2.269],[-76.299,2.282],[-76.208,2.198],[-76.148,2.201],[-76.121,2.225],[-76.146,2.294],[-76.126,2.38],[-76.22,2.319],[-76.258,2.353],[-76.3,2.358],[-76.291,2.397],[-76.335,2.387],[-76.385,2.424],[-76.417,2.407],[-76.508,2.416],[-76.494,2.38],[-76.545,2.27],[-76.532,2.225],[-76.556,2.195],[-76.554,2.139],[-76.487,2.129],[-76.466,2.1],[-76.431,2.12],[-76.434,2.188],[-76.403,2.204],[-76.385,2.269]]]}},{"type":"Feature","properties":{"name":"Rosas"},"geometry":{"type":"Polygon","coordinates":[[[-76.84,2.226],[-76.802,2.203],[-76.727,2.229],[-76.68,2.187],[-76.65,2.188],[-76.662,2.247],[-76.798,2.32],[-76.808,2.286],[-76.837,2.294],[-76.84,2.226]]]}},{"type":"Feature","properties":{"name":"San Sebastian"},"geometry":{"type":"Polygon","coordinates":[[[-76.623,1.975],[-76.708,1.961],[-76.724,1.98],[-76.748,1.894],[-76.794,1.843],[-76.868,1.847],[-76.811,1.704],[-76.768,1.752],[-76.768,1.776],[-76.75,1.77],[-76.696,1.816],[-76.645,1.801],[-76.599,1.848],[-76.579,1.899],[-76.619,1.927],[-76.623,1.975]]]}},{"type":"Feature","properties":{"name":"Santander De Quilichao"},"geometry":{"type":"Polygon","coordinates":[[[-76.611,2.875],[-76.583,2.863],[-76.534,2.883],[-76.476,2.845],[-76.363,2.918],[-76.392,2.934],[-76.44,3.011],[-76.431,3.029],[-76.45,3.046],[-76.418,3.08],[-76.431,3.104],[-76.508,3.15],[-76.533,3.135],[-76.514,3.12],[-76.531,3.124],[-76.574,3.076],[-76.603,2.962],[-76.571,2.921],[-76.611,2.875]]]}},{"type":"Feature","properties":{"name":"Santa Rosa"},"geometry":{"type":"Polygon","coordinates":[[[-76.199,1.575],[-76.242,1.683],[-76.272,1.675],[-76.302,1.69],[-76.326,1.663],[-76.379,1.665],[-76.372,1.743],[-76.418,1.717],[-76.435,1.792],[-76.511,1.833],[-76.53,1.824],[-76.59,1.868],[-76.645,1.801],[-76.696,1.816],[-76.75,1.77],[-76.768,1.776],[-76.811,1.691],[-76.848,1.669],[-76.853,1.636],[-76.834,1.61],[-76.858,1.564],[-76.851,1.535],[-76.929,1.5],[-76.921,1.346],[-76.677,1.466],[-76.646,1.455],[-76.574,1.386],[-76.586,1.301],[-76.537,1.209],[-76.568,1.082],[-76.514,1.076],[-76.469,1.096],[-76.443,1.142],[-76.451,1.157],[-76.419,1.187],[-76.391,1.185],[-76.376,1.238],[-76.323,1.29],[-76.325,1.319],[-76.245,1.39],[-76.239,1.424],[-76.257,1.451],[-76.21,1.499],[-76.217,1.558],[-76.199,1.575]]]}},{"type":"Feature","properties":{"name":"Silvia"},"geometry":{"type":"Polygon","coordinates":[[[-76.497,2.606],[-76.443,2.593],[-76.432,2.548],[-76.393,2.521],[-76.352,2.543],[-76.344,2.517],[-76.226,2.548],[-76.231,2.607],[-76.212,2.632],[-76.252,2.654],[-76.251,2.679],[-76.216,2.775],[-76.174,2.777],[-76.229,2.79],[-76.267,2.766],[-76.281,2.783],[-76.294,2.761],[-76.329,2.78],[-76.336,2.747],[-76.365,2.767],[-76.413,2.721],[-76.484,2.75],[-76.499,2.695],[-76.516,2.698],[-76.494,2.651],[-76.497,2.606]]]}},{"type":"Feature","properties":{"name":"Sotará (Paispamba)"},"geometry":{"type":"Polygon","coordinates":[[[-76.554,2.139],[-76.556,2.195],[-76.532,2.225],[-76.545,2.27],[-76.527,2.303],[-76.542,2.316],[-76.545,2.376],[-76.573,2.406],[-76.638,2.417],[-76.661,2.364],[-76.649,2.311],[-76.664,2.296],[-76.7,2.306],[-76.716,2.286],[-76.655,2.24],[-76.64,2.134],[-76.71,2.143],[-76.67,2.047],[-76.585,2.028],[-76.591,2.107],[-76.554,2.139]]]}},{"type":"Feature","properties":{"name":"Suárez"},"geometry":{"type":"Polygon","coordinates":[[[-76.805,3.051],[-76.858,2.976],[-76.811,2.964],[-76.796,2.942],[-76.833,2.86],[-76.72,2.806],[-76.694,2.825],[-76.687,2.87],[-76.645,2.889],[-76.685,2.966],[-76.67,3.038],[-76.705,3.072],[-76.752,3.023],[-76.805,3.051]]]}},{"type":"Feature","properties":{"name":"Sucre"},"geometry":{"type":"Polygon","coordinates":[[[-76.837,1.985],[-76.852,2.017],[-76.887,2.026],[-76.897,2.098],[-76.879,2.147],[-76.892,2.166],[-76.948,2.107],[-76.924,2.1],[-76.944,2.063],[-76.983,2.037],[-76.964,2.009],[-76.931,2.017],[-76.894,1.989],[-76.837,1.985]]]}},{"type":"Feature","properties":{"name":"Timbío"},"geometry":{"type":"Polygon","coordinates":[[[-76.724,2.477],[-76.709,2.438],[-76.719,2.411],[-76.738,2.413],[-76.733,2.389],[-76.754,2.376],[-76.816,2.386],[-76.831,2.369],[-76.744,2.329],[-76.76,2.306],[-76.745,2.297],[-76.716,2.286],[-76.691,2.309],[-76.664,2.296],[-76.649,2.311],[-76.649,2.413],[-76.62,2.424],[-76.676,2.438],[-76.724,2.477]]]}},{"type":"Feature","properties":{"name":"Toribío"},"geometry":{"type":"Polygon","coordinates":[[[-76.314,2.992],[-76.305,2.874],[-76.268,2.848],[-76.235,2.864],[-76.213,2.856],[-76.117,2.923],[-76.121,2.964],[-76.067,3.046],[-76.073,3.077],[-76.097,3.098],[-76.126,3.069],[-76.276,3.07],[-76.314,2.992]]]}},{"type":"Feature","properties":{"name":"Totoró"},"geometry":{"type":"Polygon","coordinates":[[[-76.588,2.555],[-76.328,2.388],[-76.328,2.425],[-76.29,2.44],[-76.285,2.465],[-76.227,2.481],[-76.21,2.538],[-76.276,2.545],[-76.344,2.517],[-76.352,2.543],[-76.393,2.521],[-76.432,2.548],[-76.443,2.593],[-76.473,2.605],[-76.513,2.599],[-76.493,2.572],[-76.528,2.589],[-76.56,2.555],[-76.588,2.555]]]}},{"type":"Feature","properties":{"name":"Villa Rica"},"geometry":{"type":"Polygon","coordinates":[[[-76.441,3.159],[-76.426,3.232],[-76.475,3.258],[-76.465,3.228],[-76.491,3.217],[-76.487,3.174],[-76.508,3.157],[-76.504,3.138],[-76.431,3.104],[-76.458,3.16],[-76.441,3.159]]]}},{"type":"Feature","properties":{"name":"Aguachica"},"geometry":{"type":"Polygon","coordinates":[[[-73.775,8.145],[-73.77,8.117],[-73.791,8.103],[-73.718,7.997],[-73.642,7.994],[-73.616,8.01],[-73.655,8.109],[-73.568,8.107],[-73.604,8.179],[-73.558,8.205],[-73.536,8.28],[-73.456,8.361],[-73.488,8.384],[-73.53,8.381],[-73.473,8.448],[-73.479,8.471],[-73.548,8.471],[-73.577,8.506],[-73.592,8.487],[-73.638,8.487],[-73.615,8.39],[-73.652,8.389],[-73.645,8.362],[-73.681,8.333],[-73.699,8.23],[-73.684,8.187],[-73.753,8.187],[-73.748,8.154],[-73.775,8.145]]]}},{"type":"Feature","properties":{"name":"Agustín Codazzi"},"geometry":{"type":"Polygon","coordinates":[[[-72.998,9.921],[-72.953,10.027],[-72.955,10.066],[-72.911,10.112],[-72.907,10.268],[-72.981,10.176],[-73.086,10.106],[-73.141,10.113],[-73.151,10.079],[-73.191,10.043],[-73.225,10.065],[-73.278,10.046],[-73.319,10.066],[-73.367,10.051],[-73.468,9.96],[-73.435,9.928],[-73.454,9.905],[-73.5,9.882],[-73.522,9.834],[-73.633,9.743],[-73.62,9.719],[-73.583,9.752],[-73.515,9.756],[-73.499,9.738],[-73.47,9.772],[-73.33,9.774],[-73.267,9.818],[-73.216,9.819],[-73.171,9.793],[-72.998,9.921]]]}},{"type":"Feature","properties":{"name":"Astrea"},"geometry":{"type":"Polygon","coordinates":[[[-73.792,9.468],[-73.801,9.562],[-73.775,9.596],[-73.803,9.636],[-73.868,9.601],[-73.893,9.616],[-73.989,9.58],[-74.037,9.591],[-74.139,9.494],[-74.008,9.399],[-73.944,9.379],[-73.91,9.394],[-73.892,9.443],[-73.792,9.468]]]}},{"type":"Feature","properties":{"name":"Bosconia"},"geometry":{"type":"Polygon","coordinates":[[[-73.813,10.074],[-73.857,10.07],[-74.018,10.025],[-74.037,10.002],[-74.002,9.94],[-73.953,9.927],[-73.895,9.832],[-73.838,9.785],[-73.735,9.884],[-73.743,9.911],[-73.731,9.909],[-73.788,10.042],[-73.839,10.046],[-73.813,10.074]]]}},{"type":"Feature","properties":{"name":"Chimichagua"},"geometry":{"type":"Polygon","coordinates":[[[-73.978,9.389],[-73.989,9.317],[-73.943,9.29],[-73.962,9.188],[-73.867,9.183],[-73.875,9.131],[-73.799,9.059],[-73.651,9.03],[-73.58,9.07],[-73.561,9.063],[-73.549,9.006],[-73.491,8.982],[-73.423,9.013],[-73.425,9.122],[-73.454,9.137],[-73.515,9.13],[-73.643,9.072],[-73.666,9.121],[-73.67,9.189],[-73.696,9.218],[-73.695,9.326],[-73.747,9.381],[-73.757,9.479],[-73.798,9.493],[-73.792,9.468],[-73.892,9.443],[-73.91,9.394],[-73.947,9.379],[-73.978,9.389]]]}},{"type":"Feature","properties":{"name":"Chiriguaná"},"geometry":{"type":"Polygon","coordinates":[[[-73.788,9.493],[-73.752,9.468],[-73.747,9.381],[-73.695,9.326],[-73.707,9.281],[-73.685,9.239],[-73.657,9.28],[-73.554,9.286],[-73.536,9.317],[-73.497,9.33],[-73.457,9.397],[-73.421,9.412],[-73.382,9.407],[-73.368,9.36],[-73.27,9.323],[-73.241,9.403],[-73.207,9.424],[-73.21,9.446],[-73.254,9.468],[-73.287,9.446],[-73.341,9.465],[-73.371,9.447],[-73.432,9.484],[-73.503,9.479],[-73.573,9.512],[-73.576,9.528],[-73.529,9.529],[-73.486,9.582],[-73.556,9.61],[-73.645,9.57],[-73.636,9.524],[-73.79,9.523],[-73.788,9.493]]]}},{"type":"Feature","properties":{"name":"Curumaní"},"geometry":{"type":"Polygon","coordinates":[[[-73.425,9.122],[-73.406,9.161],[-73.372,9.158],[-73.356,9.216],[-73.333,9.213],[-73.27,9.323],[-73.368,9.36],[-73.382,9.407],[-73.457,9.397],[-73.497,9.33],[-73.536,9.317],[-73.554,9.286],[-73.641,9.286],[-73.683,9.256],[-73.696,9.218],[-73.67,9.189],[-73.666,9.121],[-73.638,9.069],[-73.515,9.13],[-73.454,9.137],[-73.425,9.122]]]}},{"type":"Feature","properties":{"name":"El Copey"},"geometry":{"type":"Polygon","coordinates":[[[-74.084,10.073],[-74.031,10.005],[-74.018,10.025],[-73.803,10.081],[-73.794,10.128],[-73.755,10.151],[-73.8,10.166],[-73.794,10.228],[-73.813,10.257],[-73.749,10.312],[-73.734,10.351],[-73.777,10.35],[-73.792,10.392],[-73.818,10.385],[-73.831,10.403],[-73.933,10.366],[-73.961,10.337],[-73.964,10.29],[-74.06,10.18],[-74.084,10.073]]]}},{"type":"Feature","properties":{"name":"El Paso"},"geometry":{"type":"Polygon","coordinates":[[[-73.633,9.743],[-73.612,9.797],[-73.639,9.846],[-73.651,9.856],[-73.65,9.831],[-73.723,9.828],[-73.742,9.847],[-73.735,9.884],[-73.832,9.799],[-73.839,9.731],[-73.775,9.596],[-73.801,9.562],[-73.786,9.524],[-73.636,9.524],[-73.645,9.57],[-73.591,9.602],[-73.556,9.61],[-73.486,9.582],[-73.441,9.609],[-73.447,9.632],[-73.468,9.621],[-73.499,9.64],[-73.49,9.674],[-73.632,9.639],[-73.644,9.692],[-73.618,9.718],[-73.633,9.743]]]}},{"type":"Feature","properties":{"name":"Gamarra"},"geometry":{"type":"Polygon","coordinates":[[[-73.771,8.155],[-73.748,8.154],[-73.753,8.187],[-73.684,8.187],[-73.699,8.23],[-73.681,8.333],[-73.645,8.362],[-73.652,8.389],[-73.615,8.39],[-73.638,8.487],[-73.747,8.449],[-73.75,8.272],[-73.78,8.208],[-73.771,8.155]]]}},{"type":"Feature","properties":{"name":"Gonzalez"},"geometry":{"type":"Polygon","coordinates":[[[-73.361,8.327],[-73.344,8.437],[-73.37,8.459],[-73.414,8.459],[-73.393,8.382],[-73.411,8.369],[-73.376,8.36],[-73.361,8.327]]]}},{"type":"Feature","properties":{"name":"La Gloria"},"geometry":{"type":"Polygon","coordinates":[[[-73.82,8.662],[-73.747,8.449],[-73.675,8.462],[-73.662,8.486],[-73.592,8.487],[-73.515,8.529],[-73.547,8.564],[-73.552,8.607],[-73.505,8.688],[-73.472,8.707],[-73.463,8.745],[-73.416,8.763],[-73.412,8.783],[-73.429,8.824],[-73.525,8.775],[-73.591,8.772],[-73.615,8.74],[-73.616,8.693],[-73.647,8.654],[-73.677,8.647],[-73.807,8.665],[-73.805,8.709],[-73.755,8.737],[-73.789,8.751],[-73.816,8.722],[-73.82,8.662]]]}},{"type":"Feature","properties":{"name":"Pailitas"},"geometry":{"type":"Polygon","coordinates":[[[-73.692,9.038],[-73.699,8.861],[-73.681,8.838],[-73.61,8.892],[-73.569,8.833],[-73.539,8.827],[-73.434,8.871],[-73.436,9.0],[-73.491,8.982],[-73.539,8.999],[-73.561,9.063],[-73.58,9.07],[-73.611,9.041],[-73.692,9.038]]]}},{"type":"Feature","properties":{"name":"Pelaya"},"geometry":{"type":"Polygon","coordinates":[[[-73.429,8.824],[-73.449,8.872],[-73.46,8.853],[-73.563,8.831],[-73.61,8.892],[-73.673,8.841],[-73.691,8.74],[-73.758,8.74],[-73.764,8.722],[-73.805,8.709],[-73.807,8.665],[-73.647,8.654],[-73.591,8.772],[-73.525,8.775],[-73.429,8.824]]]}},{"type":"Feature","properties":{"name":"Río De Oro"},"geometry":{"type":"Polygon","coordinates":[[[-73.639,8.066],[-73.425,8.081],[-73.393,8.109],[-73.435,8.145],[-73.405,8.247],[-73.374,8.266],[-73.377,8.316],[-73.361,8.327],[-73.376,8.36],[-73.434,8.365],[-73.442,8.341],[-73.463,8.359],[-73.528,8.291],[-73.558,8.205],[-73.604,8.179],[-73.568,8.107],[-73.655,8.109],[-73.639,8.066]]]}},{"type":"Feature","properties":{"name":"La Paz"},"geometry":{"type":"Polygon","coordinates":[[[-73.178,10.456],[-73.234,10.387],[-73.222,10.369],[-73.237,10.356],[-73.119,10.341],[-73.119,10.201],[-73.165,10.201],[-73.165,10.11],[-73.294,10.114],[-73.302,10.091],[-73.391,10.082],[-73.427,10.021],[-73.498,10.017],[-73.55,9.905],[-73.617,9.844],[-73.621,9.758],[-73.522,9.834],[-73.5,9.882],[-73.454,9.905],[-73.435,9.928],[-73.468,9.96],[-73.367,10.051],[-73.319,10.066],[-73.278,10.046],[-73.225,10.065],[-73.191,10.043],[-73.151,10.079],[-73.141,10.113],[-73.113,10.099],[-73.076,10.111],[-72.911,10.249],[-72.896,10.311],[-72.913,10.359],[-72.964,10.371],[-73.047,10.354],[-73.099,10.395],[-73.142,10.397],[-73.145,10.441],[-73.178,10.456]]]}},{"type":"Feature","properties":{"name":"San Alberto"},"geometry":{"type":"Polygon","coordinates":[[[-73.352,7.793],[-73.352,7.892],[-73.303,7.907],[-73.279,7.936],[-73.282,7.993],[-73.406,7.918],[-73.415,7.943],[-73.442,7.941],[-73.481,7.827],[-73.531,7.821],[-73.542,7.792],[-73.633,7.803],[-73.661,7.827],[-73.669,7.8],[-73.644,7.751],[-73.559,7.728],[-73.491,7.674],[-73.408,7.719],[-73.352,7.793]]]}},{"type":"Feature","properties":{"name":"San Diego"},"geometry":{"type":"Polygon","coordinates":[[[-73.237,10.356],[-73.252,10.333],[-73.243,10.307],[-73.264,10.298],[-73.256,10.284],[-73.278,10.267],[-73.265,10.258],[-73.298,10.215],[-73.353,10.187],[-73.425,10.091],[-73.483,10.064],[-73.499,10.022],[-73.537,10.015],[-73.567,9.939],[-73.59,9.925],[-73.591,9.868],[-73.55,9.905],[-73.498,10.017],[-73.427,10.021],[-73.391,10.082],[-73.302,10.091],[-73.294,10.114],[-73.165,10.11],[-73.165,10.201],[-73.119,10.201],[-73.119,10.341],[-73.237,10.356]]]}},{"type":"Feature","properties":{"name":"San Martín"},"geometry":{"type":"Polygon","coordinates":[[[-73.721,8.009],[-73.724,7.968],[-73.674,7.942],[-73.671,7.893],[-73.751,7.82],[-73.737,7.785],[-73.762,7.771],[-73.758,7.751],[-73.633,7.749],[-73.669,7.8],[-73.661,7.827],[-73.633,7.803],[-73.542,7.792],[-73.531,7.821],[-73.481,7.827],[-73.442,7.941],[-73.415,7.943],[-73.406,7.918],[-73.298,7.985],[-73.31,8.016],[-73.367,8.013],[-73.374,8.095],[-73.393,8.113],[-73.425,8.081],[-73.636,8.069],[-73.616,8.01],[-73.642,7.994],[-73.708,7.991],[-73.721,8.009]]]}},{"type":"Feature","properties":{"name":"Tamalameque"},"geometry":{"type":"Polygon","coordinates":[[[-73.873,8.912],[-73.795,8.817],[-73.777,8.737],[-73.691,8.74],[-73.673,8.841],[-73.699,8.861],[-73.692,9.038],[-73.799,9.059],[-73.826,9.023],[-73.873,8.912]]]}},{"type":"Feature","properties":{"name":"Montería"},"geometry":{"type":"Polygon","coordinates":[[[-76.219,8.444],[-76.165,8.38],[-76.113,8.391],[-76.081,8.345],[-76.055,8.351],[-76.063,8.332],[-75.891,8.328],[-75.872,8.317],[-75.871,8.274],[-75.847,8.269],[-75.809,8.32],[-75.753,8.285],[-75.71,8.292],[-75.705,8.315],[-75.685,8.302],[-75.683,8.322],[-75.662,8.327],[-75.679,8.343],[-75.645,8.397],[-75.686,8.433],[-75.668,8.461],[-75.666,8.501],[-75.691,8.512],[-75.678,8.58],[-75.709,8.589],[-75.706,8.612],[-75.74,8.62],[-75.772,8.657],[-75.761,8.718],[-75.799,8.751],[-75.791,8.806],[-75.853,8.832],[-75.851,8.854],[-75.877,8.876],[-75.893,8.862],[-75.934,8.888],[-75.95,8.88],[-75.944,8.892],[-75.995,8.895],[-76.033,8.95],[-76.077,8.936],[-76.13,8.952],[-76.182,8.918],[-76.172,8.895],[-76.113,8.88],[-76.146,8.837],[-76.118,8.728],[-76.138,8.736],[-76.138,8.691],[-76.148,8.674],[-76.154,8.69],[-76.167,8.681],[-76.16,8.651],[-76.189,8.623],[-76.211,8.651],[-76.208,8.632],[-76.234,8.63],[-76.265,8.584],[-76.222,8.572],[-76.237,8.556],[-76.21,8.523],[-76.219,8.444]]]}},{"type":"Feature","properties":{"name":"Ayapel"},"geometry":{"type":"Polygon","coordinates":[[[-74.781,8.278],[-74.801,8.296],[-74.796,8.328],[-74.828,8.36],[-74.804,8.369],[-74.808,8.387],[-74.852,8.385],[-74.9,8.454],[-74.927,8.453],[-74.926,8.5],[-75.006,8.523],[-75.033,8.499],[-75.041,8.458],[-75.128,8.468],[-75.136,8.43],[-75.157,8.433],[-75.213,8.384],[-75.252,8.324],[-75.241,8.312],[-75.293,8.271],[-75.298,8.229],[-75.34,8.186],[-75.325,8.141],[-75.247,8.135],[-75.224,8.104],[-75.212,8.127],[-75.189,8.124],[-75.168,8.053],[-75.125,8.04],[-75.093,8.071],[-75.047,8.042],[-74.968,8.091],[-74.928,8.075],[-74.867,8.159],[-74.868,8.196],[-74.831,8.2],[-74.833,8.223],[-74.795,8.247],[-74.809,8.274],[-74.781,8.278]]]}},{"type":"Feature","properties":{"name":"Buenavista"},"geometry":{"type":"Polygon","coordinates":[[[-75.246,8.328],[-75.283,8.304],[-75.316,8.328],[-75.345,8.322],[-75.365,8.344],[-75.348,8.356],[-75.354,8.376],[-75.408,8.32],[-75.478,8.317],[-75.517,8.28],[-75.574,8.274],[-75.586,8.155],[-75.568,8.088],[-75.494,8.076],[-75.459,8.031],[-75.388,8.006],[-75.384,8.055],[-75.349,8.054],[-75.357,8.086],[-75.322,8.104],[-75.333,8.203],[-75.312,8.206],[-75.293,8.271],[-75.252,8.296],[-75.246,8.328]]]}},{"type":"Feature","properties":{"name":"Canalete"},"geometry":{"type":"Polygon","coordinates":[[[-76.145,8.799],[-76.182,8.807],[-76.191,8.829],[-76.243,8.81],[-76.248,8.826],[-76.276,8.822],[-76.27,8.809],[-76.3,8.802],[-76.305,8.771],[-76.325,8.77],[-76.314,8.758],[-76.364,8.72],[-76.346,8.64],[-76.314,8.656],[-76.281,8.649],[-76.251,8.611],[-76.213,8.627],[-76.211,8.651],[-76.189,8.623],[-76.16,8.651],[-76.167,8.681],[-76.154,8.69],[-76.148,8.674],[-76.135,8.697],[-76.138,8.736],[-76.13,8.724],[-76.118,8.728],[-76.117,8.76],[-76.145,8.799]]]}},{"type":"Feature","properties":{"name":"Cereté"},"geometry":{"type":"Polygon","coordinates":[[[-75.811,8.825],[-75.776,8.786],[-75.744,8.809],[-75.745,8.847],[-75.718,8.861],[-75.745,8.891],[-75.705,8.944],[-75.734,8.955],[-75.718,8.975],[-75.758,8.978],[-75.768,8.945],[-75.812,8.945],[-75.828,8.904],[-75.843,8.906],[-75.848,8.917],[-75.856,8.92],[-75.927,8.908],[-76.001,8.96],[-76.052,8.948],[-76.028,8.948],[-76.013,8.908],[-75.98,8.888],[-75.944,8.892],[-75.95,8.88],[-75.88,8.86],[-75.877,8.876],[-75.851,8.854],[-75.853,8.832],[-75.811,8.825]]]}},{"type":"Feature","properties":{"name":"Chimá"},"geometry":{"type":"Polygon","coordinates":[[[-75.601,9.239],[-75.668,9.198],[-75.7,9.151],[-75.748,9.132],[-75.725,9.082],[-75.721,8.987],[-75.615,9.042],[-75.59,9.038],[-75.596,9.076],[-75.561,9.163],[-75.601,9.239]]]}},{"type":"Feature","properties":{"name":"Chinú"},"geometry":{"type":"Polygon","coordinates":[[[-75.224,9.073],[-75.281,9.073],[-75.294,9.096],[-75.31,9.089],[-75.31,9.118],[-75.382,9.138],[-75.391,9.161],[-75.478,9.119],[-75.497,9.067],[-75.511,9.068],[-75.51,9.034],[-75.583,9.021],[-75.576,9.002],[-75.592,8.994],[-75.566,8.969],[-75.521,8.969],[-75.511,8.99],[-75.437,9.006],[-75.345,8.945],[-75.263,8.941],[-75.245,8.882],[-75.219,8.914],[-75.186,8.914],[-75.188,8.944],[-75.172,8.928],[-75.156,8.944],[-75.188,8.967],[-75.224,9.073]]]}},{"type":"Feature","properties":{"name":"Cienaga De Oro"},"geometry":{"type":"Polygon","coordinates":[[[-75.745,8.891],[-75.705,8.83],[-75.683,8.836],[-75.636,8.801],[-75.639,8.775],[-75.593,8.737],[-75.618,8.702],[-75.616,8.651],[-75.534,8.579],[-75.51,8.588],[-75.536,8.599],[-75.498,8.621],[-75.513,8.659],[-75.5,8.688],[-75.571,8.719],[-75.53,8.749],[-75.545,8.887],[-75.527,8.91],[-75.548,8.933],[-75.541,8.963],[-75.592,8.994],[-75.568,9.03],[-75.615,9.042],[-75.7,8.998],[-75.702,8.972],[-75.734,8.955],[-75.705,8.944],[-75.745,8.891]]]}},{"type":"Feature","properties":{"name":"Cotorra"},"geometry":{"type":"Polygon","coordinates":[[[-75.74,9.114],[-75.775,9.115],[-75.804,9.086],[-75.792,9.049],[-75.838,9.066],[-75.828,9.004],[-75.745,9.024],[-75.724,9.075],[-75.74,9.114]]]}},{"type":"Feature","properties":{"name":"La Apartada"},"geometry":{"type":"Polygon","coordinates":[[[-75.325,8.141],[-75.322,8.104],[-75.357,8.086],[-75.349,8.054],[-75.384,8.055],[-75.392,8.027],[-75.327,7.944],[-75.244,8.008],[-75.247,8.042],[-75.22,8.068],[-75.189,8.045],[-75.168,8.053],[-75.189,8.124],[-75.212,8.127],[-75.224,8.104],[-75.247,8.135],[-75.325,8.141]]]}},{"type":"Feature","properties":{"name":"Lorica"},"geometry":{"type":"Polygon","coordinates":[[[-75.688,9.162],[-75.709,9.216],[-75.756,9.207],[-75.782,9.222],[-75.771,9.283],[-75.815,9.313],[-75.842,9.292],[-75.864,9.337],[-75.891,9.344],[-76.01,9.217],[-76.071,9.199],[-76.044,9.177],[-76.049,9.159],[-76.114,9.15],[-76.12,9.102],[-76.154,9.084],[-76.1,9.055],[-76.054,9.06],[-76.04,9.029],[-76.013,9.024],[-75.989,9.037],[-75.973,9.025],[-75.935,9.072],[-75.867,9.041],[-75.844,9.043],[-75.83,9.068],[-75.819,9.048],[-75.792,9.049],[-75.804,9.086],[-75.775,9.115],[-75.743,9.111],[-75.748,9.132],[-75.688,9.162]]]}},{"type":"Feature","properties":{"name":"Los Córdobas"},"geometry":{"type":"Polygon","coordinates":[[[-76.179,8.899],[-76.192,8.883],[-76.266,8.878],[-76.269,8.901],[-76.325,8.937],[-76.417,8.888],[-76.381,8.794],[-76.42,8.755],[-76.361,8.71],[-76.267,8.827],[-76.243,8.81],[-76.191,8.829],[-76.182,8.807],[-76.145,8.799],[-76.143,8.856],[-76.113,8.88],[-76.179,8.899]]]}},{"type":"Feature","properties":{"name":"Momil"},"geometry":{"type":"Polygon","coordinates":[[[-75.601,9.239],[-75.584,9.273],[-75.61,9.283],[-75.588,9.303],[-75.626,9.353],[-75.694,9.314],[-75.709,9.206],[-75.688,9.162],[-75.668,9.198],[-75.601,9.239]]]}},{"type":"Feature","properties":{"name":"Montelíbano"},"geometry":{"type":"Polygon","coordinates":[[[-75.331,7.925],[-75.389,8.019],[-75.396,8.004],[-75.427,8.011],[-75.531,8.091],[-75.594,8.095],[-75.608,8.053],[-75.651,8.062],[-75.667,8.044],[-75.686,8.068],[-75.75,8.043],[-75.741,8.123],[-75.754,8.134],[-75.789,8.115],[-75.803,8.172],[-75.836,8.146],[-75.849,8.083],[-75.88,8.061],[-75.893,8.076],[-75.927,8.032],[-75.958,8.038],[-75.981,7.948],[-76.009,7.923],[-76.002,7.857],[-75.968,7.839],[-75.954,7.725],[-75.974,7.677],[-75.944,7.622],[-75.953,7.563],[-75.996,7.5],[-76.031,7.483],[-76.055,7.365],[-75.966,7.357],[-75.996,7.481],[-75.956,7.507],[-75.867,7.674],[-75.856,7.767],[-75.819,7.836],[-75.853,7.845],[-75.853,7.883],[-75.829,7.922],[-75.807,7.92],[-75.781,7.95],[-75.791,7.975],[-75.762,7.967],[-75.733,8.017],[-75.697,8.034],[-75.693,8.015],[-75.677,8.028],[-75.631,8.0],[-75.585,8.014],[-75.51,7.944],[-75.552,7.934],[-75.565,7.891],[-75.48,7.922],[-75.461,7.905],[-75.445,7.916],[-75.445,7.867],[-75.465,7.846],[-75.428,7.818],[-75.404,7.858],[-75.347,7.875],[-75.331,7.925]]]}},{"type":"Feature","properties":{"name":"Moñitos"},"geometry":{"type":"Polygon","coordinates":[[[-76.071,9.199],[-76.039,9.229],[-76.063,9.241],[-76.061,9.268],[-76.099,9.314],[-76.107,9.266],[-76.17,9.23],[-76.192,9.108],[-76.154,9.084],[-76.125,9.093],[-76.114,9.15],[-76.049,9.159],[-76.044,9.177],[-76.071,9.199]]]}},{"type":"Feature","properties":{"name":"Planeta Rica"},"geometry":{"type":"Polygon","coordinates":[[[-75.767,8.298],[-75.752,8.238],[-75.801,8.153],[-75.789,8.115],[-75.754,8.134],[-75.741,8.123],[-75.75,8.043],[-75.686,8.068],[-75.667,8.044],[-75.651,8.062],[-75.608,8.053],[-75.594,8.095],[-75.574,8.1],[-75.585,8.259],[-75.556,8.282],[-75.5,8.287],[-75.478,8.317],[-75.397,8.327],[-75.354,8.376],[-75.359,8.403],[-75.415,8.404],[-75.521,8.452],[-75.546,8.434],[-75.552,8.467],[-75.573,8.488],[-75.587,8.48],[-75.583,8.537],[-75.65,8.561],[-75.651,8.54],[-75.673,8.537],[-75.668,8.461],[-75.686,8.433],[-75.645,8.397],[-75.679,8.343],[-75.662,8.327],[-75.683,8.322],[-75.685,8.302],[-75.705,8.315],[-75.71,8.292],[-75.767,8.298]]]}},{"type":"Feature","properties":{"name":"Pueblo Nuevo"},"geometry":{"type":"Polygon","coordinates":[[[-75.185,8.397],[-75.211,8.425],[-75.192,8.443],[-75.216,8.485],[-75.232,8.468],[-75.241,8.487],[-75.314,8.502],[-75.304,8.518],[-75.33,8.553],[-75.318,8.588],[-75.463,8.585],[-75.501,8.617],[-75.534,8.61],[-75.51,8.588],[-75.534,8.579],[-75.591,8.639],[-75.627,8.629],[-75.642,8.558],[-75.583,8.537],[-75.587,8.48],[-75.573,8.488],[-75.552,8.467],[-75.546,8.434],[-75.521,8.452],[-75.415,8.404],[-75.359,8.403],[-75.348,8.356],[-75.365,8.344],[-75.345,8.322],[-75.316,8.328],[-75.283,8.304],[-75.235,8.331],[-75.239,8.355],[-75.185,8.397]]]}},{"type":"Feature","properties":{"name":"Puerto Escondido"},"geometry":{"type":"Polygon","coordinates":[[[-76.087,8.941],[-76.073,8.965],[-76.092,8.965],[-76.094,8.987],[-76.068,9.029],[-76.082,9.019],[-76.108,9.067],[-76.193,9.111],[-76.251,9.058],[-76.264,8.998],[-76.323,8.957],[-76.325,8.937],[-76.255,8.877],[-76.192,8.883],[-76.182,8.918],[-76.14,8.949],[-76.087,8.941]]]}},{"type":"Feature","properties":{"name":"Purísima"},"geometry":{"type":"Polygon","coordinates":[[[-75.709,9.216],[-75.694,9.314],[-75.628,9.352],[-75.661,9.361],[-75.679,9.344],[-75.708,9.375],[-75.718,9.315],[-75.776,9.294],[-75.782,9.222],[-75.756,9.207],[-75.709,9.216]]]}},{"type":"Feature","properties":{"name":"Sahagún"},"geometry":{"type":"Polygon","coordinates":[[[-75.558,8.971],[-75.527,8.91],[-75.545,8.887],[-75.53,8.749],[-75.571,8.719],[-75.5,8.688],[-75.513,8.659],[-75.478,8.589],[-75.321,8.585],[-75.36,8.68],[-75.337,8.696],[-75.324,8.756],[-75.369,8.791],[-75.372,8.827],[-75.332,8.866],[-75.3,8.858],[-75.273,8.914],[-75.252,8.898],[-75.263,8.941],[-75.345,8.945],[-75.457,9.012],[-75.521,8.969],[-75.558,8.971]]]}},{"type":"Feature","properties":{"name":"San Andres De Sotavento"},"geometry":{"type":"Polygon","coordinates":[[[-75.59,9.038],[-75.551,9.02],[-75.505,9.042],[-75.511,9.068],[-75.448,9.144],[-75.466,9.158],[-75.454,9.179],[-75.468,9.245],[-75.496,9.206],[-75.516,9.213],[-75.54,9.158],[-75.569,9.156],[-75.596,9.076],[-75.59,9.038]]]}},{"type":"Feature","properties":{"name":"San Antero"},"geometry":{"type":"Polygon","coordinates":[[[-75.777,9.284],[-75.715,9.319],[-75.701,9.413],[-75.746,9.421],[-75.784,9.393],[-75.825,9.393],[-75.834,9.408],[-75.792,9.41],[-75.794,9.429],[-75.862,9.425],[-75.875,9.362],[-75.856,9.356],[-75.858,9.304],[-75.842,9.292],[-75.815,9.313],[-75.777,9.284]]]}},{"type":"Feature","properties":{"name":"San Bernardo Del Viento"},"geometry":{"type":"Polygon","coordinates":[[[-75.864,9.337],[-75.862,9.425],[-75.949,9.444],[-75.971,9.417],[-75.956,9.405],[-75.97,9.383],[-76.085,9.335],[-76.099,9.314],[-76.061,9.268],[-76.063,9.241],[-76.039,9.229],[-76.071,9.199],[-76.01,9.217],[-75.902,9.339],[-75.864,9.337]]]}},{"type":"Feature","properties":{"name":"San Carlos"},"geometry":{"type":"Polygon","coordinates":[[[-75.678,8.514],[-75.673,8.537],[-75.651,8.54],[-75.627,8.629],[-75.602,8.641],[-75.624,8.669],[-75.593,8.737],[-75.639,8.775],[-75.636,8.801],[-75.683,8.836],[-75.711,8.835],[-75.716,8.862],[-75.745,8.847],[-75.744,8.809],[-75.776,8.786],[-75.795,8.8],[-75.801,8.793],[-75.787,8.783],[-75.8,8.756],[-75.761,8.718],[-75.772,8.657],[-75.74,8.62],[-75.706,8.612],[-75.709,8.589],[-75.678,8.58],[-75.693,8.555],[-75.677,8.532],[-75.691,8.51],[-75.678,8.514]]]}},{"type":"Feature","properties":{"name":"San José De Uré"},"geometry":{"type":"Polygon","coordinates":[[[-75.499,7.719],[-75.454,7.798],[-75.466,7.853],[-75.45,7.852],[-75.439,7.905],[-75.48,7.922],[-75.565,7.891],[-75.552,7.934],[-75.533,7.931],[-75.51,7.944],[-75.525,7.949],[-75.556,7.937],[-75.586,7.901],[-75.598,7.842],[-75.582,7.792],[-75.601,7.76],[-75.661,7.749],[-75.691,7.683],[-75.688,7.618],[-75.646,7.586],[-75.606,7.585],[-75.553,7.627],[-75.534,7.723],[-75.499,7.719]]]}},{"type":"Feature","properties":{"name":"San Pelayo"},"geometry":{"type":"Polygon","coordinates":[[[-76.087,8.941],[-76.001,8.96],[-75.927,8.908],[-75.856,8.92],[-75.828,8.904],[-75.813,8.944],[-75.768,8.945],[-75.758,8.978],[-75.704,8.971],[-75.699,8.981],[-75.728,8.994],[-75.724,9.069],[-75.745,9.024],[-75.76,9.031],[-75.799,9.0],[-75.828,9.004],[-75.83,9.038],[-75.89,9.061],[-75.898,9.047],[-75.927,9.073],[-75.973,9.025],[-76.039,9.028],[-76.054,9.06],[-76.11,9.063],[-76.065,9.017],[-76.094,8.987],[-76.092,8.965],[-76.073,8.965],[-76.087,8.941]]]}},{"type":"Feature","properties":{"name":"Tuchin"},"geometry":{"type":"Polygon","coordinates":[[[-75.561,9.163],[-75.54,9.158],[-75.516,9.213],[-75.491,9.212],[-75.478,9.247],[-75.5,9.26],[-75.497,9.286],[-75.512,9.258],[-75.569,9.279],[-75.589,9.267],[-75.601,9.239],[-75.561,9.163]]]}},{"type":"Feature","properties":{"name":"Valencia"},"geometry":{"type":"Polygon","coordinates":[[[-76.402,8.102],[-76.429,8.058],[-76.412,8.007],[-76.377,8.05],[-76.334,8.039],[-76.244,8.08],[-76.187,8.151],[-76.106,8.145],[-76.094,8.173],[-76.062,8.179],[-76.064,8.214],[-76.045,8.219],[-76.072,8.267],[-76.047,8.269],[-76.062,8.303],[-76.055,8.351],[-76.081,8.345],[-76.113,8.391],[-76.165,8.38],[-76.181,8.4],[-76.264,8.355],[-76.303,8.311],[-76.351,8.204],[-76.331,8.151],[-76.368,8.153],[-76.375,8.112],[-76.402,8.102]]]}},{"type":"Feature","properties":{"name":"Agua De Dios"},"geometry":{"type":"Polygon","coordinates":[[[-74.597,4.358],[-74.609,4.385],[-74.665,4.416],[-74.736,4.384],[-74.727,4.349],[-74.684,4.328],[-74.65,4.354],[-74.597,4.358]]]}},{"type":"Feature","properties":{"name":"Albán"},"geometry":{"type":"Polygon","coordinates":[[[-74.48,4.952],[-74.475,4.891],[-74.457,4.9],[-74.44,4.853],[-74.459,4.833],[-74.414,4.841],[-74.419,4.876],[-74.403,4.88],[-74.417,4.909],[-74.446,4.938],[-74.469,4.927],[-74.48,4.952]]]}},{"type":"Feature","properties":{"name":"Anapoima"},"geometry":{"type":"Polygon","coordinates":[[[-74.597,4.627],[-74.551,4.553],[-74.564,4.531],[-74.541,4.521],[-74.557,4.502],[-74.502,4.484],[-74.472,4.493],[-74.463,4.528],[-74.498,4.541],[-74.478,4.576],[-74.49,4.589],[-74.553,4.648],[-74.571,4.622],[-74.597,4.627]]]}},{"type":"Feature","properties":{"name":"Anolaima"},"geometry":{"type":"Polygon","coordinates":[[[-74.511,4.728],[-74.463,4.733],[-74.41,4.773],[-74.395,4.804],[-74.407,4.836],[-74.431,4.848],[-74.474,4.827],[-74.519,4.832],[-74.511,4.728]]]}},{"type":"Feature","properties":{"name":"Arbeláez"},"geometry":{"type":"Polygon","coordinates":[[[-74.466,4.217],[-74.433,4.227],[-74.412,4.199],[-74.316,4.176],[-74.238,4.195],[-74.312,4.196],[-74.371,4.267],[-74.429,4.293],[-74.501,4.253],[-74.511,4.25],[-74.532,4.254],[-74.541,4.252],[-74.483,4.241],[-74.466,4.217]]]}},{"type":"Feature","properties":{"name":"Beltrán"},"geometry":{"type":"Polygon","coordinates":[[[-74.733,4.621],[-74.763,4.685],[-74.735,4.754],[-74.685,4.758],[-74.697,4.771],[-74.68,4.823],[-74.769,4.842],[-74.744,4.823],[-74.744,4.788],[-74.819,4.726],[-74.801,4.702],[-74.807,4.669],[-74.786,4.653],[-74.816,4.611],[-74.752,4.588],[-74.733,4.621]]]}},{"type":"Feature","properties":{"name":"Bituima"},"geometry":{"type":"Polygon","coordinates":[[[-74.56,4.796],[-74.507,4.793],[-74.519,4.832],[-74.505,4.832],[-74.499,4.867],[-74.512,4.945],[-74.52,4.898],[-74.546,4.883],[-74.56,4.796]]]}},{"type":"Feature","properties":{"name":"Bojacá"},"geometry":{"type":"Polygon","coordinates":[[[-74.399,4.717],[-74.351,4.683],[-74.343,4.65],[-74.299,4.615],[-74.274,4.614],[-74.328,4.765],[-74.399,4.717]]]}},{"type":"Feature","properties":{"name":"Cabrera"},"geometry":{"type":"Polygon","coordinates":[[[-74.524,4.022],[-74.531,3.968],[-74.511,3.946],[-74.539,3.845],[-74.49,3.818],[-74.45,3.819],[-74.463,3.741],[-74.44,3.731],[-74.451,3.75],[-74.395,3.824],[-74.36,3.914],[-74.366,4.035],[-74.383,4.02],[-74.465,4.037],[-74.524,4.022]]]}},{"type":"Feature","properties":{"name":"Cachipay"},"geometry":{"type":"Polygon","coordinates":[[[-74.508,4.674],[-74.412,4.739],[-74.406,4.782],[-74.462,4.734],[-74.511,4.728],[-74.508,4.674]]]}},{"type":"Feature","properties":{"name":"Cajicá"},"geometry":{"type":"Polygon","coordinates":[[[-73.997,4.974],[-74.012,4.985],[-74.077,4.911],[-74.017,4.888],[-73.997,4.974]]]}},{"type":"Feature","properties":{"name":"Caparrapi"},"geometry":{"type":"Polygon","coordinates":[[[-74.457,5.387],[-74.411,5.478],[-74.445,5.55],[-74.54,5.555],[-74.593,5.479],[-74.593,5.427],[-74.615,5.387],[-74.589,5.353],[-74.614,5.235],[-74.603,5.205],[-74.527,5.189],[-74.504,5.204],[-74.5,5.249],[-74.455,5.298],[-74.46,5.331],[-74.436,5.368],[-74.457,5.387]]]}},{"type":"Feature","properties":{"name":"Cáqueza"},"geometry":{"type":"Polygon","coordinates":[[[-73.876,4.386],[-73.903,4.412],[-73.904,4.441],[-73.937,4.459],[-73.98,4.453],[-74.003,4.409],[-73.99,4.353],[-73.93,4.372],[-73.87,4.33],[-73.903,4.376],[-73.876,4.386]]]}},{"type":"Feature","properties":{"name":"Carmen De Carupa"},"geometry":{"type":"Polygon","coordinates":[[[-73.973,5.419],[-74.006,5.347],[-73.971,5.311],[-73.995,5.258],[-73.957,5.202],[-73.867,5.282],[-73.887,5.317],[-73.85,5.328],[-73.84,5.368],[-73.888,5.437],[-73.869,5.468],[-73.902,5.467],[-73.913,5.432],[-73.973,5.419]]]}},{"type":"Feature","properties":{"name":"Chaguaní"},"geometry":{"type":"Polygon","coordinates":[[[-74.577,4.889],[-74.552,4.965],[-74.562,4.996],[-74.731,5.003],[-74.706,4.982],[-74.728,4.977],[-74.722,4.948],[-74.678,4.944],[-74.622,4.888],[-74.577,4.889]]]}},{"type":"Feature","properties":{"name":"Chia"},"geometry":{"type":"Polygon","coordinates":[[[-74.006,4.918],[-74.026,4.883],[-74.077,4.911],[-74.095,4.849],[-74.009,4.821],[-73.981,4.902],[-74.006,4.918]]]}},{"type":"Feature","properties":{"name":"Chipaque"},"geometry":{"type":"Polygon","coordinates":[[[-74.048,4.513],[-74.073,4.513],[-74.076,4.463],[-74.109,4.442],[-74.114,4.386],[-74.094,4.364],[-74.11,4.304],[-74.085,4.311],[-74.081,4.352],[-74.05,4.36],[-74.057,4.41],[-74.017,4.43],[-73.989,4.419],[-73.973,4.454],[-74.048,4.513]]]}},{"type":"Feature","properties":{"name":"Choachí"},"geometry":{"type":"Polygon","coordinates":[[[-73.987,4.631],[-74.005,4.561],[-73.952,4.505],[-73.905,4.501],[-73.907,4.523],[-73.792,4.631],[-73.874,4.64],[-73.911,4.59],[-73.956,4.654],[-73.987,4.631]]]}},{"type":"Feature","properties":{"name":"Chocontá"},"geometry":{"type":"Polygon","coordinates":[[[-73.684,5.229],[-73.716,5.17],[-73.742,5.155],[-73.757,5.168],[-73.767,5.149],[-73.738,5.097],[-73.777,5.029],[-73.747,5.028],[-73.688,4.983],[-73.617,5.132],[-73.583,5.15],[-73.551,5.109],[-73.537,5.132],[-73.63,5.189],[-73.654,5.241],[-73.684,5.229]]]}},{"type":"Feature","properties":{"name":"Cogua"},"geometry":{"type":"Polygon","coordinates":[[[-73.906,5.133],[-73.93,5.153],[-73.945,5.127],[-74.038,5.178],[-74.041,5.132],[-74.006,5.122],[-74.027,5.045],[-73.928,5.048],[-73.932,5.085],[-73.906,5.133]]]}},{"type":"Feature","properties":{"name":"Cota"},"geometry":{"type":"Polygon","coordinates":[[[-74.163,4.75],[-74.157,4.724],[-74.128,4.727],[-74.078,4.841],[-74.095,4.849],[-74.133,4.818],[-74.163,4.75]]]}},{"type":"Feature","properties":{"name":"Cucunubá"},"geometry":{"type":"Polygon","coordinates":[[[-73.766,5.298],[-73.847,5.212],[-73.838,5.165],[-73.821,5.18],[-73.806,5.168],[-73.753,5.223],[-73.684,5.229],[-73.734,5.252],[-73.766,5.298]]]}},{"type":"Feature","properties":{"name":"El Colegio"},"geometry":{"type":"Polygon","coordinates":[[[-74.405,4.626],[-74.498,4.541],[-74.463,4.528],[-74.469,4.497],[-74.412,4.523],[-74.394,4.5],[-74.364,4.557],[-74.405,4.626]]]}},{"type":"Feature","properties":{"name":"El Peñon"},"geometry":{"type":"Polygon","coordinates":[[[-74.355,5.256],[-74.37,5.2],[-74.296,5.194],[-74.291,5.236],[-74.25,5.236],[-74.257,5.31],[-74.294,5.303],[-74.329,5.34],[-74.358,5.331],[-74.36,5.309],[-74.336,5.291],[-74.341,5.254],[-74.355,5.256]]]}},{"type":"Feature","properties":{"name":"El Rosal"},"geometry":{"type":"Polygon","coordinates":[[[-74.254,4.82],[-74.186,4.88],[-74.235,4.949],[-74.284,4.876],[-74.254,4.82]]]}},{"type":"Feature","properties":{"name":"Facatativá"},"geometry":{"type":"Polygon","coordinates":[[[-74.357,4.894],[-74.374,4.871],[-74.419,4.876],[-74.421,4.836],[-74.395,4.804],[-74.346,4.781],[-74.347,4.763],[-74.302,4.804],[-74.272,4.79],[-74.26,4.823],[-74.284,4.876],[-74.357,4.894]]]}},{"type":"Feature","properties":{"name":"Fómeque"},"geometry":{"type":"Polygon","coordinates":[[[-73.793,4.681],[-73.792,4.631],[-73.907,4.523],[-73.903,4.412],[-73.872,4.382],[-73.845,4.407],[-73.809,4.396],[-73.793,4.441],[-73.738,4.461],[-73.728,4.503],[-73.669,4.54],[-73.696,4.561],[-73.701,4.623],[-73.745,4.68],[-73.793,4.681]]]}},{"type":"Feature","properties":{"name":"Fosca"},"geometry":{"type":"Polygon","coordinates":[[[-73.901,4.271],[-73.912,4.294],[-73.889,4.34],[-73.93,4.372],[-73.992,4.355],[-74.009,4.313],[-74.045,4.306],[-74.015,4.284],[-73.978,4.286],[-73.971,4.269],[-73.901,4.271]]]}},{"type":"Feature","properties":{"name":"Funza"},"geometry":{"type":"Polygon","coordinates":[[[-74.246,4.76],[-74.209,4.701],[-74.177,4.695],[-74.149,4.737],[-74.172,4.774],[-74.192,4.768],[-74.201,4.792],[-74.217,4.777],[-74.225,4.797],[-74.246,4.76]]]}},{"type":"Feature","properties":{"name":"Fuquene"},"geometry":{"type":"Polygon","coordinates":[[[-73.72,5.478],[-73.775,5.467],[-73.825,5.374],[-73.801,5.37],[-73.781,5.339],[-73.743,5.411],[-73.748,5.438],[-73.72,5.459],[-73.72,5.478]]]}},{"type":"Feature","properties":{"name":"Fusagasugá"},"geometry":{"type":"Polygon","coordinates":[[[-74.304,4.366],[-74.273,4.391],[-74.299,4.396],[-74.3,4.427],[-74.321,4.39],[-74.394,4.396],[-74.465,4.298],[-74.549,4.26],[-74.511,4.25],[-74.429,4.293],[-74.336,4.228],[-74.328,4.266],[-74.352,4.295],[-74.321,4.39],[-74.304,4.366]]]}},{"type":"Feature","properties":{"name":"Gachalá"},"geometry":{"type":"Polygon","coordinates":[[[-73.372,4.801],[-73.419,4.747],[-73.561,4.705],[-73.571,4.66],[-73.616,4.668],[-73.644,4.61],[-73.642,4.547],[-73.621,4.562],[-73.568,4.525],[-73.531,4.549],[-73.384,4.704],[-73.377,4.767],[-73.325,4.776],[-73.372,4.801]]]}},{"type":"Feature","properties":{"name":"Gachetá"},"geometry":{"type":"Polygon","coordinates":[[[-73.542,4.914],[-73.603,4.919],[-73.617,4.961],[-73.636,4.956],[-73.702,4.919],[-73.694,4.857],[-73.714,4.857],[-73.724,4.833],[-73.693,4.818],[-73.663,4.829],[-73.591,4.779],[-73.591,4.795],[-73.544,4.792],[-73.538,4.849],[-73.519,4.869],[-73.542,4.914]]]}},{"type":"Feature","properties":{"name":"Gama"},"geometry":{"type":"Polygon","coordinates":[[[-73.616,4.668],[-73.571,4.66],[-73.561,4.705],[-73.535,4.716],[-73.623,4.795],[-73.654,4.721],[-73.616,4.668]]]}},{"type":"Feature","properties":{"name":"Girardot"},"geometry":{"type":"Polygon","coordinates":[[[-74.754,4.435],[-74.885,4.313],[-74.877,4.265],[-74.76,4.312],[-74.777,4.327],[-74.768,4.376],[-74.743,4.381],[-74.754,4.435]]]}},{"type":"Feature","properties":{"name":"Granada"},"geometry":{"type":"Polygon","coordinates":[[[-74.364,4.557],[-74.399,4.491],[-74.287,4.505],[-74.298,4.554],[-74.364,4.557]]]}},{"type":"Feature","properties":{"name":"Guachetá"},"geometry":{"type":"Polygon","coordinates":[[[-73.72,5.459],[-73.748,5.438],[-73.743,5.411],[-73.774,5.362],[-73.764,5.324],[-73.729,5.345],[-73.704,5.328],[-73.677,5.335],[-73.59,5.39],[-73.678,5.434],[-73.677,5.459],[-73.695,5.446],[-73.72,5.459]]]}},{"type":"Feature","properties":{"name":"Guaduas"},"geometry":{"type":"Polygon","coordinates":[[[-74.734,5.287],[-74.735,5.205],[-74.714,5.182],[-74.732,5.145],[-74.717,5.092],[-74.741,5.002],[-74.562,4.996],[-74.558,4.971],[-74.536,4.967],[-74.542,5.107],[-74.518,5.141],[-74.514,5.195],[-74.575,5.192],[-74.615,5.217],[-74.589,5.353],[-74.615,5.388],[-74.641,5.388],[-74.626,5.417],[-74.65,5.442],[-74.676,5.438],[-74.667,5.406],[-74.685,5.4],[-74.685,5.367],[-74.707,5.371],[-74.734,5.287]]]}},{"type":"Feature","properties":{"name":"Guasca"},"geometry":{"type":"Polygon","coordinates":[[[-73.738,4.784],[-73.78,4.853],[-73.908,4.923],[-73.931,4.84],[-73.957,4.84],[-73.963,4.799],[-73.87,4.742],[-73.853,4.687],[-73.803,4.681],[-73.799,4.723],[-73.741,4.74],[-73.738,4.784]]]}},{"type":"Feature","properties":{"name":"Guataquí"},"geometry":{"type":"Polygon","coordinates":[[[-74.752,4.588],[-74.815,4.585],[-74.786,4.507],[-74.822,4.445],[-74.81,4.417],[-74.743,4.476],[-74.77,4.545],[-74.752,4.588]]]}},{"type":"Feature","properties":{"name":"Guatavita"},"geometry":{"type":"Polygon","coordinates":[[[-73.856,4.989],[-73.908,4.923],[-73.78,4.853],[-73.772,4.825],[-73.735,4.825],[-73.735,4.841],[-73.694,4.857],[-73.694,4.945],[-73.748,4.954],[-73.758,4.978],[-73.795,4.962],[-73.856,4.989]]]}},{"type":"Feature","properties":{"name":"Guayabal De Síquima"},"geometry":{"type":"Polygon","coordinates":[[[-74.505,4.944],[-74.505,4.832],[-74.474,4.827],[-74.44,4.853],[-74.457,4.9],[-74.475,4.891],[-74.477,4.932],[-74.505,4.944]]]}},{"type":"Feature","properties":{"name":"Circasia"},"geometry":{"type":"Polygon","coordinates":[[[-75.601,4.676],[-75.658,4.652],[-75.729,4.587],[-75.74,4.575],[-75.718,4.551],[-75.741,4.54],[-75.67,4.554],[-75.596,4.659],[-75.601,4.676]]]}},{"type":"Feature","properties":{"name":"Córdoba"},"geometry":{"type":"Polygon","coordinates":[[[-75.583,4.424],[-75.689,4.425],[-75.728,4.405],[-75.687,4.358],[-75.632,4.381],[-75.592,4.362],[-75.583,4.424]]]}},{"type":"Feature","properties":{"name":"Filandia"},"geometry":{"type":"Polygon","coordinates":[[[-75.658,4.652],[-75.565,4.701],[-75.66,4.7],[-75.703,4.721],[-75.707,4.657],[-75.741,4.655],[-75.747,4.618],[-75.729,4.608],[-75.707,4.625],[-75.697,4.607],[-75.658,4.652]]]}},{"type":"Feature","properties":{"name":"Génova"},"geometry":{"type":"Polygon","coordinates":[[[-75.658,4.222],[-75.683,4.241],[-75.726,4.23],[-75.756,4.247],[-75.745,4.283],[-75.795,4.31],[-75.842,4.156],[-75.839,4.098],[-75.752,4.077],[-75.733,4.114],[-75.691,4.139],[-75.658,4.222]]]}},{"type":"Feature","properties":{"name":"La Tebaida"},"geometry":{"type":"Polygon","coordinates":[[[-75.775,4.395],[-75.783,4.409],[-75.758,4.448],[-75.777,4.45],[-75.771,4.472],[-75.743,4.489],[-75.797,4.479],[-75.82,4.452],[-75.866,4.462],[-75.896,4.426],[-75.775,4.395]]]}},{"type":"Feature","properties":{"name":"Montenegro"},"geometry":{"type":"Polygon","coordinates":[[[-75.735,4.581],[-75.782,4.562],[-75.867,4.575],[-75.879,4.46],[-75.814,4.454],[-75.765,4.538],[-75.718,4.551],[-75.735,4.581]]]}},{"type":"Feature","properties":{"name":"Pijao"},"geometry":{"type":"Polygon","coordinates":[[[-75.716,4.377],[-75.719,4.343],[-75.779,4.35],[-75.797,4.313],[-75.745,4.283],[-75.756,4.247],[-75.74,4.236],[-75.646,4.226],[-75.597,4.279],[-75.592,4.362],[-75.632,4.381],[-75.687,4.358],[-75.716,4.377]]]}},{"type":"Feature","properties":{"name":"Quimbaya"},"geometry":{"type":"Polygon","coordinates":[[[-75.7,4.607],[-75.707,4.625],[-75.729,4.608],[-75.747,4.618],[-75.741,4.655],[-75.823,4.664],[-75.872,4.579],[-75.773,4.564],[-75.7,4.607]]]}},{"type":"Feature","properties":{"name":"Salento"},"geometry":{"type":"Polygon","coordinates":[[[-75.642,4.588],[-75.552,4.474],[-75.525,4.498],[-75.515,4.556],[-75.468,4.599],[-75.421,4.611],[-75.422,4.659],[-75.384,4.708],[-75.479,4.663],[-75.514,4.693],[-75.571,4.7],[-75.642,4.588]]]}},{"type":"Feature","properties":{"name":"Pereira"},"geometry":{"type":"Polygon","coordinates":[[[-75.66,4.7],[-75.514,4.693],[-75.479,4.663],[-75.44,4.682],[-75.378,4.73],[-75.375,4.803],[-75.409,4.793],[-75.469,4.72],[-75.528,4.698],[-75.657,4.801],[-75.715,4.82],[-75.719,4.885],[-75.774,4.87],[-75.815,4.906],[-75.843,4.871],[-75.886,4.893],[-75.916,4.88],[-75.903,4.837],[-75.936,4.807],[-75.908,4.752],[-75.853,4.779],[-75.856,4.728],[-75.831,4.738],[-75.754,4.71],[-75.698,4.721],[-75.66,4.7]]]}},{"type":"Feature","properties":{"name":"Apía"},"geometry":{"type":"Polygon","coordinates":[[[-75.884,5.131],[-75.931,5.176],[-75.929,5.227],[-75.963,5.236],[-75.988,5.159],[-76.06,5.132],[-76.0,5.127],[-75.946,5.088],[-75.95,5.054],[-75.925,5.041],[-75.884,5.131]]]}},{"type":"Feature","properties":{"name":"Belén De Umbría"},"geometry":{"type":"Polygon","coordinates":[[[-75.824,5.27],[-75.869,5.274],[-75.926,5.252],[-75.931,5.176],[-75.846,5.106],[-75.802,5.2],[-75.824,5.27]]]}},{"type":"Feature","properties":{"name":"Guática"},"geometry":{"type":"Polygon","coordinates":[[[-75.748,5.284],[-75.779,5.324],[-75.751,5.386],[-75.828,5.367],[-75.854,5.337],[-75.849,5.271],[-75.748,5.284]]]}},{"type":"Feature","properties":{"name":"La Celia"},"geometry":{"type":"Polygon","coordinates":[[[-75.946,4.99],[-75.991,5.038],[-76.024,5.024],[-76.08,5.043],[-76.028,4.939],[-75.994,4.913],[-75.994,4.954],[-75.946,4.99]]]}},{"type":"Feature","properties":{"name":"La Virginia"},"geometry":{"type":"Polygon","coordinates":[[[-75.867,4.934],[-75.889,4.898],[-75.843,4.871],[-75.815,4.919],[-75.867,4.934]]]}},{"type":"Feature","properties":{"name":"Marsella"},"geometry":{"type":"Polygon","coordinates":[[[-75.815,4.919],[-75.805,4.888],[-75.774,4.87],[-75.738,4.891],[-75.706,4.87],[-75.69,4.885],[-75.747,5.047],[-75.781,5.01],[-75.792,4.938],[-75.815,4.919]]]}},{"type":"Feature","properties":{"name":"Pueblo Rico"},"geometry":{"type":"Polygon","coordinates":[[[-75.929,5.227],[-75.924,5.246],[-75.961,5.289],[-75.956,5.344],[-76.062,5.367],[-76.088,5.447],[-76.152,5.408],[-76.191,5.415],[-76.211,5.349],[-76.125,5.173],[-76.06,5.132],[-75.988,5.159],[-75.963,5.236],[-75.929,5.227]]]}},{"type":"Feature","properties":{"name":"Quinchia"},"geometry":{"type":"Polygon","coordinates":[[[-75.694,5.255],[-75.648,5.307],[-75.698,5.388],[-75.739,5.398],[-75.779,5.324],[-75.735,5.264],[-75.694,5.255]]]}},{"type":"Feature","properties":{"name":"Santa Rosa De Cabal"},"geometry":{"type":"Polygon","coordinates":[[[-75.714,4.958],[-75.686,4.882],[-75.651,4.883],[-75.628,4.843],[-75.649,4.787],[-75.535,4.7],[-75.469,4.72],[-75.409,4.793],[-75.375,4.803],[-75.427,4.816],[-75.48,4.916],[-75.617,4.931],[-75.623,4.971],[-75.64,4.975],[-75.666,4.943],[-75.714,4.958]]]}},{"type":"Feature","properties":{"name":"Santuario"},"geometry":{"type":"Polygon","coordinates":[[[-75.861,4.942],[-75.892,4.962],[-75.904,5.024],[-75.95,5.054],[-75.946,5.088],[-76.0,5.127],[-76.06,5.132],[-76.077,5.047],[-76.058,5.03],[-75.995,5.039],[-75.986,5.019],[-75.963,5.019],[-75.882,4.913],[-75.861,4.942]]]}},{"type":"Feature","properties":{"name":"Aguada"},"geometry":{"type":"Polygon","coordinates":[[[-73.481,6.186],[-73.53,6.238],[-73.577,6.253],[-73.556,6.221],[-73.561,6.158],[-73.543,6.11],[-73.521,6.146],[-73.482,6.164],[-73.481,6.186]]]}},{"type":"Feature","properties":{"name":"Albania"},"geometry":{"type":"Polygon","coordinates":[[[-73.763,5.773],[-73.737,5.844],[-73.739,5.874],[-73.797,5.845],[-73.823,5.792],[-73.863,5.795],[-73.859,5.774],[-73.915,5.792],[-73.962,5.74],[-73.886,5.736],[-73.88,5.708],[-73.824,5.741],[-73.812,5.715],[-73.763,5.773]]]}},{"type":"Feature","properties":{"name":"Aratoca"},"geometry":{"type":"Polygon","coordinates":[[[-73.004,6.824],[-73.068,6.737],[-73.036,6.702],[-73.103,6.703],[-73.036,6.648],[-72.967,6.662],[-72.936,6.704],[-72.973,6.727],[-72.986,6.811],[-73.004,6.824]]]}},{"type":"Feature","properties":{"name":"Barbosa"},"geometry":{"type":"Polygon","coordinates":[[[-73.593,5.959],[-73.588,5.998],[-73.62,5.993],[-73.663,5.927],[-73.633,5.911],[-73.593,5.959]]]}},{"type":"Feature","properties":{"name":"Barichara"},"geometry":{"type":"Polygon","coordinates":[[[-73.154,6.6],[-73.166,6.639],[-73.193,6.647],[-73.179,6.708],[-73.224,6.734],[-73.255,6.71],[-73.265,6.629],[-73.234,6.614],[-73.223,6.559],[-73.154,6.6]]]}},{"type":"Feature","properties":{"name":"Barrancabermeja"},"geometry":{"type":"Polygon","coordinates":[[[-73.568,7.184],[-73.611,7.189],[-73.696,7.257],[-73.747,7.231],[-73.79,7.243],[-73.815,7.212],[-73.818,7.235],[-73.888,7.189],[-73.923,7.213],[-73.933,7.125],[-73.888,7.07],[-73.884,7.005],[-74.011,6.913],[-74.094,6.804],[-74.064,6.811],[-74.072,6.799],[-74.059,6.796],[-74.032,6.82],[-74.044,6.819],[-74.05,6.835],[-74.035,6.824],[-74.043,6.84],[-73.949,6.889],[-73.875,6.886],[-73.865,6.868],[-73.843,6.914],[-73.841,6.884],[-73.802,6.894],[-73.767,6.855],[-73.742,6.866],[-73.735,6.904],[-73.628,6.882],[-73.703,6.946],[-73.549,7.131],[-73.54,7.154],[-73.568,7.184]]]}},{"type":"Feature","properties":{"name":"Betulia"},"geometry":{"type":"Polygon","coordinates":[[[-73.217,6.926],[-73.297,7.021],[-73.343,7.041],[-73.347,7.065],[-73.38,7.068],[-73.439,7.131],[-73.54,7.154],[-73.518,7.127],[-73.526,7.043],[-73.49,7.061],[-73.494,6.981],[-73.452,6.96],[-73.383,7.003],[-73.351,6.993],[-73.339,6.98],[-73.355,6.937],[-73.335,6.929],[-73.318,6.881],[-73.301,6.885],[-73.27,6.849],[-73.217,6.926]]]}},{"type":"Feature","properties":{"name":"Bolivar"},"geometry":{"type":"Polygon","coordinates":[[[-74.197,5.853],[-74.176,5.968],[-74.102,6.047],[-74.118,6.087],[-74.112,6.122],[-74.091,6.128],[-74.098,6.171],[-74.077,6.155],[-73.979,6.194],[-73.924,6.132],[-73.876,6.149],[-73.867,6.126],[-73.846,6.14],[-73.793,6.124],[-73.798,6.082],[-73.764,6.042],[-73.791,6.018],[-73.851,6.015],[-73.859,5.985],[-73.768,5.938],[-73.753,5.958],[-73.759,6.0],[-73.718,6.03],[-73.75,6.091],[-73.729,6.146],[-73.79,6.214],[-73.862,6.168],[-73.917,6.231],[-74.038,6.206],[-74.062,6.185],[-74.132,6.247],[-74.171,6.197],[-74.204,6.191],[-74.21,6.162],[-74.184,6.13],[-74.194,6.085],[-74.222,6.068],[-74.287,6.128],[-74.323,6.108],[-74.407,6.129],[-74.425,6.193],[-74.412,6.223],[-74.481,6.248],[-74.509,6.286],[-74.527,6.274],[-74.508,6.216],[-74.47,6.201],[-74.479,6.16],[-74.453,6.136],[-74.452,6.099],[-74.408,6.086],[-74.383,6.04],[-74.348,6.039],[-74.337,6.065],[-74.298,6.084],[-74.259,6.066],[-74.26,6.012],[-74.222,5.968],[-74.239,5.944],[-74.231,5.905],[-74.275,5.868],[-74.266,5.835],[-74.197,5.853]]]}},{"type":"Feature","properties":{"name":"Cabrera"},"geometry":{"type":"Polygon","coordinates":[[[-73.265,6.629],[-73.283,6.565],[-73.265,6.509],[-73.204,6.542],[-73.238,6.587],[-73.237,6.62],[-73.265,6.629]]]}},{"type":"Feature","properties":{"name":"California"},"geometry":{"type":"Polygon","coordinates":[[[-72.866,7.377],[-72.896,7.401],[-72.979,7.342],[-72.923,7.292],[-72.931,7.339],[-72.866,7.377]]]}},{"type":"Feature","properties":{"name":"Capitanejo"},"geometry":{"type":"Polygon","coordinates":[[[-72.704,6.539],[-72.649,6.436],[-72.627,6.5],[-72.703,6.594],[-72.745,6.561],[-72.704,6.539]]]}},{"type":"Feature","properties":{"name":"Carcasí"},"geometry":{"type":"Polygon","coordinates":[[[-72.499,6.728],[-72.589,6.757],[-72.588,6.732],[-72.621,6.723],[-72.668,6.616],[-72.605,6.592],[-72.6,6.559],[-72.561,6.59],[-72.527,6.592],[-72.486,6.654],[-72.499,6.728]]]}},{"type":"Feature","properties":{"name":"Cepitá"},"geometry":{"type":"Polygon","coordinates":[[[-72.973,6.727],[-72.908,6.676],[-72.904,6.708],[-72.88,6.718],[-72.889,6.817],[-72.912,6.796],[-72.948,6.812],[-72.958,6.792],[-72.985,6.791],[-72.973,6.727]]]}},{"type":"Feature","properties":{"name":"Cerrito"},"geometry":{"type":"Polygon","coordinates":[[[-72.557,6.827],[-72.542,6.942],[-72.562,7.0],[-72.649,6.998],[-72.669,6.966],[-72.677,7.008],[-72.722,7.005],[-72.745,6.976],[-72.731,6.941],[-72.758,6.827],[-72.733,6.838],[-72.694,6.801],[-72.676,6.826],[-72.634,6.819],[-72.623,6.793],[-72.583,6.799],[-72.557,6.827]]]}},{"type":"Feature","properties":{"name":"Charala"},"geometry":{"type":"Polygon","coordinates":[[[-73.082,5.977],[-73.14,5.999],[-73.146,6.09],[-73.175,6.106],[-73.171,6.176],[-73.109,6.217],[-73.109,6.267],[-73.075,6.273],[-73.034,6.368],[-73.001,6.359],[-73.018,6.395],[-73.063,6.39],[-73.102,6.316],[-73.118,6.32],[-73.12,6.288],[-73.145,6.294],[-73.14,6.329],[-73.16,6.356],[-73.231,6.315],[-73.2,6.267],[-73.209,6.199],[-73.238,6.159],[-73.24,6.054],[-73.143,5.961],[-73.082,5.977]]]}},{"type":"Feature","properties":{"name":"Charta"},"geometry":{"type":"Polygon","coordinates":[[[-72.882,7.257],[-72.973,7.318],[-73.052,7.277],[-73.075,7.192],[-73.042,7.188],[-72.983,7.252],[-72.957,7.236],[-72.882,7.257]]]}},{"type":"Feature","properties":{"name":"Chima"},"geometry":{"type":"Polygon","coordinates":[[[-73.321,6.4],[-73.422,6.403],[-73.438,6.412],[-73.442,6.461],[-73.463,6.465],[-73.483,6.402],[-73.464,6.315],[-73.445,6.302],[-73.362,6.315],[-73.321,6.4]]]}},{"type":"Feature","properties":{"name":"Chipatá"},"geometry":{"type":"Polygon","coordinates":[[[-73.579,6.087],[-73.636,6.131],[-73.694,6.04],[-73.596,6.019],[-73.579,6.087]]]}},{"type":"Feature","properties":{"name":"Cimitarra"},"geometry":{"type":"Polygon","coordinates":[[[-74.509,6.286],[-74.481,6.248],[-74.412,6.223],[-74.425,6.193],[-74.407,6.129],[-74.323,6.108],[-74.287,6.128],[-74.217,6.068],[-74.194,6.085],[-74.184,6.13],[-74.211,6.168],[-74.197,6.203],[-74.171,6.197],[-74.132,6.247],[-74.096,6.218],[-73.992,6.217],[-73.858,6.331],[-73.807,6.461],[-73.874,6.517],[-73.874,6.549],[-73.935,6.544],[-73.955,6.576],[-74.079,6.616],[-74.065,6.62],[-74.069,6.657],[-74.105,6.655],[-74.088,6.692],[-74.112,6.726],[-74.09,6.737],[-74.115,6.742],[-74.11,6.777],[-74.405,6.594],[-74.405,6.471],[-74.369,6.412],[-74.424,6.39],[-74.45,6.332],[-74.509,6.286]]]}},{"type":"Feature","properties":{"name":"Concepción"},"geometry":{"type":"Polygon","coordinates":[[[-72.503,6.908],[-72.514,6.888],[-72.547,6.886],[-72.557,6.827],[-72.581,6.799],[-72.623,6.793],[-72.634,6.819],[-72.676,6.826],[-72.694,6.801],[-72.733,6.838],[-72.759,6.824],[-72.751,6.775],[-72.678,6.693],[-72.624,6.701],[-72.621,6.723],[-72.588,6.732],[-72.589,6.757],[-72.502,6.725],[-72.477,6.842],[-72.503,6.908]]]}},{"type":"Feature","properties":{"name":"Confines"},"geometry":{"type":"Polygon","coordinates":[[[-73.205,6.33],[-73.195,6.376],[-73.223,6.415],[-73.241,6.373],[-73.297,6.37],[-73.305,6.348],[-73.236,6.308],[-73.205,6.33]]]}},{"type":"Feature","properties":{"name":"Contratación"},"geometry":{"type":"Polygon","coordinates":[[[-73.476,6.375],[-73.515,6.37],[-73.551,6.307],[-73.58,6.325],[-73.599,6.307],[-73.566,6.289],[-73.562,6.259],[-73.495,6.268],[-73.448,6.231],[-73.44,6.28],[-73.408,6.311],[-73.464,6.315],[-73.476,6.375]]]}},{"type":"Feature","properties":{"name":"Coromoro"},"geometry":{"type":"Polygon","coordinates":[[[-72.873,6.125],[-72.869,6.233],[-72.893,6.245],[-72.875,6.272],[-72.916,6.33],[-72.912,6.379],[-72.98,6.358],[-73.034,6.368],[-73.075,6.273],[-73.109,6.267],[-73.099,6.232],[-73.136,6.206],[-73.133,6.187],[-73.045,6.139],[-72.96,6.131],[-72.923,6.098],[-72.873,6.125]]]}},{"type":"Feature","properties":{"name":"Curití"},"geometry":{"type":"Polygon","coordinates":[[[-73.081,6.687],[-73.118,6.686],[-73.1,6.631],[-73.111,6.575],[-73.04,6.539],[-72.992,6.539],[-72.983,6.6],[-72.924,6.611],[-72.917,6.649],[-72.873,6.631],[-72.897,6.672],[-72.938,6.691],[-73.003,6.646],[-73.042,6.649],[-73.081,6.687]]]}},{"type":"Feature","properties":{"name":"El Carmen De Chucuri"},"geometry":{"type":"Polygon","coordinates":[[[-73.383,6.702],[-73.463,6.731],[-73.463,6.778],[-73.483,6.772],[-73.515,6.801],[-73.54,6.782],[-73.545,6.81],[-73.582,6.807],[-73.637,6.833],[-73.635,6.771],[-73.67,6.779],[-73.683,6.742],[-73.717,6.762],[-73.74,6.755],[-73.723,6.644],[-73.735,6.617],[-73.674,6.585],[-73.677,6.552],[-73.557,6.539],[-73.549,6.509],[-73.481,6.534],[-73.438,6.525],[-73.431,6.58],[-73.383,6.657],[-73.383,6.702]]]}},{"type":"Feature","properties":{"name":"El Guacamayo"},"geometry":{"type":"Polygon","coordinates":[[[-73.481,6.186],[-73.451,6.232],[-73.469,6.259],[-73.524,6.27],[-73.556,6.257],[-73.6,6.32],[-73.635,6.312],[-73.637,6.29],[-73.554,6.235],[-73.53,6.238],[-73.481,6.186]]]}},{"type":"Feature","properties":{"name":"El Peñón"},"geometry":{"type":"Polygon","coordinates":[[[-74.077,6.155],[-74.059,6.114],[-74.068,6.075],[-74.035,6.05],[-73.935,6.086],[-73.906,6.013],[-73.878,6.0],[-73.791,6.018],[-73.764,6.042],[-73.798,6.082],[-73.793,6.124],[-73.846,6.14],[-73.867,6.126],[-73.876,6.149],[-73.924,6.132],[-73.966,6.191],[-74.077,6.155]]]}},{"type":"Feature","properties":{"name":"El Playón"},"geometry":{"type":"Polygon","coordinates":[[[-73.049,7.606],[-73.227,7.628],[-73.259,7.587],[-73.255,7.533],[-73.282,7.548],[-73.32,7.511],[-73.323,7.489],[-73.294,7.464],[-73.308,7.443],[-73.251,7.433],[-73.232,7.461],[-73.216,7.442],[-73.196,7.447],[-73.189,7.416],[-73.185,7.413],[-73.096,7.475],[-73.045,7.459],[-73.054,7.485],[-73.091,7.489],[-73.068,7.514],[-73.098,7.532],[-73.049,7.606]]]}},{"type":"Feature","properties":{"name":"Encino"},"geometry":{"type":"Polygon","coordinates":[[[-73.031,6.021],[-73.011,5.963],[-72.923,6.098],[-72.96,6.131],[-73.074,6.149],[-73.098,6.181],[-73.133,6.187],[-73.136,6.206],[-73.158,6.171],[-73.171,6.176],[-73.175,6.112],[-73.146,6.09],[-73.14,5.999],[-73.077,5.977],[-73.062,6.011],[-73.031,6.021]]]}},{"type":"Feature","properties":{"name":"Enciso"},"geometry":{"type":"Polygon","coordinates":[[[-72.723,6.579],[-72.668,6.616],[-72.624,6.701],[-72.678,6.693],[-72.707,6.718],[-72.706,6.623],[-72.723,6.579]]]}},{"type":"Feature","properties":{"name":"Florián"},"geometry":{"type":"Polygon","coordinates":[[[-74.079,5.819],[-74.026,5.807],[-73.981,5.721],[-73.915,5.792],[-73.859,5.774],[-73.863,5.795],[-73.826,5.79],[-73.86,5.824],[-73.874,5.818],[-73.88,5.853],[-73.972,5.848],[-73.999,5.836],[-73.997,5.818],[-74.065,5.846],[-74.079,5.819]]]}},{"type":"Feature","properties":{"name":"Floridablanca"},"geometry":{"type":"Polygon","coordinates":[[[-73.005,7.099],[-73.041,7.146],[-73.135,7.061],[-73.117,7.043],[-73.127,7.026],[-73.079,7.024],[-73.005,7.099]]]}},{"type":"Feature","properties":{"name":"Galán"},"geometry":{"type":"Polygon","coordinates":[[[-73.259,6.695],[-73.36,6.783],[-73.399,6.636],[-73.312,6.6],[-73.304,6.566],[-73.283,6.565],[-73.259,6.695]]]}},{"type":"Feature","properties":{"name":"Gámbita"},"geometry":{"type":"Polygon","coordinates":[[[-73.408,5.889],[-73.457,5.89],[-73.473,5.817],[-73.431,5.793],[-73.43,5.766],[-73.39,5.751],[-73.351,5.823],[-73.351,5.873],[-73.329,5.852],[-73.27,5.854],[-73.247,5.816],[-73.195,5.835],[-73.184,5.85],[-73.221,5.891],[-73.208,5.922],[-73.225,5.941],[-73.199,6.003],[-73.176,5.995],[-73.223,6.051],[-73.287,6.077],[-73.33,6.08],[-73.341,6.051],[-73.404,6.056],[-73.371,6.005],[-73.374,5.969],[-73.408,5.889]]]}},{"type":"Feature","properties":{"name":"Guaca"},"geometry":{"type":"Polygon","coordinates":[[[-72.885,6.815],[-72.886,6.839],[-72.846,6.828],[-72.827,6.882],[-72.761,6.904],[-72.742,6.932],[-72.75,7.059],[-72.787,7.049],[-72.812,7.075],[-72.846,7.046],[-72.87,6.932],[-72.938,6.807],[-72.912,6.796],[-72.885,6.815]]]}},{"type":"Feature","properties":{"name":"Guadalupe"},"geometry":{"type":"Polygon","coordinates":[[[-73.482,6.164],[-73.412,6.178],[-73.39,6.203],[-73.361,6.178],[-73.345,6.235],[-73.366,6.25],[-73.359,6.276],[-73.383,6.315],[-73.404,6.319],[-73.44,6.28],[-73.482,6.164]]]}},{"type":"Feature","properties":{"name":"Guapotá"},"geometry":{"type":"Polygon","coordinates":[[[-73.331,6.371],[-73.384,6.295],[-73.344,6.27],[-73.326,6.298],[-73.293,6.303],[-73.278,6.335],[-73.331,6.371]]]}},{"type":"Feature","properties":{"name":"Guavatá"},"geometry":{"type":"Polygon","coordinates":[[[-73.768,5.938],[-73.751,5.893],[-73.663,5.927],[-73.688,5.975],[-73.751,6.001],[-73.768,5.938]]]}},{"type":"Feature","properties":{"name":"Güepsa"},"geometry":{"type":"Polygon","coordinates":[[[-73.537,6.042],[-73.579,6.08],[-73.592,6.022],[-73.62,5.993],[-73.537,6.042]]]}},{"type":"Feature","properties":{"name":"Hato"},"geometry":{"type":"Polygon","coordinates":[[[-73.399,6.636],[-73.436,6.51],[-73.4,6.534],[-73.34,6.492],[-73.306,6.491],[-73.313,6.51],[-73.313,6.518],[-73.308,6.503],[-73.288,6.512],[-73.297,6.589],[-73.399,6.636]]]}},{"type":"Feature","properties":{"name":"Jesús María"},"geometry":{"type":"Polygon","coordinates":[[[-73.744,5.87],[-73.779,5.912],[-73.838,5.847],[-73.891,5.87],[-73.939,5.856],[-73.915,5.842],[-73.88,5.853],[-73.874,5.818],[-73.86,5.824],[-73.826,5.79],[-73.797,5.845],[-73.744,5.87]]]}},{"type":"Feature","properties":{"name":"Jordán Sube"},"geometry":{"type":"Polygon","coordinates":[[[-73.068,6.737],[-73.145,6.73],[-73.147,6.701],[-73.118,6.686],[-73.081,6.687],[-73.101,6.707],[-73.036,6.702],[-73.068,6.737]]]}},{"type":"Feature","properties":{"name":"La Belleza"},"geometry":{"type":"Polygon","coordinates":[[[-74.079,5.833],[-74.044,5.846],[-73.997,5.818],[-73.999,5.836],[-73.972,5.848],[-73.915,5.842],[-73.939,5.856],[-73.908,5.893],[-73.93,5.929],[-73.987,5.931],[-73.99,5.965],[-74.029,5.985],[-74.059,5.931],[-74.1,5.936],[-74.113,5.945],[-74.1,5.994],[-74.127,6.034],[-74.176,5.968],[-74.185,5.916],[-74.133,5.876],[-74.105,5.879],[-74.079,5.833]]]}},{"type":"Feature","properties":{"name":"Landázuri"},"geometry":{"type":"Polygon","coordinates":[[[-73.768,6.195],[-73.728,6.231],[-73.743,6.265],[-73.728,6.29],[-73.752,6.294],[-73.683,6.405],[-73.748,6.462],[-73.762,6.497],[-73.781,6.489],[-73.779,6.545],[-73.796,6.562],[-73.845,6.512],[-73.871,6.513],[-73.807,6.461],[-73.858,6.331],[-73.992,6.217],[-74.101,6.221],[-74.062,6.185],[-74.038,6.206],[-73.917,6.231],[-73.862,6.168],[-73.802,6.211],[-73.768,6.195]]]}},{"type":"Feature","properties":{"name":"La Paz"},"geometry":{"type":"Polygon","coordinates":[[[-73.556,6.221],[-73.634,6.292],[-73.656,6.286],[-73.669,6.385],[-73.723,6.295],[-73.682,6.252],[-73.686,6.172],[-73.627,6.144],[-73.636,6.131],[-73.571,6.086],[-73.543,6.11],[-73.561,6.158],[-73.556,6.221]]]}},{"type":"Feature","properties":{"name":"Lebríja"},"geometry":{"type":"Polygon","coordinates":[[[-73.164,7.211],[-73.248,7.236],[-73.286,7.351],[-73.305,7.36],[-73.347,7.338],[-73.354,7.429],[-73.395,7.409],[-73.372,7.397],[-73.382,7.376],[-73.356,7.285],[-73.4,7.205],[-73.435,7.185],[-73.427,7.153],[-73.392,7.158],[-73.318,7.11],[-73.305,7.121],[-73.26,7.083],[-73.26,7.053],[-73.204,7.042],[-73.184,7.138],[-73.159,7.163],[-73.164,7.211]]]}},{"type":"Feature","properties":{"name":"Los Santos"},"geometry":{"type":"Polygon","coordinates":[[[-73.004,6.824],[-73.113,6.909],[-73.176,6.884],[-73.167,6.85],[-73.199,6.797],[-73.198,6.765],[-73.145,6.73],[-73.076,6.732],[-73.004,6.824]]]}},{"type":"Feature","properties":{"name":"Macaravita"},"geometry":{"type":"Polygon","coordinates":[[[-72.534,6.496],[-72.549,6.521],[-72.542,6.583],[-72.561,6.59],[-72.638,6.508],[-72.627,6.469],[-72.649,6.436],[-72.534,6.496]]]}},{"type":"Feature","properties":{"name":"Ariguaní"},"geometry":{"type":"Polygon","coordinates":[[[-74.035,9.998],[-74.128,9.967],[-74.135,9.945],[-74.186,9.992],[-74.252,9.964],[-74.278,9.807],[-74.267,9.772],[-74.194,9.723],[-74.168,9.671],[-74.178,9.619],[-74.095,9.703],[-74.022,9.741],[-73.967,9.752],[-73.866,9.725],[-73.828,9.75],[-73.842,9.797],[-73.895,9.832],[-73.953,9.927],[-74.002,9.94],[-74.035,9.998]]]}},{"type":"Feature","properties":{"name":"Cerro De San Antonio"},"geometry":{"type":"Polygon","coordinates":[[[-74.851,10.367],[-74.916,10.238],[-74.883,10.215],[-74.826,10.28],[-74.731,10.244],[-74.706,10.26],[-74.701,10.274],[-74.75,10.325],[-74.851,10.367]]]}},{"type":"Feature","properties":{"name":"Chivolo"},"geometry":{"type":"Polygon","coordinates":[[[-74.386,10.127],[-74.495,10.232],[-74.553,10.206],[-74.587,10.218],[-74.591,10.174],[-74.637,10.141],[-74.622,10.081],[-74.647,10.07],[-74.648,10.037],[-74.672,10.053],[-74.669,10.017],[-74.564,9.969],[-74.554,9.948],[-74.546,10.028],[-74.487,10.033],[-74.437,10.015],[-74.402,10.034],[-74.415,10.044],[-74.386,10.127]]]}},{"type":"Feature","properties":{"name":"Ciénaga"},"geometry":{"type":"Polygon","coordinates":[[[-73.765,10.876],[-73.858,10.866],[-73.882,10.895],[-73.865,10.93],[-73.868,10.989],[-74.042,11.037],[-74.046,11.064],[-74.077,11.058],[-74.124,11.106],[-74.21,11.084],[-74.265,11.006],[-74.262,10.909],[-74.285,10.874],[-74.218,10.866],[-74.238,10.906],[-74.194,10.96],[-74.157,10.947],[-74.135,10.858],[-74.114,10.89],[-74.096,10.886],[-74.111,10.857],[-74.091,10.834],[-74.103,10.82],[-74.081,10.787],[-74.087,10.756],[-74.13,10.712],[-74.121,10.684],[-74.156,10.645],[-74.102,10.608],[-74.083,10.653],[-73.898,10.753],[-73.829,10.807],[-73.808,10.854],[-73.765,10.876]]]}},{"type":"Feature","properties":{"name":"Concordia"},"geometry":{"type":"Polygon","coordinates":[[[-74.876,10.214],[-74.826,10.235],[-74.754,10.18],[-74.693,10.225],[-74.704,10.245],[-74.826,10.28],[-74.876,10.214]]]}},{"type":"Feature","properties":{"name":"El Banco"},"geometry":{"type":"Polygon","coordinates":[[[-73.868,8.936],[-73.799,9.059],[-73.875,9.131],[-73.867,9.183],[-73.962,9.188],[-73.943,9.29],[-73.986,9.311],[-73.99,9.351],[-74.036,9.294],[-74.048,9.242],[-74.087,9.217],[-74.1,9.148],[-74.177,9.077],[-74.157,9.057],[-74.135,9.064],[-74.118,9.046],[-74.141,9.031],[-74.113,9.041],[-74.098,9.016],[-74.057,9.019],[-74.036,9.044],[-74.027,9.026],[-74.008,9.032],[-73.985,9.01],[-74.002,8.995],[-73.9,8.981],[-73.868,8.936]]]}},{"type":"Feature","properties":{"name":"El Piñón"},"geometry":{"type":"Polygon","coordinates":[[[-74.864,10.367],[-74.75,10.325],[-74.667,10.239],[-74.642,10.247],[-74.553,10.206],[-74.495,10.232],[-74.565,10.326],[-74.566,10.358],[-74.62,10.353],[-74.631,10.431],[-74.685,10.471],[-74.705,10.451],[-74.801,10.458],[-74.864,10.367]]]}},{"type":"Feature","properties":{"name":"El Retén"},"geometry":{"type":"Polygon","coordinates":[[[-74.258,10.665],[-74.367,10.768],[-74.375,10.745],[-74.426,10.728],[-74.451,10.685],[-74.374,10.621],[-74.291,10.619],[-74.216,10.536],[-74.188,10.554],[-74.192,10.586],[-74.223,10.604],[-74.258,10.665]]]}},{"type":"Feature","properties":{"name":"Fundación"},"geometry":{"type":"Polygon","coordinates":[[[-73.978,10.277],[-73.961,10.337],[-73.917,10.378],[-73.831,10.403],[-73.818,10.385],[-73.779,10.396],[-73.74,10.436],[-73.704,10.43],[-73.703,10.464],[-73.659,10.455],[-73.64,10.501],[-73.563,10.504],[-73.57,10.542],[-73.613,10.564],[-73.596,10.585],[-73.599,10.64],[-73.654,10.64],[-73.663,10.606],[-73.8,10.525],[-73.865,10.501],[-73.91,10.516],[-73.93,10.486],[-73.966,10.489],[-73.984,10.447],[-74.031,10.426],[-74.08,10.437],[-74.088,10.467],[-74.135,10.485],[-74.138,10.512],[-74.172,10.509],[-74.244,10.558],[-74.215,10.489],[-74.195,10.48],[-74.17,10.366],[-74.158,10.356],[-74.11,10.393],[-74.057,10.325],[-74.042,10.346],[-74.004,10.279],[-73.978,10.277]]]}},{"type":"Feature","properties":{"name":"Guamal"},"geometry":{"type":"Polygon","coordinates":[[[-74.176,9.088],[-74.1,9.148],[-74.087,9.217],[-74.048,9.242],[-73.982,9.387],[-74.064,9.403],[-74.124,9.333],[-74.175,9.342],[-74.214,9.318],[-74.203,9.293],[-74.237,9.249],[-74.3,9.204],[-74.298,9.16],[-74.249,9.165],[-74.22,9.136],[-74.228,9.124],[-74.176,9.088]]]}},{"type":"Feature","properties":{"name":"Nueva Granada"},"geometry":{"type":"Polygon","coordinates":[[[-74.269,9.88],[-74.334,9.935],[-74.361,9.91],[-74.4,9.952],[-74.41,9.902],[-74.481,9.837],[-74.43,9.812],[-74.438,9.786],[-74.412,9.771],[-74.442,9.675],[-74.424,9.645],[-74.455,9.63],[-74.421,9.59],[-74.389,9.604],[-74.355,9.569],[-74.295,9.595],[-74.27,9.567],[-74.197,9.592],[-74.178,9.617],[-74.168,9.671],[-74.194,9.723],[-74.27,9.775],[-74.269,9.88]]]}},{"type":"Feature","properties":{"name":"Pedraza"},"geometry":{"type":"Polygon","coordinates":[[[-74.945,10.129],[-74.825,10.059],[-74.774,10.098],[-74.751,10.081],[-74.731,10.106],[-74.742,10.142],[-74.682,10.215],[-74.705,10.221],[-74.709,10.2],[-74.754,10.18],[-74.826,10.235],[-74.876,10.214],[-74.916,10.238],[-74.945,10.129]]]}},{"type":"Feature","properties":{"name":"Pijiño Del Carmen"},"geometry":{"type":"Polygon","coordinates":[[[-73.803,9.636],[-73.822,9.685],[-73.884,9.66],[-73.927,9.663],[-73.945,9.732],[-73.985,9.72],[-74.004,9.662],[-74.062,9.667],[-74.064,9.638],[-74.086,9.635],[-74.13,9.577],[-74.146,9.584],[-74.173,9.556],[-74.198,9.568],[-74.249,9.519],[-74.279,9.518],[-74.269,9.482],[-74.284,9.435],[-74.333,9.417],[-74.391,9.435],[-74.432,9.394],[-74.475,9.401],[-74.48,9.303],[-74.465,9.323],[-74.299,9.369],[-74.229,9.46],[-74.119,9.504],[-74.037,9.591],[-73.989,9.58],[-73.893,9.616],[-73.868,9.601],[-73.803,9.636]]]}},{"type":"Feature","properties":{"name":"Pivijay"},"geometry":{"type":"Polygon","coordinates":[[[-74.466,10.203],[-74.433,10.264],[-74.371,10.212],[-74.348,10.217],[-74.35,10.261],[-74.312,10.248],[-74.309,10.267],[-74.27,10.266],[-74.287,10.303],[-74.257,10.291],[-74.178,10.405],[-74.195,10.48],[-74.215,10.489],[-74.271,10.603],[-74.306,10.625],[-74.374,10.621],[-74.438,10.678],[-74.435,10.628],[-74.454,10.595],[-74.488,10.564],[-74.541,10.561],[-74.529,10.546],[-74.546,10.528],[-74.668,10.563],[-74.659,10.506],[-74.685,10.471],[-74.631,10.431],[-74.62,10.353],[-74.566,10.358],[-74.55,10.299],[-74.466,10.203]]]}},{"type":"Feature","properties":{"name":"Plato"},"geometry":{"type":"Polygon","coordinates":[[[-74.778,9.508],[-74.749,9.555],[-74.723,9.543],[-74.662,9.578],[-74.656,9.611],[-74.688,9.624],[-74.665,9.645],[-74.591,9.668],[-74.522,9.565],[-74.5,9.61],[-74.45,9.609],[-74.455,9.63],[-74.424,9.645],[-74.442,9.675],[-74.412,9.771],[-74.438,9.786],[-74.43,9.812],[-74.481,9.837],[-74.41,9.902],[-74.4,9.952],[-74.443,9.977],[-74.442,10.017],[-74.546,10.028],[-74.572,9.89],[-74.693,9.889],[-74.741,9.846],[-74.839,9.81],[-74.816,9.79],[-74.816,9.732],[-74.788,9.697],[-74.806,9.676],[-74.774,9.587],[-74.807,9.547],[-74.778,9.508]]]}},{"type":"Feature","properties":{"name":"Pueblo Viejo"},"geometry":{"type":"Polygon","coordinates":[[[-74.265,11.006],[-74.351,10.976],[-74.485,10.981],[-74.483,10.842],[-74.457,10.727],[-74.388,10.738],[-74.367,10.768],[-74.312,10.701],[-74.291,10.706],[-74.258,10.665],[-74.224,10.658],[-74.247,10.785],[-74.268,10.801],[-74.266,10.868],[-74.285,10.874],[-74.262,10.909],[-74.265,11.006]]]}},{"type":"Feature","properties":{"name":"Remolino"},"geometry":{"type":"Polygon","coordinates":[[[-74.746,10.651],[-74.719,10.593],[-74.669,10.595],[-74.66,10.557],[-74.561,10.54],[-74.559,10.523],[-74.529,10.546],[-74.541,10.561],[-74.488,10.564],[-74.445,10.609],[-74.451,10.685],[-74.428,10.723],[-74.473,10.719],[-74.467,10.743],[-74.498,10.753],[-74.634,10.719],[-74.64,10.732],[-74.726,10.728],[-74.724,10.667],[-74.746,10.651]]]}},{"type":"Feature","properties":{"name":"Sabanas De San Angel"},"geometry":{"type":"Polygon","coordinates":[[[-74.158,10.356],[-74.189,10.38],[-74.257,10.291],[-74.287,10.303],[-74.27,10.266],[-74.309,10.267],[-74.312,10.248],[-74.355,10.257],[-74.348,10.217],[-74.374,10.213],[-74.417,10.263],[-74.455,10.248],[-74.449,10.215],[-74.466,10.203],[-74.386,10.127],[-74.415,10.044],[-74.402,10.034],[-74.442,10.017],[-74.443,9.977],[-74.361,9.91],[-74.334,9.935],[-74.269,9.88],[-74.252,9.964],[-74.228,9.985],[-74.186,9.992],[-74.135,9.945],[-74.128,9.967],[-74.035,9.998],[-74.102,10.086],[-74.127,10.207],[-74.196,10.186],[-74.213,10.197],[-74.158,10.356]]]}},{"type":"Feature","properties":{"name":"Salamina"},"geometry":{"type":"Polygon","coordinates":[[[-74.812,10.451],[-74.694,10.461],[-74.659,10.506],[-74.669,10.595],[-74.726,10.601],[-74.739,10.542],[-74.798,10.496],[-74.812,10.451]]]}},{"type":"Feature","properties":{"name":"San Sebastian De Buenavista"},"geometry":{"type":"Polygon","coordinates":[[[-74.392,9.215],[-74.349,9.233],[-74.3,9.204],[-74.237,9.249],[-74.203,9.293],[-74.214,9.318],[-74.175,9.342],[-74.124,9.333],[-74.064,9.403],[-73.978,9.389],[-74.049,9.424],[-74.097,9.477],[-74.139,9.494],[-74.186,9.484],[-74.244,9.35],[-74.396,9.231],[-74.418,9.236],[-74.392,9.215]]]}},{"type":"Feature","properties":{"name":"San Zenón"},"geometry":{"type":"Polygon","coordinates":[[[-74.418,9.236],[-74.396,9.231],[-74.244,9.35],[-74.186,9.484],[-74.229,9.46],[-74.299,9.369],[-74.465,9.323],[-74.532,9.256],[-74.511,9.234],[-74.436,9.274],[-74.418,9.236]]]}},{"type":"Feature","properties":{"name":"Santa Ana"},"geometry":{"type":"Polygon","coordinates":[[[-74.532,9.256],[-74.511,9.294],[-74.479,9.296],[-74.475,9.401],[-74.432,9.394],[-74.391,9.435],[-74.333,9.417],[-74.284,9.435],[-74.269,9.482],[-74.279,9.518],[-74.249,9.519],[-74.198,9.568],[-74.173,9.556],[-74.146,9.584],[-74.13,9.577],[-74.086,9.635],[-74.064,9.638],[-74.062,9.667],[-74.004,9.662],[-73.985,9.72],[-73.945,9.732],[-73.927,9.663],[-73.884,9.66],[-73.826,9.686],[-73.811,9.674],[-73.818,9.711],[-73.845,9.739],[-73.866,9.725],[-73.967,9.752],[-74.022,9.741],[-74.095,9.703],[-74.197,9.592],[-74.27,9.567],[-74.295,9.595],[-74.36,9.57],[-74.389,9.604],[-74.411,9.589],[-74.477,9.621],[-74.5,9.61],[-74.537,9.517],[-74.56,9.512],[-74.557,9.488],[-74.594,9.467],[-74.628,9.39],[-74.656,9.384],[-74.621,9.374],[-74.616,9.341],[-74.566,9.315],[-74.532,9.256]]]}},{"type":"Feature","properties":{"name":"Santa Bárbara De Pinto"},"geometry":{"type":"Polygon","coordinates":[[[-74.801,9.442],[-74.763,9.464],[-74.732,9.419],[-74.699,9.427],[-74.66,9.386],[-74.628,9.39],[-74.594,9.467],[-74.526,9.535],[-74.534,9.604],[-74.591,9.668],[-74.673,9.64],[-74.688,9.624],[-74.656,9.611],[-74.662,9.578],[-74.723,9.543],[-74.749,9.555],[-74.808,9.462],[-74.801,9.442]]]}},{"type":"Feature","properties":{"name":"Sitionuevo"},"geometry":{"type":"Polygon","coordinates":[[[-74.757,10.945],[-74.718,10.909],[-74.741,10.846],[-74.726,10.728],[-74.64,10.732],[-74.634,10.719],[-74.498,10.753],[-74.467,10.743],[-74.473,10.719],[-74.428,10.723],[-74.458,10.729],[-74.483,10.842],[-74.485,10.981],[-74.852,11.105],[-74.837,11.056],[-74.763,10.994],[-74.757,10.945]]]}},{"type":"Feature","properties":{"name":"Tenerife"},"geometry":{"type":"Polygon","coordinates":[[[-74.863,9.944],[-74.882,9.872],[-74.839,9.81],[-74.741,9.846],[-74.693,9.889],[-74.572,9.89],[-74.553,9.946],[-74.564,9.969],[-74.661,10.012],[-74.744,9.999],[-74.763,10.018],[-74.79,10.014],[-74.82,9.967],[-74.863,9.944]]]}},{"type":"Feature","properties":{"name":"Zapayán"},"geometry":{"type":"Polygon","coordinates":[[[-74.79,10.014],[-74.763,10.018],[-74.744,9.999],[-74.661,10.012],[-74.672,10.053],[-74.648,10.037],[-74.647,10.07],[-74.622,10.081],[-74.637,10.141],[-74.591,10.174],[-74.596,10.232],[-74.667,10.239],[-74.701,10.274],[-74.716,10.249],[-74.682,10.209],[-74.742,10.142],[-74.738,10.089],[-74.757,10.08],[-74.774,10.098],[-74.825,10.059],[-74.79,10.014]]]}},{"type":"Feature","properties":{"name":"Zona Bananera"},"geometry":{"type":"Polygon","coordinates":[[[-74.266,10.866],[-74.268,10.801],[-74.247,10.785],[-74.24,10.697],[-74.22,10.693],[-74.218,10.661],[-74.152,10.637],[-74.121,10.684],[-74.13,10.712],[-74.087,10.756],[-74.081,10.787],[-74.103,10.82],[-74.091,10.834],[-74.111,10.857],[-74.096,10.886],[-74.114,10.89],[-74.135,10.858],[-74.157,10.947],[-74.194,10.96],[-74.238,10.906],[-74.218,10.866],[-74.266,10.866]]]}},{"type":"Feature","properties":{"name":"Acacías"},"geometry":{"type":"Polygon","coordinates":[[[-73.933,4.149],[-73.967,4.091],[-74.005,4.11],[-74.036,4.082],[-73.962,4.027],[-73.961,3.993],[-73.877,3.983],[-73.858,3.954],[-73.801,3.926],[-73.736,3.926],[-73.639,3.869],[-73.548,3.875],[-73.499,3.842],[-73.469,3.845],[-73.442,3.875],[-73.416,3.984],[-73.764,4.046],[-73.766,4.117],[-73.71,4.163],[-73.733,4.203],[-73.809,4.204],[-73.826,4.168],[-73.861,4.172],[-73.896,4.143],[-73.933,4.149]]]}},{"type":"Feature","properties":{"name":"Barranca De Upia"},"geometry":{"type":"Polygon","coordinates":[[[-73.092,4.475],[-73.08,4.457],[-73.049,4.467],[-72.993,4.439],[-72.973,4.4],[-72.914,4.373],[-72.913,4.355],[-72.912,4.383],[-72.93,4.432],[-72.843,4.433],[-72.897,4.475],[-72.968,4.599],[-73.017,4.636],[-73.054,4.702],[-73.053,4.736],[-73.092,4.475]]]}},{"type":"Feature","properties":{"name":"Cabuyaro"},"geometry":{"type":"Polygon","coordinates":[[[-73.125,4.257],[-73.095,4.24],[-73.063,4.248],[-73.077,4.233],[-73.058,4.226],[-73.065,4.208],[-73.046,4.214],[-73.045,4.172],[-73.025,4.18],[-73.026,4.161],[-73.011,4.19],[-72.983,4.161],[-72.926,4.154],[-72.908,4.197],[-72.875,4.202],[-72.884,4.244],[-72.862,4.238],[-72.864,4.269],[-72.84,4.243],[-72.835,4.264],[-72.801,4.25],[-72.795,4.281],[-72.766,4.262],[-72.739,4.321],[-72.77,4.334],[-72.769,4.367],[-72.8,4.378],[-72.787,4.395],[-72.824,4.416],[-72.813,4.43],[-72.93,4.432],[-72.912,4.383],[-72.913,4.355],[-72.914,4.373],[-72.973,4.4],[-72.993,4.439],[-73.049,4.467],[-73.08,4.457],[-73.092,4.475],[-73.125,4.257]]]}},{"type":"Feature","properties":{"name":"Castilla La Nueva"},"geometry":{"type":"Polygon","coordinates":[[[-73.728,3.921],[-73.712,3.885],[-73.742,3.848],[-73.713,3.798],[-73.568,3.761],[-73.517,3.725],[-73.357,3.71],[-73.389,3.866],[-73.423,3.843],[-73.455,3.856],[-73.499,3.842],[-73.548,3.875],[-73.639,3.869],[-73.728,3.921]]]}},{"type":"Feature","properties":{"name":"Cubarral"},"geometry":{"type":"Polygon","coordinates":[[[-73.75,3.811],[-73.856,3.891],[-74.159,3.934],[-74.206,4.014],[-74.26,3.949],[-74.256,3.928],[-74.317,3.881],[-74.297,3.819],[-74.336,3.822],[-74.399,3.751],[-74.372,3.716],[-74.295,3.717],[-74.236,3.76],[-74.232,3.807],[-74.192,3.775],[-74.091,3.78],[-74.047,3.741],[-74.044,3.714],[-74.004,3.704],[-73.972,3.719],[-73.964,3.747],[-73.889,3.731],[-73.841,3.768],[-73.788,3.724],[-73.76,3.766],[-73.727,3.763],[-73.75,3.811]]]}},{"type":"Feature","properties":{"name":"Cumaral"},"geometry":{"type":"Polygon","coordinates":[[[-73.572,4.373],[-73.566,4.295],[-73.545,4.267],[-73.522,4.274],[-73.425,4.156],[-73.34,4.149],[-73.149,4.189],[-73.107,4.162],[-73.077,4.186],[-73.039,4.179],[-73.046,4.214],[-73.065,4.208],[-73.058,4.226],[-73.077,4.233],[-73.063,4.248],[-73.095,4.24],[-73.125,4.257],[-73.139,4.212],[-73.203,4.273],[-73.354,4.321],[-73.431,4.306],[-73.472,4.276],[-73.521,4.292],[-73.551,4.308],[-73.572,4.373]]]}},{"type":"Feature","properties":{"name":"El Calvario"},"geometry":{"type":"Polygon","coordinates":[[[-73.764,4.281],[-73.693,4.289],[-73.655,4.272],[-73.656,4.287],[-73.628,4.286],[-73.6,4.343],[-73.632,4.397],[-73.668,4.359],[-73.687,4.406],[-73.737,4.415],[-73.756,4.462],[-73.793,4.441],[-73.812,4.402],[-73.764,4.281]]]}},{"type":"Feature","properties":{"name":"El Castillo"},"geometry":{"type":"Polygon","coordinates":[[[-74.044,3.714],[-74.028,3.62],[-73.959,3.561],[-73.954,3.525],[-73.941,3.535],[-73.887,3.508],[-73.81,3.502],[-73.747,3.517],[-73.748,3.626],[-73.765,3.659],[-73.821,3.651],[-73.836,3.672],[-73.873,3.677],[-73.899,3.699],[-73.889,3.731],[-73.933,3.751],[-73.973,3.742],[-73.972,3.719],[-73.996,3.707],[-74.044,3.714]]]}},{"type":"Feature","properties":{"name":"El Dorado"},"geometry":{"type":"Polygon","coordinates":[[[-73.889,3.731],[-73.899,3.699],[-73.873,3.677],[-73.836,3.672],[-73.821,3.651],[-73.765,3.659],[-73.795,3.739],[-73.841,3.768],[-73.889,3.731]]]}},{"type":"Feature","properties":{"name":"Fuente De Oro"},"geometry":{"type":"Polygon","coordinates":[[[-73.423,3.346],[-73.468,3.409],[-73.517,3.405],[-73.574,3.45],[-73.595,3.506],[-73.643,3.551],[-73.643,3.522],[-73.682,3.489],[-73.683,3.462],[-73.731,3.42],[-73.746,3.361],[-73.652,3.311],[-73.579,3.233],[-73.548,3.231],[-73.555,3.269],[-73.599,3.301],[-73.53,3.293],[-73.499,3.325],[-73.448,3.301],[-73.423,3.346]]]}},{"type":"Feature","properties":{"name":"Granada"},"geometry":{"type":"Polygon","coordinates":[[[-73.881,3.508],[-73.856,3.428],[-73.797,3.417],[-73.795,3.397],[-73.746,3.361],[-73.731,3.42],[-73.643,3.522],[-73.644,3.561],[-73.712,3.646],[-73.747,3.619],[-73.747,3.517],[-73.881,3.508]]]}},{"type":"Feature","properties":{"name":"Guamal"},"geometry":{"type":"Polygon","coordinates":[[[-74.1,4.013],[-74.202,4.014],[-74.159,3.934],[-73.856,3.891],[-73.758,3.815],[-73.719,3.805],[-73.742,3.848],[-73.712,3.885],[-73.728,3.921],[-73.801,3.926],[-73.858,3.954],[-73.877,3.983],[-73.961,3.993],[-73.962,4.027],[-74.019,4.076],[-74.071,4.058],[-74.1,4.013]]]}},{"type":"Feature","properties":{"name":"Mesetas"},"geometry":{"type":"Polygon","coordinates":[[[-74.018,3.433],[-74.072,3.475],[-74.133,3.48],[-74.139,3.561],[-74.177,3.566],[-74.187,3.545],[-74.23,3.532],[-74.232,3.637],[-74.252,3.645],[-74.275,3.596],[-74.253,3.559],[-74.299,3.452],[-74.281,3.414],[-74.302,3.342],[-74.269,3.27],[-74.266,3.189],[-74.221,3.013],[-74.176,2.917],[-74.183,2.854],[-74.063,2.72],[-74.069,2.695],[-74.041,2.656],[-74.05,2.63],[-73.972,2.57],[-73.951,2.654],[-73.963,2.697],[-74.004,2.713],[-73.97,2.739],[-73.978,2.79],[-74.058,2.84],[-73.992,2.97],[-74.007,2.984],[-73.996,3.043],[-74.056,3.215],[-74.041,3.245],[-74.013,3.243],[-74.0,3.207],[-73.981,3.23],[-73.983,3.301],[-73.961,3.341],[-73.999,3.353],[-74.018,3.433]]]}},{"type":"Feature","properties":{"name":"Uribe"},"geometry":{"type":"Polygon","coordinates":[[[-74.899,2.964],[-74.879,2.914],[-74.836,2.909],[-74.798,2.936],[-74.768,2.872],[-74.671,2.888],[-74.667,2.805],[-74.643,2.755],[-74.619,2.75],[-74.639,2.703],[-74.589,2.67],[-74.6,2.636],[-74.531,2.583],[-74.499,2.508],[-74.4,2.553],[-74.306,2.551],[-74.273,2.568],[-74.26,2.547],[-74.199,2.57],[-74.057,2.544],[-74.057,2.564],[-74.024,2.567],[-73.976,2.516],[-73.96,2.539],[-73.934,2.535],[-73.967,2.553],[-73.997,2.604],[-74.05,2.63],[-74.041,2.656],[-74.069,2.695],[-74.063,2.72],[-74.181,2.848],[-74.176,2.917],[-74.221,3.013],[-74.266,3.189],[-74.269,3.27],[-74.302,3.342],[-74.281,3.414],[-74.299,3.452],[-74.253,3.559],[-74.27,3.615],[-74.216,3.742],[-74.231,3.787],[-74.236,3.76],[-74.295,3.717],[-74.372,3.716],[-74.387,3.742],[-74.416,3.741],[-74.461,3.667],[-74.503,3.646],[-74.537,3.56],[-74.568,3.522],[-74.59,3.528],[-74.631,3.471],[-74.606,3.414],[-74.64,3.368],[-74.616,3.288],[-74.657,3.248],[-74.673,3.186],[-74.713,3.17],[-74.792,3.056],[-74.816,3.053],[-74.869,2.974],[-74.899,2.964]]]}},{"type":"Feature","properties":{"name":"Lejanías"},"geometry":{"type":"Polygon","coordinates":[[[-74.232,3.807],[-74.216,3.742],[-74.255,3.657],[-74.232,3.637],[-74.23,3.532],[-74.187,3.545],[-74.177,3.566],[-74.139,3.561],[-74.125,3.473],[-74.072,3.475],[-74.052,3.455],[-74.031,3.502],[-73.989,3.499],[-73.919,3.454],[-73.867,3.446],[-73.868,3.498],[-73.941,3.535],[-73.954,3.525],[-73.959,3.561],[-74.028,3.62],[-74.047,3.741],[-74.091,3.78],[-74.192,3.775],[-74.232,3.807]]]}},{"type":"Feature","properties":{"name":"Puerto López"},"geometry":{"type":"Polygon","coordinates":[[[-73.025,4.18],[-73.071,4.187],[-73.141,4.145],[-73.26,4.13],[-73.175,4.04],[-73.175,3.935],[-73.079,3.915],[-73.099,3.905],[-73.095,3.886],[-73.109,3.893],[-73.135,3.821],[-73.194,3.791],[-73.178,3.735],[-73.158,3.727],[-73.108,3.757],[-73.084,3.691],[-73.032,3.681],[-73.027,3.653],[-72.995,3.637],[-72.972,3.656],[-72.828,3.662],[-72.736,3.72],[-72.643,3.749],[-72.607,3.749],[-72.58,3.722],[-72.494,3.733],[-72.403,3.696],[-72.374,3.737],[-72.35,3.73],[-72.282,3.759],[-72.281,3.78],[-72.296,3.778],[-72.271,3.791],[-72.294,3.811],[-72.263,3.839],[-72.264,3.863],[-72.236,3.863],[-72.236,3.884],[-72.265,3.894],[-72.216,3.906],[-72.211,3.88],[-72.191,3.924],[-72.201,3.952],[-72.167,3.959],[-72.18,3.975],[-72.156,4.003],[-72.176,4.015],[-72.138,4.026],[-72.159,4.059],[-72.121,4.044],[-72.107,4.12],[-72.162,4.097],[-72.198,4.111],[-72.225,4.149],[-72.189,4.185],[-72.147,4.367],[-72.119,4.399],[-72.068,4.402],[-72.143,4.44],[-72.243,4.435],[-72.303,4.409],[-72.321,4.371],[-72.342,4.372],[-72.356,4.342],[-72.405,4.318],[-72.428,4.354],[-72.467,4.317],[-72.548,4.355],[-72.573,4.302],[-72.676,4.317],[-72.694,4.287],[-72.74,4.31],[-72.758,4.267],[-72.795,4.281],[-72.801,4.25],[-72.835,4.264],[-72.84,4.243],[-72.862,4.27],[-72.862,4.238],[-72.884,4.244],[-72.875,4.202],[-72.908,4.197],[-72.926,4.154],[-72.983,4.161],[-73.011,4.19],[-73.018,4.16],[-73.025,4.18]]]}},{"type":"Feature","properties":{"name":"Restrepo"},"geometry":{"type":"Polygon","coordinates":[[[-73.602,4.462],[-73.632,4.397],[-73.6,4.343],[-73.629,4.276],[-73.606,4.247],[-73.621,4.215],[-73.605,4.221],[-73.589,4.193],[-73.399,4.131],[-73.26,4.13],[-73.141,4.145],[-73.111,4.165],[-73.149,4.189],[-73.34,4.149],[-73.425,4.156],[-73.522,4.274],[-73.545,4.267],[-73.566,4.295],[-73.573,4.42],[-73.602,4.462]]]}},{"type":"Feature","properties":{"name":"San Carlos De Guaroa"},"geometry":{"type":"Polygon","coordinates":[[[-73.458,3.855],[-73.423,3.843],[-73.389,3.866],[-73.353,3.706],[-73.251,3.708],[-73.198,3.691],[-73.16,3.708],[-73.178,3.721],[-73.161,3.732],[-73.178,3.735],[-73.177,3.758],[-73.196,3.762],[-73.194,3.791],[-73.135,3.821],[-73.109,3.893],[-73.095,3.886],[-73.099,3.905],[-73.079,3.915],[-73.187,3.937],[-73.241,3.97],[-73.29,3.949],[-73.416,3.984],[-73.458,3.855]]]}},{"type":"Feature","properties":{"name":"San Juan De Arama"},"geometry":{"type":"Polygon","coordinates":[[[-73.652,3.311],[-73.795,3.397],[-73.797,3.417],[-74.031,3.502],[-74.052,3.455],[-74.018,3.433],[-73.999,3.353],[-73.961,3.341],[-73.983,3.301],[-73.981,3.23],[-74.0,3.207],[-74.013,3.243],[-74.041,3.245],[-74.056,3.218],[-74.035,3.155],[-74.026,3.17],[-73.909,3.177],[-73.863,3.213],[-73.832,3.199],[-73.796,3.216],[-73.696,3.172],[-73.59,3.163],[-73.566,3.139],[-73.555,3.158],[-73.474,3.122],[-73.466,3.163],[-73.536,3.198],[-73.543,3.229],[-73.579,3.233],[-73.652,3.311]]]}},{"type":"Feature","properties":{"name":"San Juanito"},"geometry":{"type":"Polygon","coordinates":[[[-73.621,4.562],[-73.728,4.503],[-73.747,4.451],[-73.737,4.415],[-73.687,4.406],[-73.668,4.359],[-73.621,4.413],[-73.568,4.525],[-73.621,4.562]]]}},{"type":"Feature","properties":{"name":"San Martín"},"geometry":{"type":"Polygon","coordinates":[[[-73.568,3.761],[-73.75,3.811],[-73.727,3.763],[-73.76,3.766],[-73.788,3.724],[-73.747,3.619],[-73.7,3.641],[-73.68,3.594],[-73.595,3.506],[-73.574,3.45],[-73.53,3.413],[-73.468,3.409],[-73.423,3.346],[-73.377,3.478],[-73.346,3.498],[-73.278,3.468],[-73.253,3.425],[-73.232,3.426],[-73.206,3.361],[-73.122,3.343],[-73.089,3.281],[-73.066,3.288],[-73.048,3.26],[-72.997,3.264],[-72.983,3.239],[-72.975,3.257],[-72.928,3.251],[-72.887,3.272],[-72.803,3.258],[-72.774,3.28],[-72.744,3.26],[-72.724,3.282],[-72.702,3.278],[-72.696,3.303],[-72.678,3.282],[-72.669,3.305],[-72.655,3.297],[-72.646,3.322],[-72.605,3.327],[-72.593,3.348],[-72.577,3.321],[-72.527,3.317],[-72.531,3.337],[-72.503,3.331],[-72.498,3.353],[-72.456,3.359],[-72.426,3.418],[-72.411,3.414],[-72.407,3.44],[-72.38,3.453],[-72.388,3.495],[-72.346,3.514],[-72.368,3.563],[-72.325,3.577],[-72.335,3.602],[-72.305,3.609],[-72.313,3.631],[-72.29,3.637],[-72.309,3.65],[-72.303,3.694],[-72.286,3.686],[-72.28,3.703],[-72.296,3.71],[-72.283,3.749],[-72.297,3.758],[-72.35,3.73],[-72.374,3.737],[-72.414,3.694],[-72.494,3.733],[-72.58,3.722],[-72.607,3.749],[-72.643,3.749],[-72.736,3.72],[-72.828,3.662],[-72.972,3.656],[-72.995,3.637],[-73.027,3.653],[-73.032,3.681],[-73.084,3.691],[-73.108,3.757],[-73.17,3.73],[-73.16,3.708],[-73.181,3.694],[-73.21,3.691],[-73.251,3.708],[-73.517,3.725],[-73.568,3.761]]]}},{"type":"Feature","properties":{"name":"Ancuya"},"geometry":{"type":"Polygon","coordinates":[[[-77.504,1.317],[-77.533,1.314],[-77.567,1.225],[-77.54,1.184],[-77.501,1.219],[-77.504,1.317]]]}},{"type":"Feature","properties":{"name":"Arboleda"},"geometry":{"type":"Polygon","coordinates":[[[-77.082,1.487],[-77.15,1.526],[-77.16,1.46],[-77.184,1.448],[-77.11,1.443],[-77.082,1.487]]]}},{"type":"Feature","properties":{"name":"Belen"},"geometry":{"type":"Polygon","coordinates":[[[-76.999,1.608],[-77.033,1.608],[-77.073,1.636],[-77.064,1.601],[-77.044,1.599],[-77.079,1.594],[-77.079,1.567],[-77.063,1.554],[-77.012,1.572],[-76.999,1.608]]]}},{"type":"Feature","properties":{"name":"Buesaco"},"geometry":{"type":"Polygon","coordinates":[[[-77.11,1.443],[-77.235,1.452],[-77.253,1.43],[-77.219,1.365],[-77.25,1.289],[-77.235,1.259],[-77.199,1.255],[-77.143,1.206],[-77.122,1.214],[-77.089,1.183],[-76.979,1.225],[-76.979,1.287],[-76.94,1.273],[-76.933,1.285],[-76.973,1.32],[-77.001,1.3],[-77.035,1.376],[-77.11,1.443]]]}},{"type":"Feature","properties":{"name":"Colon"},"geometry":{"type":"Polygon","coordinates":[[[-77.033,1.608],[-76.985,1.657],[-77.051,1.672],[-77.103,1.636],[-77.079,1.594],[-77.053,1.586],[-77.044,1.599],[-77.064,1.601],[-77.073,1.636],[-77.033,1.608]]]}},{"type":"Feature","properties":{"name":"Consacá"},"geometry":{"type":"Polygon","coordinates":[[[-77.506,1.264],[-77.479,1.156],[-77.423,1.16],[-77.356,1.208],[-77.376,1.231],[-77.506,1.264]]]}},{"type":"Feature","properties":{"name":"Contadero"},"geometry":{"type":"Polygon","coordinates":[[[-77.47,0.948],[-77.533,0.944],[-77.576,0.956],[-77.538,0.896],[-77.47,0.948]]]}},{"type":"Feature","properties":{"name":"Córdoba"},"geometry":{"type":"Polygon","coordinates":[[[-77.541,0.892],[-77.559,0.874],[-77.549,0.825],[-77.498,0.829],[-77.475,0.792],[-77.445,0.796],[-77.371,0.752],[-77.363,0.718],[-77.333,0.699],[-77.265,0.696],[-77.187,0.631],[-77.182,0.68],[-77.232,0.733],[-77.284,0.757],[-77.298,0.799],[-77.326,0.794],[-77.405,0.849],[-77.487,0.843],[-77.541,0.892]]]}},{"type":"Feature","properties":{"name":"Cuaspud"},"geometry":{"type":"Polygon","coordinates":[[[-77.684,0.828],[-77.717,0.905],[-77.774,0.919],[-77.759,0.839],[-77.714,0.851],[-77.684,0.828]]]}},{"type":"Feature","properties":{"name":"Cumbal"},"geometry":{"type":"Polygon","coordinates":[[[-77.774,0.918],[-77.831,0.964],[-77.799,0.999],[-77.917,1.078],[-78.209,1.005],[-78.185,0.938],[-78.112,0.932],[-78.089,0.897],[-78.022,0.875],[-77.965,0.824],[-77.867,0.802],[-77.755,0.841],[-77.779,0.885],[-77.774,0.918]]]}},{"type":"Feature","properties":{"name":"Cumbitara"},"geometry":{"type":"Polygon","coordinates":[[[-77.609,1.872],[-77.66,1.906],[-77.687,1.889],[-77.673,1.866],[-77.705,1.86],[-77.712,1.815],[-77.66,1.811],[-77.637,1.778],[-77.66,1.701],[-77.612,1.669],[-77.585,1.58],[-77.506,1.611],[-77.475,1.602],[-77.48,1.664],[-77.518,1.68],[-77.509,1.704],[-77.53,1.741],[-77.586,1.752],[-77.592,1.789],[-77.619,1.806],[-77.609,1.872]]]}},{"type":"Feature","properties":{"name":"Chachagüí"},"geometry":{"type":"Polygon","coordinates":[[[-77.235,1.452],[-77.31,1.519],[-77.322,1.5],[-77.293,1.476],[-77.304,1.395],[-77.291,1.371],[-77.311,1.326],[-77.29,1.296],[-77.278,1.314],[-77.25,1.289],[-77.22,1.341],[-77.22,1.37],[-77.254,1.413],[-77.235,1.452]]]}},{"type":"Feature","properties":{"name":"El Peñol"},"geometry":{"type":"Polygon","coordinates":[[[-77.385,1.528],[-77.403,1.544],[-77.396,1.606],[-77.446,1.588],[-77.439,1.548],[-77.476,1.508],[-77.482,1.452],[-77.423,1.444],[-77.39,1.477],[-77.385,1.528]]]}},{"type":"Feature","properties":{"name":"El Rosario"},"geometry":{"type":"Polygon","coordinates":[[[-77.295,1.832],[-77.359,1.88],[-77.409,1.887],[-77.421,1.91],[-77.396,1.982],[-77.42,1.987],[-77.491,1.96],[-77.512,1.907],[-77.599,1.94],[-77.672,1.903],[-77.609,1.872],[-77.581,1.882],[-77.508,1.813],[-77.422,1.824],[-77.393,1.741],[-77.408,1.688],[-77.364,1.696],[-77.348,1.666],[-77.3,1.746],[-77.31,1.804],[-77.295,1.832]]]}},{"type":"Feature","properties":{"name":"El Tablón De Gómez"},"geometry":{"type":"Polygon","coordinates":[[[-76.929,1.5],[-76.994,1.518],[-77.069,1.436],[-77.105,1.436],[-77.035,1.376],[-77.001,1.3],[-76.973,1.32],[-76.933,1.285],[-76.904,1.321],[-76.932,1.386],[-76.918,1.43],[-76.929,1.5]]]}},{"type":"Feature","properties":{"name":"Funes"},"geometry":{"type":"Polygon","coordinates":[[[-77.481,0.928],[-77.434,0.885],[-77.227,0.885],[-77.211,0.788],[-77.159,0.744],[-77.139,0.822],[-77.15,0.842],[-77.246,0.926],[-77.282,0.928],[-77.318,0.961],[-77.34,0.949],[-77.372,1.026],[-77.41,1.028],[-77.448,1.055],[-77.477,1.02],[-77.461,0.966],[-77.481,0.928]]]}},{"type":"Feature","properties":{"name":"Guaitarilla"},"geometry":{"type":"Polygon","coordinates":[[[-77.568,1.208],[-77.591,1.134],[-77.57,1.093],[-77.53,1.117],[-77.478,1.117],[-77.477,1.18],[-77.501,1.219],[-77.54,1.184],[-77.568,1.208]]]}},{"type":"Feature","properties":{"name":"Gualmatán"},"geometry":{"type":"Polygon","coordinates":[[[-77.552,0.903],[-77.59,0.975],[-77.611,0.936],[-77.575,0.894],[-77.552,0.903]]]}},{"type":"Feature","properties":{"name":"Iles"},"geometry":{"type":"Polygon","coordinates":[[[-77.47,0.948],[-77.462,0.973],[-77.486,1.026],[-77.595,0.993],[-77.576,0.956],[-77.47,0.948]]]}},{"type":"Feature","properties":{"name":"Imues"},"geometry":{"type":"Polygon","coordinates":[[[-77.448,1.055],[-77.478,1.117],[-77.53,1.117],[-77.57,1.093],[-77.552,1.065],[-77.514,1.064],[-77.505,1.027],[-77.468,1.021],[-77.448,1.055]]]}},{"type":"Feature","properties":{"name":"La Cruz"},"geometry":{"type":"Polygon","coordinates":[[[-76.9,1.662],[-76.958,1.628],[-76.979,1.659],[-77.015,1.617],[-76.999,1.608],[-77.006,1.557],[-76.932,1.501],[-76.859,1.522],[-76.834,1.61],[-76.9,1.662]]]}},{"type":"Feature","properties":{"name":"La Llanada"},"geometry":{"type":"Polygon","coordinates":[[[-77.535,1.448],[-77.592,1.513],[-77.576,1.558],[-77.6,1.58],[-77.689,1.548],[-77.745,1.586],[-77.747,1.604],[-77.777,1.607],[-77.778,1.65],[-77.812,1.667],[-77.865,1.617],[-77.858,1.596],[-77.803,1.589],[-77.794,1.565],[-77.808,1.565],[-77.786,1.535],[-77.754,1.545],[-77.726,1.504],[-77.696,1.529],[-77.646,1.529],[-77.611,1.503],[-77.579,1.43],[-77.535,1.448]]]}},{"type":"Feature","properties":{"name":"La Unión"},"geometry":{"type":"Polygon","coordinates":[[[-77.144,1.678],[-77.237,1.658],[-77.213,1.655],[-77.215,1.632],[-77.178,1.611],[-77.148,1.53],[-77.117,1.59],[-77.091,1.549],[-77.063,1.554],[-77.103,1.636],[-77.066,1.672],[-77.138,1.655],[-77.144,1.678]]]}},{"type":"Feature","properties":{"name":"Linares"},"geometry":{"type":"Polygon","coordinates":[[[-77.504,1.317],[-77.48,1.366],[-77.489,1.465],[-77.474,1.505],[-77.545,1.445],[-77.572,1.387],[-77.538,1.305],[-77.504,1.317]]]}},{"type":"Feature","properties":{"name":"Los Andes"},"geometry":{"type":"Polygon","coordinates":[[[-77.712,1.815],[-77.737,1.869],[-77.776,1.865],[-77.827,1.824],[-77.825,1.806],[-77.891,1.792],[-77.883,1.763],[-77.923,1.699],[-77.952,1.71],[-77.96,1.686],[-77.88,1.614],[-77.852,1.622],[-77.826,1.666],[-77.778,1.65],[-77.777,1.607],[-77.747,1.604],[-77.745,1.586],[-77.689,1.548],[-77.6,1.58],[-77.576,1.558],[-77.592,1.513],[-77.531,1.447],[-77.439,1.548],[-77.446,1.588],[-77.502,1.611],[-77.571,1.576],[-77.589,1.584],[-77.612,1.669],[-77.66,1.701],[-77.637,1.778],[-77.66,1.811],[-77.712,1.815]]]}},{"type":"Feature","properties":{"name":"Nariño"},"geometry":{"type":"Polygon","coordinates":[[[-77.359,1.221],[-77.331,1.285],[-77.344,1.318],[-77.376,1.306],[-77.359,1.221]]]}},{"type":"Feature","properties":{"name":"Providencia"},"geometry":{"type":"Polygon","coordinates":[[[-77.579,1.171],[-77.588,1.263],[-77.609,1.307],[-77.622,1.219],[-77.579,1.171]]]}},{"type":"Feature","properties":{"name":"Puerres"},"geometry":{"type":"Polygon","coordinates":[[[-77.538,0.896],[-77.487,0.843],[-77.405,0.849],[-77.326,0.794],[-77.298,0.799],[-77.284,0.757],[-77.232,0.733],[-77.177,0.671],[-77.159,0.744],[-77.211,0.788],[-77.227,0.885],[-77.434,0.885],[-77.481,0.928],[-77.538,0.896]]]}},{"type":"Feature","properties":{"name":"Pupiales"},"geometry":{"type":"Polygon","coordinates":[[[-77.59,0.975],[-77.614,0.994],[-77.676,0.964],[-77.681,0.863],[-77.649,0.868],[-77.597,0.844],[-77.592,0.882],[-77.567,0.891],[-77.611,0.936],[-77.59,0.975]]]}},{"type":"Feature","properties":{"name":"Ricaurte"},"geometry":{"type":"Polygon","coordinates":[[[-77.917,1.078],[-77.951,1.103],[-77.941,1.12],[-77.978,1.201],[-77.892,1.256],[-77.915,1.311],[-77.881,1.329],[-77.843,1.38],[-77.853,1.396],[-77.826,1.414],[-77.838,1.461],[-77.86,1.457],[-77.874,1.489],[-77.9,1.406],[-78.009,1.426],[-78.036,1.404],[-78.048,1.311],[-78.021,1.267],[-78.029,1.251],[-78.067,1.251],[-78.097,1.236],[-78.107,1.206],[-78.291,1.138],[-78.282,1.111],[-78.251,1.099],[-78.282,1.056],[-78.213,1.005],[-77.917,1.078]]]}},{"type":"Feature","properties":{"name":"San Bernardo"},"geometry":{"type":"Polygon","coordinates":[[[-77.063,1.554],[-77.065,1.495],[-77.045,1.487],[-76.994,1.518],[-76.932,1.501],[-77.012,1.572],[-77.063,1.554]]]}},{"type":"Feature","properties":{"name":"San Lorenzo"},"geometry":{"type":"Polygon","coordinates":[[[-77.27,1.663],[-77.259,1.544],[-77.302,1.518],[-77.297,1.499],[-77.227,1.449],[-77.17,1.453],[-77.146,1.528],[-77.178,1.611],[-77.215,1.632],[-77.213,1.655],[-77.27,1.663]]]}},{"type":"Feature","properties":{"name":"San Pedro De Cartago"},"geometry":{"type":"Polygon","coordinates":[[[-77.082,1.487],[-77.058,1.553],[-77.091,1.549],[-77.117,1.59],[-77.148,1.53],[-77.082,1.487]]]}},{"type":"Feature","properties":{"name":"Santa Cruz (Guachavés)"},"geometry":{"type":"Polygon","coordinates":[[[-77.614,1.297],[-77.642,1.31],[-77.652,1.343],[-77.709,1.358],[-77.734,1.396],[-77.76,1.394],[-77.795,1.422],[-77.807,1.455],[-77.84,1.463],[-77.84,1.42],[-77.825,1.419],[-77.853,1.396],[-77.843,1.353],[-77.863,1.29],[-77.835,1.282],[-77.842,1.238],[-77.794,1.228],[-77.756,1.163],[-77.723,1.166],[-77.715,1.091],[-77.662,1.155],[-77.663,1.222],[-77.614,1.297]]]}},{"type":"Feature","properties":{"name":"Sapuyes"},"geometry":{"type":"Polygon","coordinates":[[[-77.595,0.993],[-77.581,1.055],[-77.643,1.037],[-77.722,1.098],[-77.73,1.074],[-77.764,1.066],[-77.764,1.04],[-77.705,0.985],[-77.675,1.018],[-77.595,0.993]]]}},{"type":"Feature","properties":{"name":"Taminango"},"geometry":{"type":"Polygon","coordinates":[[[-77.33,1.682],[-77.39,1.618],[-77.403,1.544],[-77.322,1.5],[-77.259,1.544],[-77.256,1.629],[-77.282,1.674],[-77.33,1.682]]]}},{"type":"Feature","properties":{"name":"Tangua"},"geometry":{"type":"Polygon","coordinates":[[[-77.379,1.192],[-77.365,1.136],[-77.403,1.108],[-77.428,1.055],[-77.41,1.028],[-77.372,1.026],[-77.356,0.968],[-77.332,0.948],[-77.296,0.99],[-77.285,1.052],[-77.317,1.087],[-77.303,1.116],[-77.316,1.145],[-77.333,1.145],[-77.362,1.202],[-77.379,1.192]]]}},{"type":"Feature","properties":{"name":"Tuquerres"},"geometry":{"type":"Polygon","coordinates":[[[-77.579,1.171],[-77.622,1.219],[-77.615,1.289],[-77.663,1.222],[-77.658,1.173],[-77.699,1.098],[-77.694,1.069],[-77.643,1.037],[-77.559,1.072],[-77.591,1.134],[-77.579,1.171]]]}},{"type":"Feature","properties":{"name":"Yacuanquer"},"geometry":{"type":"Polygon","coordinates":[[[-77.479,1.156],[-77.475,1.092],[-77.436,1.051],[-77.365,1.136],[-77.379,1.192],[-77.439,1.154],[-77.479,1.156]]]}},{"type":"Feature","properties":{"name":"Abrego"},"geometry":{"type":"Polygon","coordinates":[[[-73.349,7.829],[-73.23,7.826],[-73.187,7.773],[-73.153,7.81],[-73.115,7.775],[-73.071,7.787],[-73.039,7.902],[-73.044,7.932],[-73.068,7.94],[-73.086,8.019],[-73.019,8.051],[-73.001,8.113],[-73.014,8.155],[-72.956,8.192],[-72.991,8.285],[-73.058,8.283],[-73.048,8.23],[-73.082,8.196],[-73.126,8.227],[-73.195,8.209],[-73.202,8.184],[-73.24,8.169],[-73.274,8.191],[-73.293,8.176],[-73.28,8.133],[-73.326,8.101],[-73.276,7.946],[-73.303,7.907],[-73.348,7.899],[-73.349,7.829]]]}},{"type":"Feature","properties":{"name":"Arboledas"},"geometry":{"type":"Polygon","coordinates":[[[-72.696,7.634],[-72.695,7.686],[-72.732,7.708],[-72.724,7.747],[-72.744,7.717],[-72.841,7.71],[-72.871,7.67],[-72.903,7.693],[-72.982,7.631],[-72.978,7.529],[-72.887,7.465],[-72.836,7.537],[-72.844,7.587],[-72.822,7.626],[-72.791,7.639],[-72.761,7.615],[-72.696,7.634]]]}},{"type":"Feature","properties":{"name":"Cácota"},"geometry":{"type":"Polygon","coordinates":[[[-72.58,7.264],[-72.624,7.332],[-72.679,7.321],[-72.684,7.303],[-72.703,7.323],[-72.73,7.272],[-72.724,7.248],[-72.683,7.255],[-72.651,7.189],[-72.58,7.264]]]}},{"type":"Feature","properties":{"name":"Chinácota"},"geometry":{"type":"Polygon","coordinates":[[[-72.528,7.638],[-72.562,7.66],[-72.564,7.681],[-72.582,7.669],[-72.587,7.702],[-72.63,7.642],[-72.639,7.572],[-72.608,7.55],[-72.578,7.455],[-72.535,7.489],[-72.563,7.592],[-72.528,7.638]]]}},{"type":"Feature","properties":{"name":"Chitagà"},"geometry":{"type":"Polygon","coordinates":[[[-72.29,6.997],[-72.329,7.069],[-72.373,7.11],[-72.417,7.117],[-72.443,7.153],[-72.514,7.17],[-72.595,7.156],[-72.559,7.225],[-72.577,7.263],[-72.651,7.189],[-72.683,7.255],[-72.699,7.245],[-72.696,7.181],[-72.729,7.159],[-72.757,7.048],[-72.734,6.987],[-72.722,7.005],[-72.677,7.008],[-72.669,6.966],[-72.649,6.998],[-72.562,7.0],[-72.542,6.942],[-72.547,6.886],[-72.514,6.888],[-72.488,6.925],[-72.392,6.872],[-72.313,6.932],[-72.29,6.997]]]}},{"type":"Feature","properties":{"name":"Convención"},"geometry":{"type":"Polygon","coordinates":[[[-73.348,8.392],[-73.324,8.406],[-73.315,8.474],[-73.284,8.487],[-73.316,8.566],[-73.299,8.624],[-73.24,8.669],[-73.247,8.73],[-73.214,8.806],[-73.105,8.932],[-73.141,8.946],[-73.136,9.005],[-73.104,9.049],[-73.046,9.08],[-73.013,9.056],[-73.009,9.146],[-72.965,9.156],[-72.956,9.18],[-72.971,9.213],[-72.996,9.221],[-72.995,9.272],[-73.072,9.221],[-73.062,9.137],[-73.143,9.12],[-73.252,9.007],[-73.241,8.976],[-73.259,8.922],[-73.239,8.854],[-73.296,8.818],[-73.298,8.77],[-73.28,8.743],[-73.309,8.733],[-73.308,8.682],[-73.407,8.546],[-73.414,8.459],[-73.37,8.459],[-73.344,8.437],[-73.348,8.392]]]}},{"type":"Feature","properties":{"name":"Cucutilla"},"geometry":{"type":"Polygon","coordinates":[[[-72.896,7.467],[-72.9,7.433],[-72.856,7.363],[-72.835,7.358],[-72.807,7.411],[-72.739,7.465],[-72.69,7.472],[-72.743,7.624],[-72.767,7.615],[-72.798,7.64],[-72.822,7.626],[-72.844,7.587],[-72.836,7.537],[-72.896,7.467]]]}},{"type":"Feature","properties":{"name":"El Carmen"},"geometry":{"type":"Polygon","coordinates":[[[-73.493,8.422],[-73.475,8.423],[-73.469,8.402],[-73.411,8.43],[-73.407,8.546],[-73.308,8.682],[-73.309,8.733],[-73.28,8.743],[-73.3,8.807],[-73.239,8.854],[-73.259,8.922],[-73.24,9.027],[-73.143,9.12],[-73.062,9.137],[-73.072,9.221],[-73.026,9.239],[-73.006,9.29],[-73.05,9.258],[-73.071,9.264],[-73.088,9.226],[-73.13,9.228],[-73.177,9.177],[-73.214,9.183],[-73.251,9.158],[-73.369,9.173],[-73.381,9.153],[-73.412,9.154],[-73.429,9.102],[-73.412,9.053],[-73.439,8.989],[-73.426,8.9],[-73.448,8.862],[-73.414,8.769],[-73.463,8.745],[-73.472,8.707],[-73.505,8.688],[-73.552,8.607],[-73.547,8.564],[-73.515,8.529],[-73.578,8.496],[-73.548,8.471],[-73.479,8.471],[-73.473,8.448],[-73.493,8.422]]]}},{"type":"Feature","properties":{"name":"El Tarra"},"geometry":{"type":"Polygon","coordinates":[[[-73.016,8.545],[-72.992,8.578],[-72.959,8.588],[-72.937,8.575],[-72.906,8.603],[-72.917,8.71],[-72.96,8.763],[-72.944,8.789],[-72.966,8.809],[-72.948,8.839],[-72.97,8.883],[-73.003,8.888],[-73.064,8.864],[-73.055,8.765],[-73.093,8.757],[-73.098,8.718],[-73.149,8.675],[-73.168,8.617],[-73.157,8.562],[-73.09,8.5],[-73.053,8.506],[-73.057,8.537],[-73.016,8.545]]]}},{"type":"Feature","properties":{"name":"Herrán"},"geometry":{"type":"Polygon","coordinates":[[[-72.555,7.524],[-72.493,7.463],[-72.45,7.398],[-72.42,7.395],[-72.478,7.499],[-72.456,7.553],[-72.548,7.551],[-72.555,7.524]]]}},{"type":"Feature","properties":{"name":"La Esperanza"},"geometry":{"type":"Polygon","coordinates":[[[-73.559,7.728],[-73.632,7.741],[-73.6,7.726],[-73.597,7.701],[-73.559,7.691],[-73.506,7.596],[-73.409,7.565],[-73.386,7.582],[-73.343,7.554],[-73.288,7.63],[-73.27,7.696],[-73.178,7.738],[-73.152,7.807],[-73.187,7.773],[-73.23,7.826],[-73.34,7.834],[-73.408,7.719],[-73.488,7.675],[-73.559,7.728]]]}},{"type":"Feature","properties":{"name":"La Playa"},"geometry":{"type":"Polygon","coordinates":[[[-73.055,8.286],[-73.088,8.278],[-73.094,8.248],[-73.132,8.249],[-73.155,8.265],[-73.156,8.297],[-73.185,8.305],[-73.17,8.316],[-73.194,8.37],[-73.203,8.32],[-73.247,8.343],[-73.277,8.323],[-73.279,8.31],[-73.25,8.31],[-73.259,8.26],[-73.278,8.251],[-73.259,8.225],[-73.274,8.191],[-73.24,8.169],[-73.202,8.184],[-73.195,8.209],[-73.126,8.227],[-73.082,8.196],[-73.048,8.23],[-73.055,8.286]]]}},{"type":"Feature","properties":{"name":"Lourdes"},"geometry":{"type":"Polygon","coordinates":[[[-72.794,8.006],[-72.823,7.994],[-72.858,8.024],[-72.903,7.957],[-72.875,7.953],[-72.896,7.904],[-72.819,7.923],[-72.794,8.006]]]}},{"type":"Feature","properties":{"name":"Mutiscua"},"geometry":{"type":"Polygon","coordinates":[[[-72.703,7.323],[-72.713,7.368],[-72.743,7.38],[-72.78,7.358],[-72.82,7.371],[-72.843,7.315],[-72.786,7.249],[-72.726,7.256],[-72.703,7.323]]]}},{"type":"Feature","properties":{"name":"Pamplonita"},"geometry":{"type":"Polygon","coordinates":[[[-72.637,7.567],[-72.707,7.525],[-72.693,7.461],[-72.669,7.452],[-72.649,7.402],[-72.592,7.423],[-72.577,7.39],[-72.557,7.422],[-72.596,7.457],[-72.578,7.455],[-72.573,7.473],[-72.608,7.55],[-72.637,7.567]]]}},{"type":"Feature","properties":{"name":"Puerto Santander"},"geometry":{"type":"Polygon","coordinates":[[[-72.387,8.278],[-72.389,8.349],[-72.428,8.381],[-72.447,8.366],[-72.433,8.36],[-72.446,8.324],[-72.417,8.312],[-72.411,8.269],[-72.387,8.278]]]}},{"type":"Feature","properties":{"name":"Ragonvalia"},"geometry":{"type":"Polygon","coordinates":[[[-72.548,7.551],[-72.456,7.553],[-72.475,7.659],[-72.548,7.631],[-72.548,7.597],[-72.563,7.592],[-72.548,7.551]]]}},{"type":"Feature","properties":{"name":"Salazar"},"geometry":{"type":"Polygon","coordinates":[[[-72.744,7.717],[-72.71,7.801],[-72.757,7.803],[-72.75,7.847],[-72.832,7.827],[-72.836,7.855],[-72.904,7.902],[-72.939,7.879],[-72.932,7.848],[-72.997,7.774],[-73.0,7.722],[-72.953,7.667],[-72.903,7.693],[-72.871,7.67],[-72.841,7.71],[-72.744,7.717]]]}},{"type":"Feature","properties":{"name":"San Calixto"},"geometry":{"type":"Polygon","coordinates":[[[-73.158,8.573],[-73.222,8.527],[-73.217,8.495],[-73.252,8.47],[-73.248,8.45],[-73.269,8.459],[-73.275,8.387],[-73.302,8.355],[-73.292,8.326],[-73.247,8.343],[-73.203,8.32],[-73.2,8.366],[-73.174,8.385],[-73.183,8.413],[-73.161,8.435],[-73.097,8.423],[-73.05,8.493],[-72.985,8.433],[-72.964,8.436],[-73.016,8.545],[-73.057,8.537],[-73.053,8.506],[-73.09,8.5],[-73.158,8.573]]]}},{"type":"Feature","properties":{"name":"San Cayetano"},"geometry":{"type":"Polygon","coordinates":[[[-72.588,7.919],[-72.655,7.908],[-72.678,7.868],[-72.66,7.833],[-72.639,7.842],[-72.611,7.787],[-72.619,7.753],[-72.566,7.783],[-72.586,7.832],[-72.542,7.878],[-72.586,7.887],[-72.588,7.919]]]}},{"type":"Feature","properties":{"name":"Santiago"},"geometry":{"type":"Polygon","coordinates":[[[-72.71,7.801],[-72.658,7.842],[-72.678,7.868],[-72.658,7.916],[-72.713,7.94],[-72.69,7.956],[-72.686,7.979],[-72.76,7.969],[-72.775,7.943],[-72.75,7.847],[-72.757,7.803],[-72.71,7.801]]]}},{"type":"Feature","properties":{"name":"Silos"},"geometry":{"type":"Polygon","coordinates":[[[-72.75,7.059],[-72.729,7.159],[-72.696,7.181],[-72.699,7.245],[-72.794,7.25],[-72.834,7.304],[-72.876,7.267],[-72.856,7.217],[-72.832,7.207],[-72.859,7.155],[-72.82,7.073],[-72.787,7.049],[-72.75,7.059]]]}},{"type":"Feature","properties":{"name":"Teorama"},"geometry":{"type":"Polygon","coordinates":[[[-73.315,8.474],[-73.311,8.37],[-73.274,8.39],[-73.269,8.459],[-73.248,8.45],[-73.252,8.47],[-73.217,8.495],[-73.222,8.527],[-73.158,8.573],[-73.168,8.617],[-73.149,8.675],[-73.098,8.718],[-73.093,8.757],[-73.055,8.765],[-73.065,8.983],[-72.993,9.04],[-72.971,9.02],[-72.931,9.044],[-72.962,9.074],[-72.948,9.106],[-72.986,9.145],[-73.009,9.146],[-73.013,9.056],[-73.046,9.08],[-73.104,9.049],[-73.136,9.005],[-73.141,8.946],[-73.105,8.932],[-73.214,8.806],[-73.247,8.73],[-73.24,8.669],[-73.299,8.624],[-73.316,8.566],[-73.284,8.487],[-73.315,8.474]]]}},{"type":"Feature","properties":{"name":"Tibú"},"geometry":{"type":"Polygon","coordinates":[[[-73.016,8.545],[-72.969,8.465],[-72.944,8.477],[-72.944,8.511],[-72.897,8.522],[-72.88,8.502],[-72.891,8.436],[-72.864,8.439],[-72.838,8.416],[-72.696,8.438],[-72.658,8.412],[-72.619,8.455],[-72.595,8.401],[-72.608,8.377],[-72.72,8.328],[-72.708,8.31],[-72.74,8.297],[-72.749,8.27],[-72.727,8.251],[-72.67,8.303],[-72.652,8.296],[-72.588,8.329],[-72.586,8.372],[-72.534,8.31],[-72.523,8.399],[-72.473,8.43],[-72.617,8.595],[-72.655,8.614],[-72.766,9.106],[-72.796,9.103],[-72.822,9.142],[-72.823,9.122],[-72.881,9.132],[-72.887,9.104],[-72.933,9.083],[-72.952,9.093],[-72.961,9.069],[-72.931,9.044],[-72.949,9.024],[-72.993,9.04],[-73.065,8.983],[-73.06,8.867],[-72.97,8.883],[-72.948,8.839],[-72.966,8.809],[-72.944,8.789],[-72.96,8.763],[-72.917,8.71],[-72.926,8.685],[-72.911,8.667],[-72.912,8.589],[-72.992,8.578],[-73.016,8.545]]]}},{"type":"Feature","properties":{"name":"Villa Caro"},"geometry":{"type":"Polygon","coordinates":[[[-73.046,7.868],[-73.023,7.852],[-73.018,7.776],[-72.999,7.764],[-72.932,7.848],[-72.939,7.879],[-72.896,7.904],[-72.875,7.953],[-72.903,7.957],[-72.874,7.998],[-72.975,7.98],[-72.968,8.04],[-72.988,8.06],[-72.986,8.102],[-73.012,8.092],[-73.025,8.044],[-73.086,8.019],[-73.068,7.94],[-73.043,7.929],[-73.046,7.868]]]}},{"type":"Feature","properties":{"name":"Armenia"},"geometry":{"type":"Polygon","coordinates":[[[-75.673,4.552],[-75.765,4.538],[-75.797,4.479],[-75.743,4.489],[-75.771,4.472],[-75.777,4.45],[-75.758,4.448],[-75.783,4.409],[-75.775,4.395],[-75.632,4.572],[-75.642,4.588],[-75.673,4.552]]]}},{"type":"Feature","properties":{"name":"Buenavista"},"geometry":{"type":"Polygon","coordinates":[[[-75.728,4.405],[-75.757,4.395],[-75.784,4.347],[-75.719,4.343],[-75.728,4.405]]]}},{"type":"Feature","properties":{"name":"Calarca"},"geometry":{"type":"Polygon","coordinates":[[[-75.583,4.424],[-75.556,4.472],[-75.612,4.543],[-75.611,4.566],[-75.633,4.57],[-75.764,4.395],[-75.803,4.396],[-75.804,4.369],[-75.792,4.337],[-75.757,4.395],[-75.71,4.422],[-75.583,4.424]]]}},{"type":"Feature","properties":{"name":"Prado"},"geometry":{"type":"Polygon","coordinates":[[[-74.708,3.79],[-74.746,3.771],[-74.825,3.789],[-74.835,3.816],[-74.844,3.787],[-74.864,3.791],[-74.87,3.832],[-74.944,3.818],[-74.977,3.76],[-74.963,3.724],[-75.015,3.687],[-74.93,3.618],[-74.907,3.668],[-74.861,3.653],[-74.781,3.672],[-74.728,3.731],[-74.708,3.79]]]}},{"type":"Feature","properties":{"name":"Purificación"},"geometry":{"type":"Polygon","coordinates":[[[-74.708,3.79],[-74.769,3.906],[-74.797,3.872],[-74.872,3.915],[-74.866,4.009],[-74.925,3.974],[-74.913,3.924],[-74.951,3.895],[-75.0,3.891],[-74.995,3.857],[-75.033,3.82],[-74.975,3.745],[-74.944,3.818],[-74.873,3.832],[-74.857,3.817],[-74.864,3.791],[-74.844,3.787],[-74.835,3.816],[-74.825,3.789],[-74.766,3.774],[-74.708,3.79]]]}},{"type":"Feature","properties":{"name":"Rioblanco"},"geometry":{"type":"Polygon","coordinates":[[[-76.091,3.198],[-76.058,3.17],[-75.914,3.194],[-75.786,3.31],[-75.733,3.326],[-75.674,3.463],[-75.579,3.453],[-75.588,3.581],[-75.626,3.576],[-75.636,3.612],[-75.687,3.648],[-75.744,3.645],[-75.767,3.687],[-75.791,3.68],[-75.822,3.717],[-75.83,3.775],[-75.938,3.734],[-75.96,3.706],[-75.95,3.674],[-75.994,3.638],[-75.984,3.56],[-76.041,3.438],[-76.032,3.382],[-76.061,3.355],[-76.039,3.251],[-76.06,3.203],[-76.091,3.198]]]}},{"type":"Feature","properties":{"name":"Roncesvalles"},"geometry":{"type":"Polygon","coordinates":[[[-75.752,4.077],[-75.718,3.981],[-75.654,3.955],[-75.656,3.93],[-75.639,3.928],[-75.62,3.968],[-75.471,4.021],[-75.46,4.062],[-75.438,4.06],[-75.459,4.079],[-75.446,4.109],[-75.405,4.11],[-75.388,4.13],[-75.414,4.151],[-75.435,4.138],[-75.545,4.209],[-75.597,4.279],[-75.643,4.246],[-75.691,4.139],[-75.733,4.114],[-75.752,4.077]]]}},{"type":"Feature","properties":{"name":"Rovira"},"geometry":{"type":"Polygon","coordinates":[[[-75.391,4.139],[-75.409,4.054],[-75.38,4.039],[-75.284,4.118],[-75.244,4.107],[-75.23,4.19],[-75.148,4.321],[-75.226,4.293],[-75.25,4.347],[-75.321,4.346],[-75.354,4.308],[-75.499,4.282],[-75.514,4.258],[-75.57,4.239],[-75.435,4.138],[-75.414,4.151],[-75.391,4.139]]]}},{"type":"Feature","properties":{"name":"Saldaña"},"geometry":{"type":"Polygon","coordinates":[[[-74.92,3.956],[-74.974,3.944],[-75.009,3.996],[-75.039,4.0],[-75.062,3.986],[-75.033,3.93],[-75.076,3.937],[-75.103,3.887],[-75.063,3.869],[-75.08,3.848],[-75.027,3.819],[-74.995,3.857],[-75.0,3.891],[-74.951,3.895],[-74.913,3.924],[-74.92,3.956]]]}},{"type":"Feature","properties":{"name":"San Antonio"},"geometry":{"type":"Polygon","coordinates":[[[-75.632,3.933],[-75.608,3.926],[-75.566,3.858],[-75.479,3.846],[-75.459,3.828],[-75.427,3.945],[-75.441,3.985],[-75.413,4.024],[-75.428,4.047],[-75.398,4.068],[-75.389,4.12],[-75.446,4.109],[-75.459,4.079],[-75.438,4.06],[-75.46,4.062],[-75.471,4.021],[-75.62,3.968],[-75.632,3.933]]]}},{"type":"Feature","properties":{"name":"San Luis"},"geometry":{"type":"Polygon","coordinates":[[[-75.179,4.279],[-75.125,4.227],[-75.109,4.252],[-75.085,4.228],[-75.111,4.167],[-75.21,4.081],[-75.214,4.032],[-75.165,3.997],[-75.137,4.008],[-75.073,3.938],[-75.033,3.93],[-75.085,4.025],[-75.055,4.102],[-75.079,4.111],[-75.083,4.138],[-75.037,4.261],[-75.023,4.231],[-75.0,4.263],[-75.139,4.325],[-75.179,4.279]]]}},{"type":"Feature","properties":{"name":"Santa Isabel"},"geometry":{"type":"Polygon","coordinates":[[[-75.384,4.708],[-75.206,4.717],[-75.138,4.666],[-75.089,4.656],[-75.05,4.691],[-75.067,4.716],[-75.013,4.812],[-75.049,4.786],[-75.051,4.76],[-75.113,4.733],[-75.168,4.74],[-75.216,4.776],[-75.32,4.754],[-75.375,4.803],[-75.384,4.708]]]}},{"type":"Feature","properties":{"name":"Suaréz"},"geometry":{"type":"Polygon","coordinates":[[[-74.781,4.265],[-74.82,4.181],[-74.811,4.112],[-74.878,3.972],[-74.872,3.915],[-74.825,3.895],[-74.781,4.014],[-74.799,4.026],[-74.79,4.176],[-74.745,4.248],[-74.781,4.265]]]}},{"type":"Feature","properties":{"name":"Valle De San Juan"},"geometry":{"type":"Polygon","coordinates":[[[-75.244,4.107],[-75.177,4.104],[-75.137,4.14],[-75.085,4.228],[-75.101,4.23],[-75.097,4.248],[-75.125,4.227],[-75.182,4.277],[-75.23,4.19],[-75.244,4.107]]]}},{"type":"Feature","properties":{"name":"Venadillo"},"geometry":{"type":"Polygon","coordinates":[[[-74.786,4.653],[-74.83,4.73],[-74.865,4.712],[-74.888,4.724],[-74.865,4.745],[-74.87,4.775],[-74.956,4.783],[-75.013,4.812],[-75.067,4.716],[-75.017,4.689],[-74.972,4.703],[-74.925,4.64],[-74.827,4.609],[-74.786,4.653]]]}},{"type":"Feature","properties":{"name":"Villahermosa"},"geometry":{"type":"Polygon","coordinates":[[[-75.319,4.887],[-75.177,4.92],[-75.11,4.896],[-75.101,4.936],[-75.045,4.997],[-75.009,5.009],[-75.116,5.066],[-75.167,4.998],[-75.243,4.973],[-75.319,4.887]]]}},{"type":"Feature","properties":{"name":"Villarrica"},"geometry":{"type":"Polygon","coordinates":[[[-74.532,3.975],[-74.612,3.996],[-74.668,3.949],[-74.654,3.919],[-74.702,3.874],[-74.691,3.811],[-74.723,3.764],[-74.7,3.775],[-74.711,3.754],[-74.696,3.702],[-74.671,3.697],[-74.626,3.729],[-74.539,3.845],[-74.511,3.946],[-74.532,3.975]]]}},{"type":"Feature","properties":{"name":"Alcalá"},"geometry":{"type":"Polygon","coordinates":[[[-75.71,4.679],[-75.826,4.702],[-75.833,4.72],[-75.857,4.713],[-75.827,4.66],[-75.716,4.652],[-75.71,4.679]]]}},{"type":"Feature","properties":{"name":"Andalucía"},"geometry":{"type":"Polygon","coordinates":[[[-76.071,4.088],[-76.15,4.182],[-76.235,4.214],[-76.251,4.174],[-76.228,4.146],[-76.137,4.116],[-76.111,4.066],[-76.084,4.066],[-76.071,4.088]]]}},{"type":"Feature","properties":{"name":"Ansermanuevo"},"geometry":{"type":"Polygon","coordinates":[[[-75.914,4.874],[-75.968,4.86],[-76.018,4.888],[-76.014,4.856],[-76.12,4.829],[-76.138,4.844],[-76.128,4.817],[-76.145,4.776],[-76.117,4.741],[-76.016,4.693],[-75.968,4.766],[-75.972,4.784],[-75.954,4.782],[-75.961,4.806],[-75.944,4.796],[-75.911,4.817],[-75.901,4.852],[-75.914,4.874]]]}},{"type":"Feature","properties":{"name":"Argelia"},"geometry":{"type":"Polygon","coordinates":[[[-76.147,4.785],[-76.148,4.749],[-76.194,4.684],[-76.192,4.655],[-76.164,4.666],[-76.123,4.651],[-76.092,4.703],[-76.088,4.736],[-76.117,4.741],[-76.147,4.785]]]}},{"type":"Feature","properties":{"name":"Bolívar"},"geometry":{"type":"Polygon","coordinates":[[[-76.28,4.457],[-76.279,4.498],[-76.332,4.48],[-76.383,4.493],[-76.418,4.448],[-76.553,4.402],[-76.562,4.37],[-76.506,4.252],[-76.455,4.229],[-76.407,4.3],[-76.371,4.304],[-76.296,4.299],[-76.278,4.274],[-76.247,4.306],[-76.213,4.26],[-76.207,4.291],[-76.179,4.315],[-76.174,4.303],[-76.15,4.341],[-76.162,4.348],[-76.138,4.358],[-76.256,4.402],[-76.246,4.43],[-76.28,4.457]]]}},{"type":"Feature","properties":{"name":"Buga"},"geometry":{"type":"Polygon","coordinates":[[[-75.917,3.748],[-75.903,3.797],[-75.853,3.852],[-75.868,3.924],[-75.998,3.894],[-76.073,3.901],[-76.1,3.957],[-76.116,3.916],[-76.147,3.905],[-76.155,3.926],[-76.228,3.932],[-76.249,3.959],[-76.277,3.961],[-76.319,3.998],[-76.325,3.99],[-76.31,3.987],[-76.324,3.983],[-76.321,3.938],[-76.333,3.941],[-76.329,3.918],[-76.348,3.914],[-76.379,3.844],[-76.364,3.798],[-76.295,3.802],[-76.259,3.852],[-76.181,3.805],[-76.14,3.832],[-76.105,3.819],[-76.075,3.765],[-76.031,3.746],[-75.994,3.755],[-75.956,3.714],[-75.917,3.748]]]}},{"type":"Feature","properties":{"name":"Bugalagrande"},"geometry":{"type":"Polygon","coordinates":[[[-76.071,4.088],[-75.987,4.116],[-75.955,4.169],[-75.969,4.212],[-76.037,4.256],[-76.093,4.245],[-76.179,4.315],[-76.207,4.291],[-76.235,4.214],[-76.15,4.182],[-76.071,4.088]]]}},{"type":"Feature","properties":{"name":"Caicedonia"},"geometry":{"type":"Polygon","coordinates":[[[-75.799,4.264],[-75.803,4.396],[-75.857,4.415],[-75.867,4.411],[-75.855,4.363],[-75.894,4.294],[-75.856,4.239],[-75.852,4.201],[-75.799,4.264]]]}},{"type":"Feature","properties":{"name":"Calima"},"geometry":{"type":"Polygon","coordinates":[[[-76.407,4.049],[-76.524,4.067],[-76.537,4.016],[-76.591,3.97],[-76.589,3.994],[-76.625,4.015],[-76.682,3.965],[-76.815,4.007],[-76.841,4.037],[-76.888,3.993],[-76.815,3.875],[-76.714,3.842],[-76.685,3.864],[-76.644,3.844],[-76.608,3.864],[-76.561,3.848],[-76.509,3.877],[-76.46,3.865],[-76.447,3.918],[-76.397,3.976],[-76.419,3.989],[-76.407,4.049]]]}},{"type":"Feature","properties":{"name":"Cali"},"geometry":{"type":"Polygon","coordinates":[[[-76.46,3.329],[-76.46,3.428],[-76.491,3.506],[-76.545,3.496],[-76.601,3.546],[-76.646,3.47],[-76.706,3.442],[-76.688,3.396],[-76.696,3.311],[-76.663,3.315],[-76.647,3.297],[-76.582,3.309],[-76.559,3.281],[-76.499,3.273],[-76.46,3.329]]]}},{"type":"Feature","properties":{"name":"El Águila"},"geometry":{"type":"Polygon","coordinates":[[[-76.077,5.047],[-76.097,5.032],[-76.1,4.917],[-76.131,4.911],[-76.114,4.89],[-76.138,4.844],[-76.12,4.829],[-76.014,4.856],[-76.018,4.888],[-75.988,4.886],[-75.988,4.911],[-76.028,4.939],[-76.077,5.047]]]}},{"type":"Feature","properties":{"name":"El Cairo"},"geometry":{"type":"Polygon","coordinates":[[[-76.139,4.841],[-76.213,4.829],[-76.312,4.75],[-76.286,4.712],[-76.297,4.699],[-76.231,4.675],[-76.194,4.682],[-76.148,4.749],[-76.128,4.817],[-76.139,4.841]]]}},{"type":"Feature","properties":{"name":"El Cerrito"},"geometry":{"type":"Polygon","coordinates":[[[-75.956,3.714],[-75.994,3.755],[-76.031,3.746],[-76.082,3.77],[-76.115,3.695],[-76.183,3.694],[-76.201,3.662],[-76.231,3.688],[-76.314,3.701],[-76.398,3.762],[-76.425,3.679],[-76.341,3.611],[-76.171,3.609],[-76.077,3.629],[-76.007,3.716],[-75.956,3.714]]]}},{"type":"Feature","properties":{"name":"El Dovio"},"geometry":{"type":"Polygon","coordinates":[[[-76.279,4.498],[-76.224,4.47],[-76.206,4.516],[-76.166,4.513],[-76.187,4.547],[-76.217,4.526],[-76.225,4.564],[-76.247,4.56],[-76.223,4.606],[-76.244,4.614],[-76.272,4.583],[-76.301,4.654],[-76.342,4.564],[-76.381,4.56],[-76.404,4.535],[-76.34,4.483],[-76.279,4.498]]]}},{"type":"Feature","properties":{"name":"Florida"},"geometry":{"type":"Polygon","coordinates":[[[-76.068,3.211],[-76.038,3.301],[-76.088,3.388],[-76.147,3.386],[-76.192,3.355],[-76.234,3.374],[-76.266,3.353],[-76.3,3.366],[-76.318,3.303],[-76.341,3.313],[-76.348,3.291],[-76.229,3.277],[-76.191,3.227],[-76.156,3.236],[-76.068,3.211]]]}},{"type":"Feature","properties":{"name":"Ginebra"},"geometry":{"type":"Polygon","coordinates":[[[-76.14,3.832],[-76.221,3.768],[-76.302,3.76],[-76.321,3.707],[-76.231,3.688],[-76.201,3.662],[-76.183,3.694],[-76.124,3.688],[-76.082,3.796],[-76.14,3.832]]]}},{"type":"Feature","properties":{"name":"Guacarí"},"geometry":{"type":"Polygon","coordinates":[[[-76.372,3.812],[-76.385,3.777],[-76.401,3.785],[-76.398,3.762],[-76.321,3.707],[-76.302,3.76],[-76.221,3.768],[-76.178,3.805],[-76.259,3.852],[-76.295,3.802],[-76.364,3.798],[-76.372,3.812]]]}},{"type":"Feature","properties":{"name":"Jamundí"},"geometry":{"type":"Polygon","coordinates":[[[-76.558,3.102],[-76.514,3.12],[-76.533,3.135],[-76.501,3.144],[-76.487,3.174],[-76.498,3.202],[-76.465,3.228],[-76.476,3.257],[-76.461,3.266],[-76.479,3.29],[-76.499,3.273],[-76.559,3.281],[-76.582,3.309],[-76.647,3.297],[-76.663,3.315],[-76.696,3.311],[-76.711,3.353],[-76.783,3.247],[-76.739,3.186],[-76.744,3.135],[-76.665,3.099],[-76.63,3.128],[-76.61,3.091],[-76.572,3.129],[-76.558,3.102]]]}},{"type":"Feature","properties":{"name":"La Cumbre"},"geometry":{"type":"Polygon","coordinates":[[[-76.593,3.863],[-76.594,3.823],[-76.645,3.785],[-76.652,3.673],[-76.649,3.632],[-76.619,3.635],[-76.614,3.585],[-76.595,3.566],[-76.597,3.556],[-76.595,3.548],[-76.592,3.547],[-76.506,3.699],[-76.534,3.749],[-76.602,3.751],[-76.613,3.76],[-76.561,3.848],[-76.593,3.863]]]}},{"type":"Feature","properties":{"name":"La Unión"},"geometry":{"type":"Polygon","coordinates":[[[-76.185,4.545],[-76.156,4.478],[-76.099,4.507],[-76.066,4.493],[-76.032,4.574],[-76.065,4.596],[-76.137,4.557],[-76.151,4.575],[-76.185,4.545]]]}},{"type":"Feature","properties":{"name":"La Victoria"},"geometry":{"type":"Polygon","coordinates":[[[-75.869,4.455],[-75.88,4.532],[-75.937,4.528],[-75.943,4.544],[-75.964,4.531],[-76.031,4.569],[-76.04,4.529],[-76.088,4.473],[-76.07,4.456],[-76.041,4.467],[-76.0,4.436],[-75.997,4.407],[-75.963,4.42],[-75.952,4.401],[-75.904,4.413],[-75.869,4.455]]]}},{"type":"Feature","properties":{"name":"Obando"},"geometry":{"type":"Polygon","coordinates":[[[-75.88,4.532],[-75.861,4.601],[-75.886,4.637],[-75.972,4.668],[-76.017,4.666],[-76.032,4.639],[-76.037,4.62],[-76.011,4.604],[-76.039,4.578],[-75.964,4.531],[-75.943,4.544],[-75.937,4.528],[-75.88,4.532]]]}},{"type":"Feature","properties":{"name":"Palmira"},"geometry":{"type":"Polygon","coordinates":[[[-75.96,3.704],[-76.007,3.716],[-76.09,3.621],[-76.171,3.609],[-76.242,3.622],[-76.293,3.603],[-76.36,3.619],[-76.426,3.695],[-76.461,3.625],[-76.462,3.56],[-76.489,3.552],[-76.468,3.538],[-76.49,3.533],[-76.476,3.452],[-76.375,3.45],[-76.251,3.484],[-76.126,3.475],[-76.108,3.491],[-76.029,3.453],[-76.026,3.492],[-75.984,3.56],[-75.994,3.638],[-75.95,3.674],[-75.96,3.704]]]}},{"type":"Feature","properties":{"name":"Pradera"},"geometry":{"type":"Polygon","coordinates":[[[-76.037,3.453],[-76.108,3.491],[-76.126,3.475],[-76.288,3.477],[-76.318,3.389],[-76.333,3.386],[-76.27,3.352],[-76.234,3.374],[-76.192,3.355],[-76.147,3.386],[-76.103,3.39],[-76.061,3.355],[-76.029,3.389],[-76.043,3.398],[-76.037,3.453]]]}},{"type":"Feature","properties":{"name":"Restrepo"},"geometry":{"type":"Polygon","coordinates":[[[-76.561,3.848],[-76.613,3.76],[-76.544,3.743],[-76.496,3.765],[-76.468,3.831],[-76.49,3.855],[-76.478,3.865],[-76.509,3.877],[-76.561,3.848]]]}},{"type":"Feature","properties":{"name":"Riofrío"},"geometry":{"type":"Polygon","coordinates":[[[-76.249,4.184],[-76.289,4.204],[-76.326,4.195],[-76.35,4.159],[-76.448,4.162],[-76.499,4.064],[-76.447,4.045],[-76.409,4.055],[-76.416,4.01],[-76.378,4.015],[-76.356,4.053],[-76.296,4.073],[-76.314,4.095],[-76.249,4.136],[-76.249,4.184]]]}},{"type":"Feature","properties":{"name":"Roldanillo"},"geometry":{"type":"Polygon","coordinates":[[[-76.256,4.402],[-76.13,4.373],[-76.142,4.38],[-76.128,4.403],[-76.093,4.412],[-76.084,4.443],[-76.071,4.436],[-76.088,4.473],[-76.066,4.493],[-76.099,4.507],[-76.156,4.478],[-76.166,4.513],[-76.206,4.516],[-76.224,4.47],[-76.278,4.475],[-76.28,4.457],[-76.246,4.43],[-76.256,4.402]]]}},{"type":"Feature","properties":{"name":"San Pedro"},"geometry":{"type":"Polygon","coordinates":[[[-76.1,3.957],[-76.137,3.977],[-76.162,4.023],[-76.18,4.017],[-76.178,4.034],[-76.308,4.048],[-76.297,4.016],[-76.311,4.019],[-76.313,3.993],[-76.228,3.932],[-76.155,3.926],[-76.141,3.904],[-76.116,3.916],[-76.1,3.957]]]}},{"type":"Feature","properties":{"name":"Sevilla"},"geometry":{"type":"Polygon","coordinates":[[[-75.867,4.411],[-75.94,4.387],[-75.956,4.322],[-76.021,4.304],[-76.038,4.251],[-75.975,4.22],[-75.954,4.176],[-75.914,4.176],[-75.901,4.084],[-75.861,4.07],[-75.819,3.94],[-75.823,3.905],[-75.791,3.971],[-75.795,4.005],[-75.776,4.004],[-75.738,4.055],[-75.752,4.077],[-75.839,4.098],[-75.843,4.151],[-75.819,4.202],[-75.825,4.215],[-75.839,4.199],[-75.861,4.208],[-75.856,4.239],[-75.894,4.294],[-75.855,4.363],[-75.867,4.411]]]}},{"type":"Feature","properties":{"name":"Toro"},"geometry":{"type":"Polygon","coordinates":[[[-76.088,4.736],[-76.132,4.629],[-76.161,4.601],[-76.137,4.557],[-76.071,4.596],[-76.039,4.583],[-76.011,4.604],[-76.037,4.62],[-76.016,4.693],[-76.088,4.736]]]}},{"type":"Feature","properties":{"name":"Trujillo"},"geometry":{"type":"Polygon","coordinates":[[[-76.239,4.186],[-76.228,4.248],[-76.21,4.247],[-76.247,4.306],[-76.278,4.274],[-76.296,4.299],[-76.407,4.3],[-76.455,4.229],[-76.448,4.162],[-76.35,4.159],[-76.326,4.195],[-76.289,4.204],[-76.26,4.18],[-76.239,4.186]]]}},{"type":"Feature","properties":{"name":"Tuluá"},"geometry":{"type":"Polygon","coordinates":[[[-76.246,4.168],[-76.249,4.136],[-76.314,4.095],[-76.295,4.075],[-76.3,4.049],[-76.178,4.034],[-76.18,4.017],[-76.162,4.023],[-76.137,3.977],[-76.089,3.951],[-76.083,3.906],[-75.998,3.894],[-75.878,3.927],[-75.85,3.889],[-75.823,3.905],[-75.819,3.94],[-75.861,4.07],[-75.901,4.084],[-75.914,4.176],[-75.949,4.181],[-76.001,4.102],[-76.071,4.088],[-76.087,4.066],[-76.111,4.066],[-76.137,4.116],[-76.246,4.168]]]}},{"type":"Feature","properties":{"name":"Ulloa"},"geometry":{"type":"Polygon","coordinates":[[[-75.714,4.714],[-75.789,4.716],[-75.831,4.738],[-75.856,4.728],[-75.857,4.713],[-75.833,4.72],[-75.826,4.702],[-75.724,4.68],[-75.71,4.679],[-75.714,4.714]]]}},{"type":"Feature","properties":{"name":"Versalles"},"geometry":{"type":"Polygon","coordinates":[[[-76.194,4.682],[-76.231,4.675],[-76.297,4.699],[-76.303,4.666],[-76.272,4.583],[-76.244,4.614],[-76.223,4.606],[-76.247,4.56],[-76.225,4.564],[-76.217,4.526],[-76.153,4.564],[-76.161,4.601],[-76.123,4.651],[-76.164,4.666],[-76.192,4.655],[-76.194,4.682]]]}},{"type":"Feature","properties":{"name":"Vijes"},"geometry":{"type":"Polygon","coordinates":[[[-76.401,3.74],[-76.421,3.729],[-76.445,3.746],[-76.456,3.788],[-76.434,3.824],[-76.468,3.831],[-76.496,3.765],[-76.537,3.749],[-76.502,3.696],[-76.434,3.681],[-76.401,3.74]]]}},{"type":"Feature","properties":{"name":"Yotoco"},"geometry":{"type":"Polygon","coordinates":[[[-76.321,3.938],[-76.311,4.019],[-76.297,4.016],[-76.303,4.067],[-76.356,4.053],[-76.378,4.015],[-76.416,4.01],[-76.419,3.989],[-76.397,3.976],[-76.447,3.918],[-76.46,3.865],[-76.49,3.855],[-76.482,3.836],[-76.434,3.824],[-76.455,3.77],[-76.421,3.729],[-76.401,3.74],[-76.401,3.785],[-76.385,3.777],[-76.374,3.803],[-76.379,3.844],[-76.348,3.914],[-76.329,3.918],[-76.34,3.93],[-76.321,3.938]]]}},{"type":"Feature","properties":{"name":"Yumbo"},"geometry":{"type":"Polygon","coordinates":[[[-76.491,3.506],[-76.49,3.533],[-76.468,3.538],[-76.486,3.561],[-76.462,3.56],[-76.461,3.625],[-76.426,3.681],[-76.506,3.699],[-76.593,3.548],[-76.545,3.496],[-76.491,3.506]]]}},{"type":"Feature","properties":{"name":"Zarzal"},"geometry":{"type":"Polygon","coordinates":[[[-75.896,4.426],[-75.927,4.402],[-75.958,4.402],[-75.963,4.42],[-75.997,4.407],[-76.0,4.436],[-76.054,4.464],[-76.104,4.4],[-76.128,4.403],[-76.142,4.38],[-76.13,4.373],[-76.152,4.359],[-76.138,4.353],[-76.162,4.348],[-76.15,4.341],[-76.171,4.317],[-76.093,4.245],[-76.039,4.254],[-76.021,4.304],[-75.956,4.322],[-75.94,4.387],[-75.878,4.41],[-75.896,4.426]]]}},{"type":"Feature","properties":{"name":"Cravo Norte"},"geometry":{"type":"Polygon","coordinates":[[[-69.762,6.53],[-69.803,6.53],[-69.837,6.496],[-69.88,6.507],[-69.915,6.554],[-70.132,6.58],[-70.185,6.608],[-70.253,6.596],[-70.281,6.632],[-70.41,6.647],[-70.655,6.485],[-70.72,6.221],[-70.58,6.25],[-70.531,6.23],[-70.381,6.302],[-70.271,6.274],[-70.198,6.296],[-70.175,6.279],[-70.155,6.297],[-70.115,6.233],[-70.04,6.185],[-70.062,6.162],[-70.003,6.149],[-69.99,6.166],[-69.985,6.137],[-69.944,6.139],[-69.868,6.042],[-69.784,6.059],[-69.614,6.036],[-69.536,6.045],[-69.452,6.083],[-69.428,6.107],[-69.762,6.53]]]}},{"type":"Feature","properties":{"name":"Fortul"},"geometry":{"type":"Polygon","coordinates":[[[-72.129,6.525],[-72.067,6.518],[-71.979,6.551],[-71.887,6.684],[-71.733,6.704],[-71.672,6.649],[-71.598,6.653],[-71.586,6.636],[-71.579,6.654],[-71.525,6.653],[-71.512,6.685],[-71.453,6.675],[-71.67,6.875],[-71.759,6.811],[-72.1,6.746],[-72.091,6.646],[-72.129,6.525]]]}},{"type":"Feature","properties":{"name":"Tame"},"geometry":{"type":"Polygon","coordinates":[[[-72.339,6.346],[-72.367,6.307],[-72.344,6.226],[-72.287,6.2],[-72.273,6.131],[-72.14,6.067],[-71.952,6.169],[-71.879,6.159],[-71.824,6.187],[-71.67,6.191],[-71.638,6.229],[-71.575,6.191],[-71.574,6.21],[-71.553,6.197],[-71.535,6.226],[-71.51,6.198],[-71.497,6.217],[-71.488,6.201],[-71.456,6.223],[-71.441,6.214],[-71.448,6.246],[-71.421,6.225],[-71.414,6.243],[-71.349,6.229],[-71.298,6.272],[-71.272,6.261],[-71.268,6.285],[-71.234,6.264],[-71.217,6.287],[-71.277,6.3],[-71.268,6.506],[-71.453,6.675],[-71.512,6.685],[-71.525,6.653],[-71.579,6.654],[-71.586,6.636],[-71.598,6.653],[-71.672,6.649],[-71.733,6.704],[-71.89,6.682],[-71.979,6.551],[-72.067,6.518],[-72.104,6.531],[-72.162,6.51],[-72.178,6.497],[-72.175,6.463],[-72.214,6.465],[-72.235,6.422],[-72.268,6.442],[-72.283,6.379],[-72.322,6.332],[-72.339,6.346]]]}},{"type":"Feature","properties":{"name":"Chameza"},"geometry":{"type":"Polygon","coordinates":[[[-72.909,5.103],[-72.902,5.151],[-72.839,5.151],[-72.805,5.125],[-72.762,5.167],[-72.84,5.203],[-72.788,5.332],[-72.812,5.378],[-72.86,5.34],[-72.883,5.363],[-72.895,5.264],[-72.974,5.15],[-72.929,5.1],[-72.909,5.103]]]}},{"type":"Feature","properties":{"name":"La Salina"},"geometry":{"type":"Polygon","coordinates":[[[-72.321,6.088],[-72.273,6.131],[-72.287,6.2],[-72.339,6.221],[-72.362,6.262],[-72.367,6.307],[-72.339,6.346],[-72.352,6.345],[-72.397,6.272],[-72.419,6.185],[-72.393,6.188],[-72.366,6.076],[-72.321,6.088]]]}},{"type":"Feature","properties":{"name":"Maní"},"geometry":{"type":"Polygon","coordinates":[[[-72.071,4.408],[-72.059,4.374],[-71.988,4.384],[-71.807,4.584],[-71.735,4.575],[-71.67,4.61],[-71.762,4.597],[-71.833,4.619],[-71.897,4.682],[-71.919,4.735],[-71.993,4.784],[-72.026,4.845],[-72.05,4.835],[-72.084,4.885],[-72.146,4.884],[-72.238,4.974],[-72.28,4.964],[-72.283,5.011],[-72.334,5.068],[-72.354,5.072],[-72.339,5.002],[-72.397,4.998],[-72.417,4.968],[-72.474,5.017],[-72.485,4.989],[-72.443,4.909],[-72.377,4.85],[-72.4,4.838],[-72.421,4.864],[-72.435,4.851],[-72.489,4.862],[-72.563,4.832],[-72.615,4.835],[-72.578,4.816],[-72.584,4.793],[-72.546,4.736],[-72.541,4.641],[-72.508,4.558],[-72.453,4.489],[-72.348,4.446],[-72.358,4.415],[-72.323,4.409],[-72.269,4.438],[-72.258,4.418],[-72.243,4.435],[-72.143,4.44],[-72.071,4.408]]]}},{"type":"Feature","properties":{"name":"Nunchia"},"geometry":{"type":"Polygon","coordinates":[[[-72.301,5.506],[-72.261,5.546],[-72.223,5.537],[-72.201,5.431],[-72.173,5.419],[-72.169,5.388],[-72.155,5.407],[-72.14,5.413],[-72.157,5.397],[-72.128,5.394],[-72.141,5.375],[-72.103,5.36],[-72.114,5.335],[-72.092,5.375],[-72.041,5.392],[-71.929,5.378],[-71.89,5.406],[-71.834,5.411],[-71.867,5.47],[-71.948,5.504],[-71.952,5.547],[-72.02,5.628],[-72.101,5.665],[-72.114,5.721],[-72.148,5.707],[-72.202,5.729],[-72.248,5.696],[-72.222,5.673],[-72.272,5.662],[-72.263,5.634],[-72.287,5.606],[-72.301,5.506]]]}},{"type":"Feature","properties":{"name":"Orocué"},"geometry":{"type":"Polygon","coordinates":[[[-71.67,4.61],[-71.598,4.645],[-71.577,4.675],[-71.429,4.723],[-71.39,4.757],[-71.323,4.767],[-71.288,4.803],[-71.212,4.817],[-71.057,4.906],[-71.002,4.981],[-70.968,5.058],[-70.975,5.08],[-71.038,5.006],[-71.147,5.032],[-71.212,5.006],[-71.249,5.063],[-71.308,5.081],[-71.314,5.149],[-71.347,5.139],[-71.379,5.172],[-71.427,5.18],[-71.453,5.22],[-71.502,5.211],[-71.517,5.225],[-71.55,5.187],[-71.599,5.179],[-71.651,5.212],[-71.655,5.157],[-71.627,5.102],[-71.708,5.116],[-71.693,5.091],[-71.705,5.059],[-71.705,5.083],[-71.733,5.095],[-71.785,5.085],[-71.825,5.111],[-71.837,5.093],[-71.848,5.115],[-71.956,5.129],[-71.961,5.075],[-71.982,5.063],[-71.939,5.028],[-71.991,5.016],[-72.14,4.929],[-72.147,4.885],[-72.084,4.885],[-72.05,4.835],[-72.038,4.847],[-72.009,4.831],[-71.993,4.784],[-71.919,4.735],[-71.897,4.682],[-71.822,4.612],[-71.762,4.597],[-71.67,4.61]]]}},{"type":"Feature","properties":{"name":"Paz De Ariporo"},"geometry":{"type":"Polygon","coordinates":[[[-69.836,6.041],[-69.976,6.074],[-70.016,6.056],[-70.107,6.114],[-70.152,6.099],[-70.161,6.123],[-70.294,6.103],[-70.329,6.126],[-70.337,6.102],[-70.39,6.087],[-70.41,6.06],[-70.447,6.077],[-70.537,6.064],[-70.589,6.108],[-70.684,6.088],[-70.71,6.12],[-70.741,6.121],[-70.806,6.084],[-70.818,6.053],[-70.877,6.055],[-70.899,6.033],[-71.133,6.06],[-71.286,6.034],[-71.318,5.977],[-71.353,5.954],[-71.361,5.967],[-71.39,5.925],[-71.436,5.92],[-71.462,5.893],[-71.51,5.898],[-71.513,5.874],[-71.565,5.853],[-71.604,5.864],[-71.606,5.85],[-71.666,5.846],[-71.691,5.812],[-71.795,5.873],[-71.785,5.887],[-71.803,5.899],[-71.92,5.927],[-71.96,6.01],[-72.026,6.049],[-72.009,5.938],[-72.049,5.838],[-72.021,5.808],[-71.972,5.802],[-71.961,5.769],[-71.888,5.71],[-71.836,5.708],[-71.809,5.669],[-71.777,5.672],[-71.77,5.646],[-71.728,5.635],[-71.699,5.573],[-71.658,5.555],[-71.634,5.571],[-71.599,5.539],[-71.537,5.534],[-71.477,5.495],[-71.397,5.504],[-71.377,5.485],[-71.364,5.499],[-71.321,5.458],[-71.274,5.467],[-71.19,5.437],[-71.096,5.468],[-71.015,5.416],[-70.964,5.445],[-70.926,5.429],[-70.92,5.454],[-70.797,5.42],[-70.768,5.445],[-70.69,5.442],[-70.649,5.462],[-70.627,5.455],[-70.629,5.422],[-70.622,5.439],[-70.604,5.422],[-70.36,5.587],[-70.264,5.564],[-70.195,5.603],[-70.153,5.601],[-70.114,5.632],[-70.044,5.746],[-69.979,5.807],[-69.968,5.859],[-69.933,5.876],[-69.883,5.97],[-69.854,5.984],[-69.836,6.041]]]}},{"type":"Feature","properties":{"name":"Recetor"},"geometry":{"type":"Polygon","coordinates":[[[-72.812,5.378],[-72.788,5.332],[-72.84,5.203],[-72.785,5.172],[-72.698,5.261],[-72.726,5.318],[-72.812,5.378]]]}},{"type":"Feature","properties":{"name":"Sabanalarga"},"geometry":{"type":"Polygon","coordinates":[[[-73.017,5.003],[-73.049,4.922],[-73.041,4.878],[-73.078,4.811],[-73.046,4.758],[-73.046,4.685],[-72.984,4.661],[-72.857,4.719],[-72.943,4.759],[-72.967,4.83],[-72.99,4.844],[-72.943,4.963],[-73.017,5.003]]]}},{"type":"Feature","properties":{"name":"Sacama"},"geometry":{"type":"Polygon","coordinates":[[[-72.343,6.001],[-72.275,6.011],[-72.252,6.032],[-72.193,5.976],[-72.157,5.968],[-72.133,5.986],[-72.129,6.026],[-72.093,6.005],[-72.089,6.061],[-72.026,6.049],[-72.063,6.071],[-72.061,6.117],[-72.14,6.067],[-72.273,6.131],[-72.362,6.044],[-72.343,6.001]]]}},{"type":"Feature","properties":{"name":"San Luis De Palenque"},"geometry":{"type":"Polygon","coordinates":[[[-72.092,5.375],[-72.12,5.326],[-72.082,5.301],[-72.099,5.295],[-72.082,5.277],[-72.096,5.26],[-72.035,5.217],[-72.055,5.187],[-72.024,5.167],[-72.008,5.106],[-71.974,5.067],[-71.956,5.129],[-71.917,5.131],[-71.848,5.115],[-71.837,5.093],[-71.825,5.111],[-71.785,5.085],[-71.733,5.095],[-71.705,5.083],[-71.705,5.059],[-71.693,5.091],[-71.708,5.116],[-71.627,5.102],[-71.655,5.157],[-71.651,5.212],[-71.599,5.179],[-71.55,5.187],[-71.517,5.225],[-71.502,5.211],[-71.453,5.22],[-71.427,5.18],[-71.379,5.172],[-71.347,5.139],[-71.314,5.149],[-71.308,5.081],[-71.249,5.063],[-71.212,5.006],[-71.147,5.032],[-71.038,5.006],[-70.913,5.141],[-70.931,5.184],[-70.969,5.201],[-70.979,5.188],[-71.035,5.204],[-71.101,5.196],[-71.19,5.234],[-71.2,5.225],[-71.228,5.265],[-71.34,5.247],[-71.454,5.315],[-71.545,5.326],[-71.563,5.365],[-71.666,5.398],[-71.674,5.419],[-71.772,5.436],[-71.762,5.451],[-71.791,5.462],[-71.817,5.444],[-71.804,5.467],[-71.829,5.471],[-71.822,5.487],[-71.842,5.481],[-71.858,5.516],[-71.886,5.515],[-71.918,5.549],[-71.961,5.548],[-71.948,5.504],[-71.867,5.47],[-71.834,5.409],[-71.89,5.406],[-71.929,5.378],[-72.041,5.392],[-72.092,5.375]]]}},{"type":"Feature","properties":{"name":"Tamara"},"geometry":{"type":"Polygon","coordinates":[[[-72.416,5.904],[-72.462,5.847],[-72.309,5.794],[-72.248,5.696],[-72.202,5.729],[-72.148,5.707],[-72.105,5.714],[-72.102,5.784],[-72.03,5.857],[-72.033,5.895],[-72.012,5.918],[-72.026,6.049],[-72.089,6.061],[-72.093,6.005],[-72.129,6.026],[-72.133,5.986],[-72.157,5.968],[-72.193,5.976],[-72.252,6.032],[-72.275,6.011],[-72.343,6.001],[-72.333,5.892],[-72.416,5.904]]]}},{"type":"Feature","properties":{"name":"Tauramena"},"geometry":{"type":"Polygon","coordinates":[[[-72.916,5.125],[-72.889,5.012],[-72.833,5.001],[-72.822,4.945],[-72.755,4.898],[-72.691,4.738],[-72.711,4.695],[-72.758,4.668],[-72.766,4.616],[-72.74,4.539],[-72.745,4.481],[-72.659,4.414],[-72.674,4.345],[-72.655,4.321],[-72.633,4.333],[-72.617,4.31],[-72.573,4.302],[-72.548,4.355],[-72.467,4.317],[-72.428,4.354],[-72.405,4.318],[-72.356,4.342],[-72.342,4.372],[-72.321,4.371],[-72.303,4.409],[-72.258,4.418],[-72.269,4.438],[-72.323,4.409],[-72.358,4.415],[-72.348,4.446],[-72.453,4.489],[-72.508,4.558],[-72.541,4.641],[-72.546,4.736],[-72.584,4.793],[-72.578,4.816],[-72.615,4.835],[-72.447,4.855],[-72.473,4.867],[-72.476,4.9],[-72.506,4.898],[-72.551,4.974],[-72.676,5.003],[-72.716,5.042],[-72.741,5.105],[-72.731,5.154],[-72.756,5.185],[-72.805,5.125],[-72.839,5.151],[-72.902,5.151],[-72.916,5.125]]]}},{"type":"Feature","properties":{"name":"Málaga"},"geometry":{"type":"Polygon","coordinates":[[[-72.753,6.784],[-72.775,6.724],[-72.77,6.683],[-72.734,6.692],[-72.708,6.674],[-72.705,6.738],[-72.753,6.784]]]}},{"type":"Feature","properties":{"name":"Matanza"},"geometry":{"type":"Polygon","coordinates":[[[-72.978,7.315],[-73.019,7.36],[-72.999,7.417],[-73.033,7.454],[-73.09,7.457],[-73.082,7.436],[-73.11,7.383],[-73.096,7.367],[-73.121,7.326],[-73.113,7.292],[-73.08,7.272],[-73.09,7.216],[-73.067,7.201],[-73.052,7.277],[-72.978,7.315]]]}},{"type":"Feature","properties":{"name":"Mogotes"},"geometry":{"type":"Polygon","coordinates":[[[-73.001,6.359],[-72.912,6.379],[-72.91,6.415],[-72.876,6.454],[-72.893,6.504],[-72.834,6.568],[-72.873,6.631],[-72.911,6.649],[-72.924,6.611],[-72.983,6.6],[-72.992,6.539],[-73.029,6.541],[-73.075,6.482],[-73.066,6.441],[-73.083,6.401],[-73.07,6.383],[-73.018,6.395],[-73.001,6.359]]]}},{"type":"Feature","properties":{"name":"Molagavita"},"geometry":{"type":"Polygon","coordinates":[[[-72.77,6.58],[-72.775,6.724],[-72.83,6.71],[-72.838,6.685],[-72.886,6.696],[-72.909,6.683],[-72.826,6.547],[-72.807,6.544],[-72.809,6.56],[-72.77,6.58]]]}},{"type":"Feature","properties":{"name":"Ocamonte"},"geometry":{"type":"Polygon","coordinates":[[[-73.07,6.383],[-73.162,6.403],[-73.141,6.29],[-73.119,6.289],[-73.118,6.32],[-73.102,6.316],[-73.07,6.383]]]}},{"type":"Feature","properties":{"name":"Oiba"},"geometry":{"type":"Polygon","coordinates":[[[-73.2,6.267],[-73.278,6.335],[-73.293,6.303],[-73.326,6.298],[-73.327,6.278],[-73.359,6.276],[-73.366,6.25],[-73.345,6.235],[-73.371,6.147],[-73.328,6.172],[-73.317,6.141],[-73.232,6.127],[-73.238,6.159],[-73.209,6.199],[-73.2,6.267]]]}},{"type":"Feature","properties":{"name":"Onzaga"},"geometry":{"type":"Polygon","coordinates":[[[-72.811,6.542],[-72.818,6.401],[-72.882,6.387],[-72.922,6.354],[-72.875,6.272],[-72.893,6.245],[-72.869,6.233],[-72.879,6.193],[-72.859,6.143],[-72.832,6.149],[-72.804,6.216],[-72.745,6.229],[-72.758,6.317],[-72.726,6.372],[-72.736,6.491],[-72.811,6.542]]]}},{"type":"Feature","properties":{"name":"Palmar"},"geometry":{"type":"Polygon","coordinates":[[[-73.283,6.565],[-73.304,6.566],[-73.288,6.512],[-73.308,6.503],[-73.313,6.518],[-73.306,6.491],[-73.298,6.485],[-73.272,6.511],[-73.283,6.565]]]}},{"type":"Feature","properties":{"name":"Palmas Del Socorro"},"geometry":{"type":"Polygon","coordinates":[[[-73.331,6.371],[-73.305,6.348],[-73.297,6.37],[-73.241,6.373],[-73.226,6.409],[-73.316,6.417],[-73.331,6.371]]]}},{"type":"Feature","properties":{"name":"Páramo"},"geometry":{"type":"Polygon","coordinates":[[[-73.16,6.356],[-73.154,6.444],[-73.118,6.477],[-73.124,6.499],[-73.19,6.452],[-73.21,6.407],[-73.195,6.376],[-73.205,6.33],[-73.16,6.356]]]}},{"type":"Feature","properties":{"name":"Piedecuesta"},"geometry":{"type":"Polygon","coordinates":[[[-72.982,6.792],[-72.938,6.807],[-72.915,6.852],[-72.918,6.879],[-72.959,6.885],[-72.952,6.905],[-72.992,6.935],[-72.945,6.953],[-72.908,7.068],[-72.941,7.098],[-72.958,7.072],[-72.954,7.102],[-72.977,7.111],[-73.023,7.098],[-73.036,7.053],[-73.079,7.024],[-73.12,7.018],[-73.122,6.992],[-73.09,6.94],[-73.102,6.906],[-73.017,6.844],[-72.982,6.792]]]}},{"type":"Feature","properties":{"name":"Pinchote"},"geometry":{"type":"Polygon","coordinates":[[[-73.226,6.526],[-73.176,6.465],[-73.158,6.469],[-73.139,6.525],[-73.154,6.56],[-73.226,6.526]]]}},{"type":"Feature","properties":{"name":"Puente Nacional"},"geometry":{"type":"Polygon","coordinates":[[[-73.6,5.869],[-73.663,5.927],[-73.751,5.893],[-73.737,5.844],[-73.763,5.773],[-73.714,5.782],[-73.652,5.712],[-73.6,5.869]]]}},{"type":"Feature","properties":{"name":"Puerto Parra"},"geometry":{"type":"Polygon","coordinates":[[[-74.094,6.804],[-74.115,6.747],[-74.09,6.737],[-74.112,6.726],[-74.088,6.692],[-74.105,6.655],[-74.069,6.657],[-74.065,6.62],[-74.079,6.618],[-74.062,6.599],[-73.98,6.587],[-73.935,6.544],[-73.874,6.549],[-73.871,6.513],[-73.845,6.512],[-73.808,6.561],[-73.761,6.553],[-73.753,6.566],[-73.802,6.596],[-73.783,6.626],[-73.835,6.636],[-73.865,6.722],[-73.95,6.783],[-73.959,6.805],[-73.939,6.827],[-73.938,6.881],[-74.043,6.84],[-74.047,6.823],[-74.032,6.82],[-74.059,6.796],[-74.064,6.811],[-74.094,6.804]]]}},{"type":"Feature","properties":{"name":"Puerto Wilches"},"geometry":{"type":"Polygon","coordinates":[[[-73.895,7.43],[-73.923,7.213],[-73.905,7.192],[-73.818,7.235],[-73.815,7.212],[-73.79,7.243],[-73.747,7.231],[-73.696,7.257],[-73.611,7.189],[-73.568,7.184],[-73.582,7.282],[-73.647,7.308],[-73.647,7.342],[-73.673,7.366],[-73.694,7.361],[-73.704,7.386],[-73.776,7.423],[-73.775,7.529],[-73.725,7.587],[-73.765,7.638],[-73.763,7.767],[-73.737,7.785],[-73.744,7.831],[-73.671,7.893],[-73.674,7.942],[-73.724,7.968],[-73.734,8.035],[-73.791,8.103],[-73.77,8.117],[-73.775,8.145],[-73.868,8.064],[-73.867,7.982],[-73.832,7.936],[-73.822,7.823],[-73.798,7.775],[-73.832,7.732],[-73.798,7.651],[-73.818,7.643],[-73.81,7.617],[-73.848,7.536],[-73.913,7.494],[-73.895,7.43]]]}},{"type":"Feature","properties":{"name":"Rionegro"},"geometry":{"type":"Polygon","coordinates":[[[-73.753,7.751],[-73.754,7.681],[-73.719,7.66],[-73.697,7.674],[-73.68,7.644],[-73.66,7.648],[-73.65,7.604],[-73.567,7.589],[-73.527,7.519],[-73.457,7.481],[-73.464,7.468],[-73.421,7.407],[-73.376,7.407],[-73.354,7.429],[-73.347,7.338],[-73.305,7.36],[-73.286,7.351],[-73.248,7.236],[-73.137,7.209],[-73.086,7.259],[-73.121,7.326],[-73.096,7.367],[-73.109,7.392],[-73.078,7.472],[-73.185,7.413],[-73.196,7.447],[-73.216,7.442],[-73.232,7.461],[-73.248,7.433],[-73.297,7.432],[-73.308,7.447],[-73.294,7.464],[-73.325,7.498],[-73.282,7.548],[-73.355,7.544],[-73.386,7.582],[-73.409,7.565],[-73.468,7.576],[-73.506,7.596],[-73.559,7.691],[-73.597,7.701],[-73.6,7.726],[-73.633,7.749],[-73.753,7.751]]]}},{"type":"Feature","properties":{"name":"Sabana De Torres"},"geometry":{"type":"Polygon","coordinates":[[[-73.568,7.171],[-73.46,7.159],[-73.4,7.205],[-73.356,7.285],[-73.382,7.376],[-73.372,7.397],[-73.421,7.407],[-73.464,7.468],[-73.457,7.481],[-73.527,7.519],[-73.567,7.589],[-73.65,7.604],[-73.66,7.648],[-73.68,7.644],[-73.697,7.674],[-73.726,7.663],[-73.76,7.695],[-73.765,7.638],[-73.725,7.587],[-73.775,7.529],[-73.776,7.423],[-73.704,7.386],[-73.694,7.361],[-73.673,7.366],[-73.647,7.342],[-73.647,7.308],[-73.582,7.282],[-73.568,7.171]]]}},{"type":"Feature","properties":{"name":"San Andres"},"geometry":{"type":"Polygon","coordinates":[[[-72.909,6.683],[-72.886,6.696],[-72.838,6.685],[-72.83,6.71],[-72.775,6.724],[-72.755,6.749],[-72.759,6.824],[-72.731,6.941],[-72.747,6.958],[-72.761,6.904],[-72.827,6.882],[-72.846,6.828],[-72.886,6.839],[-72.895,6.755],[-72.879,6.723],[-72.909,6.683]]]}},{"type":"Feature","properties":{"name":"San Benito"},"geometry":{"type":"Polygon","coordinates":[[[-73.532,6.049],[-73.475,6.15],[-73.482,6.164],[-73.579,6.087],[-73.571,6.061],[-73.532,6.049]]]}},{"type":"Feature","properties":{"name":"San Gil"},"geometry":{"type":"Polygon","coordinates":[[[-73.212,6.559],[-73.193,6.54],[-73.154,6.56],[-73.149,6.495],[-73.124,6.499],[-73.111,6.48],[-73.075,6.482],[-73.029,6.53],[-73.091,6.569],[-73.107,6.563],[-73.1,6.631],[-73.114,6.651],[-73.119,6.623],[-73.212,6.559]]]}},{"type":"Feature","properties":{"name":"San Joaquín"},"geometry":{"type":"Polygon","coordinates":[[[-72.91,6.374],[-72.818,6.401],[-72.811,6.499],[-72.834,6.568],[-72.893,6.504],[-72.874,6.468],[-72.912,6.41],[-72.91,6.374]]]}},{"type":"Feature","properties":{"name":"San José De Miranda"},"geometry":{"type":"Polygon","coordinates":[[[-72.743,6.566],[-72.706,6.623],[-72.708,6.674],[-72.734,6.692],[-72.77,6.683],[-72.77,6.58],[-72.743,6.566]]]}},{"type":"Feature","properties":{"name":"San Miguel"},"geometry":{"type":"Polygon","coordinates":[[[-72.638,6.508],[-72.609,6.527],[-72.602,6.588],[-72.636,6.596],[-72.639,6.617],[-72.668,6.616],[-72.703,6.594],[-72.663,6.562],[-72.638,6.508]]]}},{"type":"Feature","properties":{"name":"San Vicente De Chucuri"},"geometry":{"type":"Polygon","coordinates":[[[-73.735,6.904],[-73.766,6.81],[-73.709,6.746],[-73.675,6.747],[-73.67,6.779],[-73.635,6.771],[-73.639,6.833],[-73.616,6.833],[-73.582,6.807],[-73.545,6.81],[-73.54,6.782],[-73.515,6.801],[-73.483,6.772],[-73.463,6.778],[-73.463,6.731],[-73.383,6.702],[-73.334,6.899],[-73.36,6.918],[-73.359,6.95],[-73.39,6.965],[-73.436,6.955],[-73.499,6.987],[-73.49,7.061],[-73.526,7.043],[-73.518,7.127],[-73.54,7.154],[-73.703,6.946],[-73.628,6.882],[-73.735,6.904]]]}},{"type":"Feature","properties":{"name":"Santa Barbara"},"geometry":{"type":"Polygon","coordinates":[[[-72.818,7.072],[-72.848,7.137],[-72.883,7.079],[-72.911,7.082],[-72.921,6.997],[-72.945,6.953],[-72.986,6.948],[-72.991,6.931],[-72.952,6.905],[-72.959,6.885],[-72.918,6.879],[-72.918,6.847],[-72.87,6.932],[-72.846,7.046],[-72.818,7.072]]]}},{"type":"Feature","properties":{"name":"Santa Helena Del Opón"},"geometry":{"type":"Polygon","coordinates":[[[-73.465,6.455],[-73.551,6.479],[-73.559,6.508],[-73.591,6.524],[-73.627,6.525],[-73.649,6.485],[-73.675,6.485],[-73.643,6.457],[-73.672,6.388],[-73.656,6.286],[-73.603,6.322],[-73.541,6.314],[-73.515,6.37],[-73.476,6.375],[-73.465,6.455]]]}},{"type":"Feature","properties":{"name":"Simacota"},"geometry":{"type":"Polygon","coordinates":[[[-73.949,6.889],[-73.934,6.847],[-73.959,6.805],[-73.95,6.783],[-73.865,6.722],[-73.835,6.636],[-73.783,6.626],[-73.802,6.596],[-73.753,6.566],[-73.766,6.531],[-73.684,6.503],[-73.684,6.477],[-73.649,6.485],[-73.627,6.525],[-73.584,6.522],[-73.551,6.479],[-73.485,6.452],[-73.45,6.467],[-73.422,6.403],[-73.321,6.4],[-73.292,6.485],[-73.34,6.492],[-73.377,6.525],[-73.415,6.531],[-73.436,6.51],[-73.438,6.525],[-73.481,6.534],[-73.549,6.509],[-73.557,6.539],[-73.677,6.552],[-73.674,6.585],[-73.735,6.617],[-73.732,6.778],[-73.767,6.816],[-73.749,6.86],[-73.796,6.873],[-73.802,6.894],[-73.841,6.884],[-73.843,6.914],[-73.865,6.868],[-73.875,6.886],[-73.949,6.889]]]}},{"type":"Feature","properties":{"name":"Socorro"},"geometry":{"type":"Polygon","coordinates":[[[-73.272,6.511],[-73.316,6.417],[-73.207,6.407],[-73.178,6.474],[-73.226,6.526],[-73.272,6.511]]]}},{"type":"Feature","properties":{"name":"Suaita"},"geometry":{"type":"Polygon","coordinates":[[[-73.404,6.056],[-73.341,6.051],[-73.317,6.082],[-73.24,6.054],[-73.227,6.116],[-73.284,6.148],[-73.317,6.141],[-73.328,6.172],[-73.371,6.147],[-73.361,6.178],[-73.39,6.203],[-73.412,6.178],[-73.458,6.173],[-73.497,6.108],[-73.404,6.056]]]}},{"type":"Feature","properties":{"name":"Sucre"},"geometry":{"type":"Polygon","coordinates":[[[-73.851,6.015],[-73.878,6.0],[-73.906,6.013],[-73.935,6.086],[-74.035,6.05],[-74.068,6.075],[-74.064,6.136],[-74.104,6.167],[-74.091,6.128],[-74.112,6.122],[-74.118,6.087],[-74.102,6.047],[-74.127,6.034],[-74.096,5.98],[-74.113,5.945],[-74.09,5.93],[-74.057,5.932],[-74.029,5.985],[-73.99,5.965],[-73.987,5.931],[-73.92,5.92],[-73.92,5.864],[-73.891,5.87],[-73.838,5.847],[-73.803,5.875],[-73.813,5.89],[-73.756,5.911],[-73.768,5.938],[-73.859,5.985],[-73.851,6.015]]]}},{"type":"Feature","properties":{"name":"Suratá"},"geometry":{"type":"Polygon","coordinates":[[[-72.866,7.377],[-72.9,7.433],[-72.896,7.48],[-72.978,7.529],[-72.982,7.62],[-73.039,7.62],[-73.098,7.532],[-73.068,7.514],[-73.091,7.489],[-73.054,7.485],[-72.999,7.417],[-73.019,7.36],[-72.93,7.292],[-72.98,7.353],[-72.95,7.348],[-72.896,7.401],[-72.866,7.377]]]}},{"type":"Feature","properties":{"name":"Tona"},"geometry":{"type":"Polygon","coordinates":[[[-73.057,7.185],[-73.065,7.146],[-73.028,7.146],[-73.005,7.099],[-72.96,7.108],[-72.955,7.071],[-72.941,7.098],[-72.883,7.079],[-72.831,7.199],[-72.876,7.263],[-72.957,7.236],[-72.983,7.252],[-73.057,7.185]]]}},{"type":"Feature","properties":{"name":"Valle De San Jose"},"geometry":{"type":"Polygon","coordinates":[[[-73.075,6.482],[-73.137,6.464],[-73.162,6.403],[-73.119,6.384],[-73.072,6.39],[-73.075,6.482]]]}},{"type":"Feature","properties":{"name":"Vélez"},"geometry":{"type":"Polygon","coordinates":[[[-73.663,5.927],[-73.596,6.017],[-73.605,6.033],[-73.636,6.018],[-73.694,6.04],[-73.627,6.144],[-73.686,6.172],[-73.682,6.252],[-73.723,6.295],[-73.643,6.457],[-73.684,6.477],[-73.684,6.503],[-73.766,6.531],[-73.761,6.553],[-73.781,6.552],[-73.781,6.489],[-73.762,6.497],[-73.748,6.462],[-73.683,6.405],[-73.744,6.318],[-73.752,6.291],[-73.728,6.29],[-73.743,6.265],[-73.726,6.239],[-73.771,6.184],[-73.729,6.146],[-73.75,6.091],[-73.718,6.03],[-73.751,6.001],[-73.688,5.975],[-73.663,5.927]]]}},{"type":"Feature","properties":{"name":"Vetas"},"geometry":{"type":"Polygon","coordinates":[[[-72.923,7.292],[-72.882,7.257],[-72.834,7.304],[-72.85,7.374],[-72.888,7.377],[-72.924,7.347],[-72.923,7.292]]]}},{"type":"Feature","properties":{"name":"Villanueva"},"geometry":{"type":"Polygon","coordinates":[[[-73.154,6.6],[-73.119,6.623],[-73.117,6.689],[-73.147,6.701],[-73.145,6.73],[-73.21,6.769],[-73.224,6.734],[-73.179,6.708],[-73.193,6.647],[-73.166,6.639],[-73.154,6.6]]]}},{"type":"Feature","properties":{"name":"Zapatoca"},"geometry":{"type":"Polygon","coordinates":[[[-73.224,6.734],[-73.167,6.85],[-73.185,6.901],[-73.217,6.926],[-73.27,6.849],[-73.301,6.885],[-73.318,6.881],[-73.335,6.929],[-73.355,6.937],[-73.342,6.987],[-73.383,7.003],[-73.434,6.985],[-73.452,6.96],[-73.39,6.965],[-73.359,6.95],[-73.36,6.918],[-73.34,6.915],[-73.363,6.788],[-73.336,6.775],[-73.339,6.757],[-73.304,6.743],[-73.272,6.696],[-73.224,6.734]]]}},{"type":"Feature","properties":{"name":"Buenavista"},"geometry":{"type":"Polygon","coordinates":[[[-74.96,9.434],[-74.956,9.362],[-74.983,9.375],[-75.011,9.297],[-75.0,9.264],[-74.985,9.271],[-74.961,9.244],[-74.966,9.225],[-74.908,9.205],[-74.95,9.347],[-74.915,9.414],[-74.886,9.425],[-74.929,9.447],[-74.96,9.434]]]}},{"type":"Feature","properties":{"name":"Caimito"},"geometry":{"type":"Polygon","coordinates":[[[-75.204,8.915],[-75.2,8.881],[-75.251,8.846],[-75.21,8.822],[-75.235,8.818],[-75.22,8.803],[-75.256,8.754],[-75.142,8.711],[-75.072,8.712],[-75.053,8.694],[-75.062,8.667],[-75.031,8.654],[-75.038,8.738],[-75.011,8.765],[-75.009,8.801],[-75.06,8.819],[-75.101,8.877],[-75.204,8.915]]]}},{"type":"Feature","properties":{"name":"Ricaurte (Coloso)"},"geometry":{"type":"Polygon","coordinates":[[[-75.346,9.598],[-75.397,9.638],[-75.408,9.611],[-75.39,9.559],[-75.405,9.504],[-75.388,9.495],[-75.408,9.476],[-75.372,9.442],[-75.3,9.473],[-75.282,9.503],[-75.316,9.497],[-75.351,9.537],[-75.346,9.598]]]}},{"type":"Feature","properties":{"name":"Corozal"},"geometry":{"type":"Polygon","coordinates":[[[-75.236,9.34],[-75.285,9.352],[-75.299,9.326],[-75.338,9.314],[-75.333,9.255],[-75.356,9.21],[-75.225,9.106],[-75.204,9.116],[-75.162,9.101],[-75.171,9.073],[-75.147,9.06],[-75.127,9.082],[-75.14,9.093],[-75.121,9.099],[-75.148,9.135],[-75.164,9.13],[-75.142,9.16],[-75.152,9.185],[-75.199,9.19],[-75.205,9.211],[-75.245,9.193],[-75.241,9.206],[-75.272,9.211],[-75.268,9.3],[-75.24,9.303],[-75.252,9.327],[-75.236,9.34]]]}},{"type":"Feature","properties":{"name":"Coveñas"},"geometry":{"type":"Polygon","coordinates":[[[-75.679,9.344],[-75.617,9.406],[-75.608,9.469],[-75.646,9.42],[-75.706,9.407],[-75.704,9.372],[-75.679,9.344]]]}},{"type":"Feature","properties":{"name":"Chalán"},"geometry":{"type":"Polygon","coordinates":[[[-75.373,9.629],[-75.346,9.598],[-75.351,9.537],[-75.316,9.497],[-75.286,9.504],[-75.287,9.589],[-75.324,9.601],[-75.344,9.643],[-75.373,9.629]]]}},{"type":"Feature","properties":{"name":"El Roble"},"geometry":{"type":"Polygon","coordinates":[[[-75.208,9.035],[-75.182,9.022],[-75.196,9.011],[-75.184,9.0],[-75.128,9.01],[-75.1,9.042],[-75.087,9.012],[-75.054,9.017],[-75.061,9.037],[-75.028,9.047],[-75.019,9.077],[-75.063,9.079],[-75.065,9.109],[-75.103,9.102],[-75.135,9.159],[-75.159,9.153],[-75.164,9.13],[-75.148,9.135],[-75.121,9.099],[-75.14,9.093],[-75.127,9.082],[-75.147,9.06],[-75.171,9.073],[-75.162,9.101],[-75.204,9.116],[-75.225,9.106],[-75.252,9.142],[-75.27,9.14],[-75.25,9.1],[-75.226,9.094],[-75.208,9.035]]]}},{"type":"Feature","properties":{"name":"Galeras"},"geometry":{"type":"Polygon","coordinates":[[[-74.908,9.205],[-74.961,9.215],[-74.981,9.193],[-74.998,9.21],[-75.075,9.201],[-75.091,9.184],[-75.103,9.13],[-75.076,9.132],[-75.087,9.113],[-75.061,9.105],[-75.063,9.079],[-75.019,9.077],[-75.022,9.029],[-74.977,9.024],[-74.981,9.074],[-74.931,9.08],[-74.911,9.109],[-74.878,9.093],[-74.844,9.107],[-74.863,9.148],[-74.903,9.163],[-74.908,9.205]]]}},{"type":"Feature","properties":{"name":"Guaranda"},"geometry":{"type":"Polygon","coordinates":[[[-74.57,8.51],[-74.603,8.499],[-74.61,8.463],[-74.655,8.457],[-74.665,8.383],[-74.753,8.366],[-74.771,8.43],[-74.812,8.423],[-74.842,8.387],[-74.804,8.38],[-74.828,8.36],[-74.79,8.318],[-74.795,8.282],[-74.748,8.299],[-74.727,8.281],[-74.713,8.304],[-74.653,8.279],[-74.649,8.313],[-74.614,8.347],[-74.615,8.407],[-74.587,8.384],[-74.561,8.39],[-74.539,8.428],[-74.535,8.481],[-74.57,8.51]]]}},{"type":"Feature","properties":{"name":"La Unión"},"geometry":{"type":"Polygon","coordinates":[[[-75.245,8.882],[-75.273,8.914],[-75.3,8.858],[-75.332,8.866],[-75.372,8.827],[-75.369,8.791],[-75.324,8.756],[-75.343,8.713],[-75.3,8.741],[-75.279,8.71],[-75.279,8.738],[-75.239,8.717],[-75.217,8.734],[-75.259,8.761],[-75.22,8.803],[-75.235,8.818],[-75.21,8.822],[-75.251,8.846],[-75.2,8.881],[-75.197,8.906],[-75.219,8.914],[-75.245,8.882]]]}},{"type":"Feature","properties":{"name":"Los Palmitos"},"geometry":{"type":"Polygon","coordinates":[[[-75.3,9.473],[-75.261,9.419],[-75.285,9.352],[-75.261,9.344],[-75.236,9.34],[-75.157,9.405],[-75.113,9.401],[-75.1,9.426],[-75.142,9.461],[-75.199,9.467],[-75.23,9.491],[-75.26,9.463],[-75.286,9.5],[-75.3,9.473]]]}},{"type":"Feature","properties":{"name":"Majagual"},"geometry":{"type":"Polygon","coordinates":[[[-74.608,8.73],[-74.636,8.723],[-74.638,8.745],[-74.657,8.748],[-74.724,8.717],[-74.746,8.741],[-74.726,8.7],[-74.748,8.669],[-74.747,8.624],[-74.777,8.617],[-74.791,8.633],[-74.778,8.58],[-74.833,8.557],[-74.844,8.493],[-74.896,8.456],[-74.852,8.385],[-74.812,8.423],[-74.773,8.432],[-74.753,8.366],[-74.665,8.383],[-74.655,8.457],[-74.61,8.463],[-74.603,8.499],[-74.567,8.512],[-74.577,8.544],[-74.563,8.569],[-74.595,8.592],[-74.608,8.73]]]}},{"type":"Feature","properties":{"name":"Morroa"},"geometry":{"type":"Polygon","coordinates":[[[-75.314,9.479],[-75.399,9.395],[-75.375,9.379],[-75.354,9.306],[-75.284,9.34],[-75.259,9.411],[-75.314,9.479]]]}},{"type":"Feature","properties":{"name":"Ovejas"},"geometry":{"type":"Polygon","coordinates":[[[-75.012,9.528],[-75.079,9.533],[-75.133,9.596],[-75.183,9.604],[-75.189,9.629],[-75.165,9.646],[-75.233,9.647],[-75.269,9.685],[-75.324,9.629],[-75.324,9.601],[-75.287,9.589],[-75.294,9.513],[-75.26,9.463],[-75.23,9.491],[-75.134,9.443],[-75.099,9.453],[-75.078,9.438],[-75.087,9.459],[-75.036,9.474],[-75.012,9.528]]]}},{"type":"Feature","properties":{"name":"Palmito"},"geometry":{"type":"Polygon","coordinates":[[[-75.609,9.281],[-75.512,9.258],[-75.492,9.339],[-75.539,9.394],[-75.615,9.408],[-75.649,9.362],[-75.6,9.325],[-75.588,9.303],[-75.609,9.281]]]}},{"type":"Feature","properties":{"name":"Sampués"},"geometry":{"type":"Polygon","coordinates":[[[-75.224,9.073],[-75.292,9.168],[-75.356,9.21],[-75.345,9.225],[-75.379,9.245],[-75.413,9.228],[-75.457,9.243],[-75.467,9.165],[-75.449,9.14],[-75.391,9.161],[-75.382,9.138],[-75.31,9.118],[-75.31,9.089],[-75.294,9.096],[-75.281,9.073],[-75.224,9.073]]]}},{"type":"Feature","properties":{"name":"San Benito Abad"},"geometry":{"type":"Polygon","coordinates":[[[-74.844,9.107],[-74.878,9.093],[-74.911,9.109],[-74.931,9.08],[-74.981,9.074],[-74.977,9.024],[-75.022,9.029],[-75.028,9.047],[-75.061,9.037],[-75.054,9.017],[-75.087,9.012],[-75.1,9.042],[-75.128,9.01],[-75.184,9.0],[-75.196,9.011],[-75.182,9.022],[-75.21,9.026],[-75.188,8.967],[-75.156,8.944],[-75.172,8.928],[-75.188,8.944],[-75.186,8.914],[-75.101,8.877],[-75.06,8.819],[-75.009,8.801],[-75.011,8.765],[-75.038,8.738],[-75.026,8.681],[-75.038,8.646],[-74.981,8.599],[-75.003,8.523],[-74.926,8.5],[-74.927,8.453],[-74.899,8.447],[-74.844,8.493],[-74.841,8.517],[-74.917,8.63],[-74.902,8.653],[-74.851,8.636],[-74.864,8.656],[-74.848,8.709],[-74.884,8.73],[-74.868,8.75],[-74.875,8.787],[-74.851,8.803],[-74.872,8.9],[-74.84,8.946],[-74.845,8.966],[-74.776,9.038],[-74.828,9.061],[-74.844,9.107]]]}},{"type":"Feature","properties":{"name":"San Juan De Betulia"},"geometry":{"type":"Polygon","coordinates":[[[-75.205,9.211],[-75.184,9.245],[-75.198,9.271],[-75.171,9.301],[-75.188,9.302],[-75.169,9.316],[-75.184,9.339],[-75.152,9.338],[-75.134,9.379],[-75.15,9.407],[-75.252,9.327],[-75.24,9.303],[-75.268,9.3],[-75.268,9.204],[-75.241,9.206],[-75.245,9.193],[-75.205,9.211]]]}},{"type":"Feature","properties":{"name":"San Marcos"},"geometry":{"type":"Polygon","coordinates":[[[-75.003,8.523],[-74.981,8.599],[-75.03,8.624],[-75.072,8.712],[-75.217,8.734],[-75.239,8.717],[-75.279,8.738],[-75.279,8.71],[-75.3,8.741],[-75.354,8.695],[-75.318,8.588],[-75.33,8.553],[-75.304,8.518],[-75.314,8.502],[-75.241,8.487],[-75.232,8.468],[-75.216,8.485],[-75.192,8.443],[-75.211,8.425],[-75.185,8.397],[-75.157,8.433],[-75.136,8.43],[-75.128,8.468],[-75.041,8.458],[-75.033,8.499],[-75.003,8.523]]]}},{"type":"Feature","properties":{"name":"San Onofre"},"geometry":{"type":"Polygon","coordinates":[[[-75.497,10.145],[-75.574,10.086],[-75.576,9.971],[-75.621,9.876],[-75.623,9.805],[-75.642,9.759],[-75.704,9.699],[-75.613,9.695],[-75.579,9.638],[-75.551,9.632],[-75.473,9.668],[-75.443,9.629],[-75.424,9.646],[-75.429,9.623],[-75.373,9.629],[-75.378,9.72],[-75.339,9.828],[-75.394,9.881],[-75.422,9.884],[-75.397,9.894],[-75.428,9.893],[-75.431,9.913],[-75.466,9.892],[-75.482,9.93],[-75.469,9.925],[-75.464,9.961],[-75.48,9.978],[-75.476,10.019],[-75.492,10.038],[-75.517,10.025],[-75.543,10.039],[-75.497,10.145]]]}},{"type":"Feature","properties":{"name":"San Pedro"},"geometry":{"type":"Polygon","coordinates":[[[-75.036,9.474],[-75.087,9.459],[-75.078,9.438],[-75.108,9.452],[-75.1,9.426],[-75.115,9.412],[-75.097,9.361],[-75.117,9.314],[-75.084,9.343],[-75.026,9.317],[-74.99,9.333],[-74.983,9.375],[-74.956,9.362],[-74.96,9.434],[-75.036,9.474]]]}},{"type":"Feature","properties":{"name":"San Luis De Sincé"},"geometry":{"type":"Polygon","coordinates":[[[-75.007,9.325],[-75.084,9.343],[-75.117,9.314],[-75.097,9.361],[-75.121,9.404],[-75.148,9.4],[-75.134,9.379],[-75.152,9.338],[-75.184,9.339],[-75.169,9.316],[-75.188,9.302],[-75.171,9.301],[-75.198,9.271],[-75.184,9.245],[-75.201,9.192],[-75.152,9.185],[-75.103,9.102],[-75.075,9.121],[-75.103,9.13],[-75.075,9.201],[-74.998,9.21],[-74.981,9.193],[-74.961,9.215],[-74.937,9.21],[-74.966,9.225],[-74.985,9.271],[-75.005,9.271],[-75.007,9.325]]]}},{"type":"Feature","properties":{"name":"Sucre"},"geometry":{"type":"Polygon","coordinates":[[[-74.539,8.801],[-74.586,8.841],[-74.579,8.873],[-74.606,8.931],[-74.623,8.93],[-74.67,9.006],[-74.737,9.016],[-74.755,9.044],[-74.799,9.027],[-74.872,8.899],[-74.851,8.803],[-74.875,8.787],[-74.868,8.75],[-74.884,8.73],[-74.848,8.709],[-74.864,8.656],[-74.851,8.636],[-74.902,8.653],[-74.917,8.63],[-74.857,8.541],[-74.829,8.521],[-74.833,8.557],[-74.778,8.58],[-74.791,8.633],[-74.777,8.617],[-74.747,8.624],[-74.748,8.669],[-74.726,8.7],[-74.746,8.741],[-74.724,8.717],[-74.657,8.748],[-74.638,8.745],[-74.636,8.723],[-74.608,8.73],[-74.609,8.761],[-74.539,8.801]]]}},{"type":"Feature","properties":{"name":"Santiago De Tolú"},"geometry":{"type":"Polygon","coordinates":[[[-75.617,9.406],[-75.541,9.394],[-75.553,9.416],[-75.527,9.427],[-75.48,9.52],[-75.486,9.55],[-75.439,9.562],[-75.467,9.595],[-75.452,9.616],[-75.47,9.62],[-75.474,9.635],[-75.457,9.636],[-75.473,9.668],[-75.551,9.632],[-75.579,9.638],[-75.574,9.567],[-75.617,9.406]]]}},{"type":"Feature","properties":{"name":"Tolú Viejo"},"geometry":{"type":"Polygon","coordinates":[[[-75.4,9.629],[-75.429,9.623],[-75.42,9.635],[-75.424,9.646],[-75.443,9.629],[-75.474,9.635],[-75.452,9.618],[-75.467,9.595],[-75.439,9.562],[-75.486,9.55],[-75.473,9.536],[-75.53,9.441],[-75.504,9.392],[-75.471,9.398],[-75.465,9.38],[-75.427,9.373],[-75.361,9.439],[-75.408,9.476],[-75.388,9.495],[-75.405,9.504],[-75.39,9.545],[-75.4,9.629]]]}},{"type":"Feature","properties":{"name":"Alpujarra"},"geometry":{"type":"Polygon","coordinates":[[[-74.909,3.291],[-74.815,3.393],[-74.811,3.411],[-74.852,3.454],[-74.83,3.496],[-74.859,3.512],[-74.902,3.49],[-74.93,3.499],[-74.951,3.477],[-74.996,3.512],[-74.993,3.474],[-75.042,3.418],[-75.028,3.391],[-75.057,3.378],[-75.071,3.295],[-75.001,3.276],[-74.909,3.291]]]}},{"type":"Feature","properties":{"name":"Alvarado"},"geometry":{"type":"Polygon","coordinates":[[[-75.017,4.689],[-75.051,4.647],[-75.021,4.639],[-75.076,4.571],[-75.052,4.549],[-75.064,4.494],[-75.042,4.448],[-74.975,4.49],[-74.863,4.625],[-74.925,4.64],[-74.972,4.703],[-75.017,4.689]]]}},{"type":"Feature","properties":{"name":"Ambalema"},"geometry":{"type":"Polygon","coordinates":[[[-74.749,4.952],[-74.83,4.929],[-74.828,4.907],[-74.81,4.914],[-74.806,4.87],[-74.851,4.85],[-74.827,4.838],[-74.87,4.819],[-74.865,4.745],[-74.888,4.724],[-74.874,4.712],[-74.83,4.73],[-74.816,4.714],[-74.815,4.736],[-74.744,4.788],[-74.744,4.823],[-74.769,4.842],[-74.755,4.886],[-74.732,4.894],[-74.749,4.952]]]}},{"type":"Feature","properties":{"name":"Anzoátegui"},"geometry":{"type":"Polygon","coordinates":[[[-75.386,4.701],[-75.3,4.637],[-75.282,4.609],[-75.29,4.573],[-75.226,4.557],[-75.205,4.533],[-75.081,4.562],[-75.021,4.639],[-75.044,4.639],[-75.049,4.662],[-75.016,4.685],[-75.045,4.7],[-75.089,4.656],[-75.138,4.666],[-75.206,4.717],[-75.386,4.701]]]}},{"type":"Feature","properties":{"name":"Armero"},"geometry":{"type":"Polygon","coordinates":[[[-74.755,4.938],[-74.706,4.982],[-74.743,5.008],[-74.73,5.068],[-74.762,5.04],[-74.769,5.11],[-74.801,5.093],[-74.843,5.101],[-74.884,5.147],[-74.905,5.135],[-74.882,5.072],[-74.899,5.065],[-74.895,5.029],[-74.97,5.012],[-74.983,5.024],[-75.017,5.001],[-74.962,4.962],[-74.917,4.963],[-74.875,4.888],[-74.836,4.884],[-74.807,4.892],[-74.83,4.929],[-74.755,4.938]]]}},{"type":"Feature","properties":{"name":"Ataco"},"geometry":{"type":"Polygon","coordinates":[[[-75.268,3.382],[-75.302,3.451],[-75.255,3.507],[-75.293,3.551],[-75.284,3.572],[-75.249,3.565],[-75.237,3.601],[-75.26,3.591],[-75.31,3.611],[-75.328,3.665],[-75.354,3.661],[-75.365,3.611],[-75.413,3.573],[-75.457,3.475],[-75.48,3.486],[-75.583,3.453],[-75.674,3.463],[-75.739,3.322],[-75.703,3.315],[-75.689,3.28],[-75.611,3.299],[-75.595,3.208],[-75.53,3.286],[-75.527,3.319],[-75.49,3.326],[-75.479,3.361],[-75.44,3.345],[-75.415,3.371],[-75.375,3.375],[-75.366,3.407],[-75.34,3.398],[-75.319,3.42],[-75.268,3.382]]]}},{"type":"Feature","properties":{"name":"Cajamarca"},"geometry":{"type":"Polygon","coordinates":[[[-75.577,4.453],[-75.604,4.289],[-75.572,4.237],[-75.552,4.238],[-75.52,4.256],[-75.484,4.338],[-75.377,4.402],[-75.37,4.445],[-75.4,4.47],[-75.412,4.523],[-75.468,4.531],[-75.485,4.582],[-75.524,4.544],[-75.525,4.498],[-75.577,4.453]]]}},{"type":"Feature","properties":{"name":"Carmen De Apicala"},"geometry":{"type":"Polygon","coordinates":[[[-74.745,4.248],[-74.79,4.176],[-74.799,4.026],[-74.781,4.014],[-74.69,4.089],[-74.671,4.149],[-74.754,4.204],[-74.745,4.248]]]}},{"type":"Feature","properties":{"name":"Casabianca"},"geometry":{"type":"Polygon","coordinates":[[[-75.319,4.893],[-75.243,4.973],[-75.167,4.998],[-75.116,5.066],[-75.066,5.032],[-75.047,5.047],[-75.065,5.076],[-75.044,5.122],[-75.102,5.119],[-75.214,5.0],[-75.325,4.968],[-75.347,4.939],[-75.319,4.893]]]}},{"type":"Feature","properties":{"name":"Chaparral"},"geometry":{"type":"Polygon","coordinates":[[[-75.579,3.464],[-75.48,3.486],[-75.457,3.475],[-75.413,3.573],[-75.365,3.611],[-75.354,3.661],[-75.312,3.667],[-75.292,3.69],[-75.269,3.763],[-75.311,3.758],[-75.308,3.804],[-75.344,3.802],[-75.431,3.872],[-75.459,3.828],[-75.479,3.846],[-75.566,3.858],[-75.608,3.926],[-75.656,3.93],[-75.654,3.955],[-75.718,3.981],[-75.745,4.043],[-75.776,4.004],[-75.795,4.005],[-75.812,3.919],[-75.858,3.881],[-75.853,3.852],[-75.903,3.797],[-75.917,3.748],[-75.83,3.775],[-75.822,3.717],[-75.791,3.68],[-75.767,3.687],[-75.744,3.645],[-75.687,3.648],[-75.636,3.612],[-75.626,3.576],[-75.588,3.581],[-75.579,3.464]]]}},{"type":"Feature","properties":{"name":"Coello"},"geometry":{"type":"Polygon","coordinates":[[[-74.91,4.236],[-74.795,4.5],[-74.822,4.492],[-74.832,4.513],[-74.85,4.501],[-74.847,4.515],[-74.896,4.493],[-74.921,4.475],[-74.899,4.48],[-74.893,4.463],[-74.93,4.36],[-74.939,4.38],[-74.96,4.368],[-74.999,4.3],[-75.003,4.323],[-75.027,4.325],[-75.035,4.285],[-75.0,4.263],[-74.974,4.211],[-74.942,4.21],[-74.91,4.236]]]}},{"type":"Feature","properties":{"name":"Coyaima"},"geometry":{"type":"Polygon","coordinates":[[[-74.963,3.724],[-75.035,3.827],[-75.08,3.848],[-75.063,3.869],[-75.112,3.908],[-75.123,3.885],[-75.162,3.879],[-75.191,3.847],[-75.216,3.769],[-75.25,3.775],[-75.331,3.648],[-75.31,3.611],[-75.226,3.596],[-75.226,3.632],[-75.185,3.623],[-75.134,3.695],[-75.044,3.656],[-75.034,3.683],[-74.963,3.724]]]}},{"type":"Feature","properties":{"name":"Cunday"},"geometry":{"type":"Polygon","coordinates":[[[-74.707,3.803],[-74.691,3.811],[-74.702,3.874],[-74.654,3.919],[-74.668,3.949],[-74.612,3.996],[-74.591,3.982],[-74.532,3.975],[-74.561,4.068],[-74.626,4.099],[-74.63,4.131],[-74.735,4.064],[-74.807,3.976],[-74.816,3.877],[-74.797,3.872],[-74.769,3.906],[-74.759,3.865],[-74.707,3.803]]]}},{"type":"Feature","properties":{"name":"Dolores"},"geometry":{"type":"Polygon","coordinates":[[[-74.535,3.843],[-74.671,3.697],[-74.699,3.709],[-74.702,3.775],[-74.781,3.672],[-74.861,3.653],[-74.912,3.665],[-74.944,3.575],[-74.983,3.551],[-74.996,3.51],[-74.944,3.476],[-74.93,3.499],[-74.902,3.49],[-74.846,3.509],[-74.828,3.489],[-74.852,3.454],[-74.821,3.415],[-74.785,3.425],[-74.762,3.45],[-74.781,3.479],[-74.775,3.524],[-74.729,3.552],[-74.738,3.591],[-74.701,3.616],[-74.675,3.672],[-74.558,3.767],[-74.535,3.843]]]}},{"type":"Feature","properties":{"name":"Espinal"},"geometry":{"type":"Polygon","coordinates":[[[-75.007,4.237],[-74.932,4.119],[-74.859,4.089],[-74.812,4.109],[-74.811,4.192],[-74.863,4.189],[-74.859,4.227],[-74.878,4.239],[-74.914,4.247],[-74.953,4.208],[-74.974,4.211],[-74.995,4.248],[-75.007,4.237]]]}},{"type":"Feature","properties":{"name":"Falan"},"geometry":{"type":"Polygon","coordinates":[[[-75.009,5.009],[-74.895,5.029],[-74.899,5.065],[-74.882,5.072],[-74.903,5.098],[-74.901,5.156],[-74.93,5.15],[-74.952,5.175],[-74.995,5.146],[-74.987,5.055],[-75.045,5.054],[-75.066,5.032],[-75.009,5.009]]]}},{"type":"Feature","properties":{"name":"Flandes"},"geometry":{"type":"Polygon","coordinates":[[[-74.797,4.288],[-74.877,4.265],[-74.895,4.289],[-74.907,4.242],[-74.859,4.227],[-74.863,4.189],[-74.811,4.192],[-74.777,4.274],[-74.797,4.288]]]}},{"type":"Feature","properties":{"name":"Fresno"},"geometry":{"type":"Polygon","coordinates":[[[-75.149,5.165],[-75.161,5.14],[-75.137,5.136],[-75.125,5.091],[-75.102,5.119],[-74.973,5.148],[-74.974,5.202],[-75.009,5.237],[-75.001,5.292],[-75.057,5.276],[-75.113,5.163],[-75.149,5.165]]]}},{"type":"Feature","properties":{"name":"Guamo"},"geometry":{"type":"Polygon","coordinates":[[[-74.925,3.974],[-74.835,4.041],[-74.828,4.09],[-74.937,4.122],[-75.0,4.231],[-75.029,4.232],[-75.037,4.261],[-75.083,4.138],[-75.079,4.111],[-75.055,4.102],[-75.085,4.025],[-75.062,3.986],[-75.027,4.005],[-74.966,3.941],[-74.923,3.952],[-74.925,3.974]]]}},{"type":"Feature","properties":{"name":"Herveo"},"geometry":{"type":"Polygon","coordinates":[[[-75.349,5.057],[-75.318,5.014],[-75.354,4.963],[-75.352,4.938],[-75.335,4.9],[-75.347,4.939],[-75.325,4.968],[-75.214,5.0],[-75.147,5.064],[-75.126,5.119],[-75.145,5.145],[-75.161,5.14],[-75.149,5.165],[-75.198,5.162],[-75.235,5.126],[-75.288,5.138],[-75.345,5.081],[-75.349,5.057]]]}},{"type":"Feature","properties":{"name":"Honda"},"geometry":{"type":"Polygon","coordinates":[[[-74.734,5.287],[-74.827,5.319],[-74.861,5.306],[-74.821,5.291],[-74.828,5.272],[-74.795,5.225],[-74.884,5.147],[-74.843,5.101],[-74.801,5.093],[-74.769,5.11],[-74.762,5.04],[-74.717,5.092],[-74.732,5.145],[-74.714,5.182],[-74.735,5.205],[-74.734,5.287]]]}},{"type":"Feature","properties":{"name":"Icononzo"},"geometry":{"type":"Polygon","coordinates":[[[-74.556,4.267],[-74.562,4.179],[-74.626,4.099],[-74.561,4.068],[-74.532,3.975],[-74.53,4.045],[-74.475,4.128],[-74.519,4.24],[-74.556,4.267]]]}},{"type":"Feature","properties":{"name":"Lérida"},"geometry":{"type":"Polygon","coordinates":[[[-74.872,4.774],[-74.87,4.819],[-74.827,4.838],[-74.854,4.844],[-74.806,4.87],[-74.814,4.89],[-74.875,4.888],[-74.917,4.963],[-74.979,4.964],[-75.006,4.916],[-74.968,4.895],[-74.966,4.867],[-75.017,4.835],[-75.016,4.815],[-74.956,4.783],[-74.872,4.774]]]}},{"type":"Feature","properties":{"name":"Libano"},"geometry":{"type":"Polygon","coordinates":[[[-75.013,4.812],[-75.017,4.835],[-74.966,4.867],[-74.968,4.895],[-75.006,4.916],[-74.974,4.967],[-75.034,4.999],[-75.113,4.91],[-75.112,4.763],[-75.061,4.755],[-75.013,4.812]]]}},{"type":"Feature","properties":{"name":"San Sebastián De Mariquita"},"geometry":{"type":"Polygon","coordinates":[[[-75.001,5.292],[-75.009,5.237],[-74.983,5.22],[-74.979,5.176],[-74.949,5.174],[-74.93,5.15],[-74.884,5.147],[-74.795,5.225],[-74.828,5.272],[-74.821,5.291],[-74.849,5.307],[-74.874,5.295],[-74.939,5.313],[-75.001,5.292]]]}},{"type":"Feature","properties":{"name":"Melgar"},"geometry":{"type":"Polygon","coordinates":[[[-74.731,4.245],[-74.754,4.204],[-74.679,4.164],[-74.685,4.095],[-74.63,4.131],[-74.621,4.101],[-74.562,4.179],[-74.563,4.272],[-74.619,4.252],[-74.656,4.198],[-74.657,4.215],[-74.681,4.201],[-74.731,4.245]]]}},{"type":"Feature","properties":{"name":"Murillo"},"geometry":{"type":"Polygon","coordinates":[[[-75.375,4.803],[-75.32,4.754],[-75.216,4.776],[-75.147,4.737],[-75.07,4.753],[-75.112,4.763],[-75.102,4.854],[-75.116,4.88],[-75.102,4.89],[-75.177,4.92],[-75.319,4.887],[-75.375,4.803]]]}},{"type":"Feature","properties":{"name":"Natagaima"},"geometry":{"type":"Polygon","coordinates":[[[-75.173,3.378],[-75.174,3.409],[-75.147,3.436],[-75.034,3.428],[-74.993,3.474],[-74.995,3.534],[-74.944,3.575],[-74.93,3.618],[-74.997,3.683],[-75.034,3.683],[-75.044,3.656],[-75.134,3.695],[-75.185,3.623],[-75.226,3.632],[-75.223,3.603],[-75.249,3.59],[-75.249,3.565],[-75.289,3.565],[-75.255,3.507],[-75.302,3.451],[-75.272,3.386],[-75.252,3.366],[-75.227,3.416],[-75.173,3.378]]]}},{"type":"Feature","properties":{"name":"Ortega"},"geometry":{"type":"Polygon","coordinates":[[[-75.369,4.041],[-75.428,4.047],[-75.413,4.024],[-75.441,3.985],[-75.427,3.945],[-75.444,3.875],[-75.344,3.802],[-75.308,3.804],[-75.311,3.758],[-75.269,3.763],[-75.273,3.746],[-75.246,3.779],[-75.217,3.767],[-75.191,3.847],[-75.162,3.879],[-75.123,3.885],[-75.073,3.938],[-75.137,4.008],[-75.165,3.997],[-75.214,4.032],[-75.192,4.11],[-75.214,4.1],[-75.276,4.12],[-75.369,4.041]]]}},{"type":"Feature","properties":{"name":"Palocabildo"},"geometry":{"type":"Polygon","coordinates":[[[-75.045,5.054],[-74.987,5.055],[-74.995,5.146],[-75.044,5.122],[-75.065,5.076],[-75.045,5.054]]]}},{"type":"Feature","properties":{"name":"Piedras"},"geometry":{"type":"Polygon","coordinates":[[[-74.794,4.592],[-74.867,4.625],[-74.975,4.49],[-75.07,4.436],[-75.066,4.405],[-74.992,4.393],[-74.985,4.351],[-74.939,4.38],[-74.93,4.36],[-74.893,4.463],[-74.919,4.479],[-74.847,4.515],[-74.85,4.501],[-74.832,4.513],[-74.822,4.492],[-74.788,4.504],[-74.815,4.585],[-74.794,4.592]]]}},{"type":"Feature","properties":{"name":"Planadas"},"geometry":{"type":"Polygon","coordinates":[[[-75.583,3.124],[-75.572,3.217],[-75.607,3.221],[-75.611,3.299],[-75.689,3.28],[-75.703,3.315],[-75.731,3.325],[-75.786,3.31],[-75.951,3.18],[-76.058,3.17],[-76.091,3.198],[-76.074,3.122],[-76.105,3.101],[-76.021,3.004],[-76.029,2.94],[-75.989,2.983],[-75.953,2.918],[-75.927,2.921],[-75.84,2.872],[-75.763,2.915],[-75.761,2.942],[-75.703,2.97],[-75.693,2.993],[-75.627,3.002],[-75.6,3.048],[-75.622,3.075],[-75.583,3.124]]]}},{"type":"Feature","properties":{"name":"Envigado"},"geometry":{"type":"Polygon","coordinates":[[[-75.475,6.159],[-75.485,6.191],[-75.532,6.198],[-75.536,6.172],[-75.583,6.189],[-75.605,6.163],[-75.573,6.099],[-75.516,6.15],[-75.475,6.159]]]}},{"type":"Feature","properties":{"name":"Itagüí"},"geometry":{"type":"Polygon","coordinates":[[[-75.583,6.189],[-75.629,6.196],[-75.648,6.172],[-75.625,6.154],[-75.583,6.189]]]}},{"type":"Feature","properties":{"name":"Medio Atrato (Beté)"},"geometry":{"type":"Polygon","coordinates":[[[-76.246,6.205],[-76.388,6.192],[-76.418,6.166],[-76.469,6.177],[-76.475,6.16],[-76.602,6.193],[-76.644,6.168],[-76.716,6.171],[-76.754,6.132],[-76.802,6.116],[-76.836,6.136],[-76.872,6.119],[-76.938,6.149],[-76.988,6.018],[-76.971,6.041],[-76.937,6.032],[-76.92,5.994],[-76.903,5.996],[-76.929,5.959],[-76.925,5.892],[-76.859,5.839],[-76.862,5.824],[-76.77,5.821],[-76.725,5.834],[-76.709,5.883],[-76.68,5.872],[-76.588,5.909],[-76.589,5.934],[-76.529,5.965],[-76.522,6.007],[-76.467,6.005],[-76.442,6.036],[-76.417,6.037],[-76.284,6.151],[-76.246,6.205]]]}},{"type":"Feature","properties":{"name":"La Primavera"},"geometry":{"type":"Polygon","coordinates":[[[-69.836,6.041],[-69.854,5.984],[-69.883,5.97],[-69.933,5.876],[-69.968,5.859],[-69.979,5.807],[-70.14,5.61],[-70.195,5.603],[-70.264,5.564],[-70.36,5.587],[-70.652,5.374],[-70.197,4.884],[-70.182,4.905],[-70.176,4.888],[-70.161,4.903],[-70.159,4.885],[-70.13,4.902],[-70.098,4.892],[-70.098,4.916],[-70.085,4.897],[-70.085,4.92],[-70.063,4.917],[-70.062,4.931],[-70.035,4.915],[-70.039,4.942],[-70.017,4.923],[-69.992,4.943],[-69.982,4.923],[-69.973,4.951],[-69.928,4.946],[-69.892,4.985],[-69.868,4.947],[-69.859,4.969],[-69.84,4.949],[-69.825,4.963],[-69.799,4.885],[-69.759,4.893],[-69.735,4.877],[-69.732,4.896],[-69.707,4.882],[-69.708,4.904],[-69.685,4.876],[-69.691,4.9],[-69.664,4.89],[-69.665,4.915],[-69.68,4.915],[-69.65,4.92],[-69.648,4.953],[-69.617,4.907],[-69.587,4.928],[-69.565,4.915],[-69.566,4.932],[-69.533,4.951],[-69.515,4.944],[-69.53,4.976],[-69.486,4.979],[-69.495,5.007],[-69.423,5.042],[-69.409,5.102],[-69.424,5.184],[-69.399,5.19],[-69.387,5.172],[-69.334,5.189],[-69.338,5.173],[-69.315,5.18],[-69.308,5.163],[-69.269,5.192],[-69.205,5.193],[-69.196,5.177],[-69.183,5.197],[-69.144,5.173],[-69.151,5.216],[-69.111,5.231],[-69.142,5.246],[-69.094,5.248],[-69.093,5.274],[-69.049,5.282],[-69.062,5.3],[-69.091,5.299],[-69.086,5.313],[-69.021,5.327],[-69.005,5.303],[-68.947,5.351],[-68.923,5.334],[-68.873,5.387],[-68.887,5.394],[-68.847,5.384],[-68.847,5.417],[-68.817,5.419],[-68.814,6.173],[-68.884,6.167],[-69.014,6.193],[-69.046,6.222],[-69.124,6.191],[-69.237,6.08],[-69.307,6.089],[-69.345,6.144],[-69.542,6.044],[-69.683,6.038],[-69.784,6.059],[-69.836,6.041]]]}},{"type":"Feature","properties":{"name":"Jardín"},"geometry":{"type":"Polygon","coordinates":[[[-75.807,5.654],[-75.829,5.622],[-75.88,5.632],[-75.872,5.531],[-75.905,5.48],[-75.862,5.506],[-75.832,5.489],[-75.786,5.54],[-75.73,5.564],[-75.76,5.594],[-75.758,5.639],[-75.807,5.654]]]}},{"type":"Feature","properties":{"name":"Nóvita"},"geometry":{"type":"Polygon","coordinates":[[[-76.509,4.796],[-76.471,4.929],[-76.419,4.951],[-76.443,5.026],[-76.499,4.98],[-76.558,5.008],[-76.707,4.991],[-76.689,4.96],[-76.694,4.907],[-76.763,4.876],[-76.792,4.799],[-76.812,4.792],[-76.805,4.772],[-76.834,4.778],[-76.843,4.752],[-76.829,4.769],[-76.692,4.721],[-76.63,4.657],[-76.578,4.675],[-76.578,4.714],[-76.509,4.796]]]}},{"type":"Feature","properties":{"name":"Medio San Juan (Andagoya)"},"geometry":{"type":"Polygon","coordinates":[[[-76.689,4.96],[-76.725,5.013],[-76.697,5.042],[-76.682,5.127],[-76.732,5.115],[-76.756,5.08],[-76.749,5.05],[-76.769,5.014],[-76.742,5.014],[-76.742,4.997],[-76.801,4.973],[-76.822,4.989],[-76.874,4.919],[-76.867,4.706],[-76.897,4.72],[-76.916,4.694],[-76.946,4.708],[-76.964,4.667],[-76.921,4.604],[-76.836,4.616],[-76.781,4.59],[-76.765,4.558],[-76.696,4.541],[-76.662,4.489],[-76.657,4.51],[-76.717,4.597],[-76.809,4.645],[-76.843,4.752],[-76.834,4.778],[-76.805,4.772],[-76.812,4.792],[-76.792,4.799],[-76.763,4.876],[-76.694,4.907],[-76.689,4.96]]]}},{"type":"Feature","properties":{"name":"San José Del Palmar"},"geometry":{"type":"Polygon","coordinates":[[[-76.132,5.183],[-76.204,5.173],[-76.257,5.12],[-76.325,5.13],[-76.396,5.099],[-76.421,5.108],[-76.423,5.056],[-76.443,5.026],[-76.419,4.951],[-76.471,4.929],[-76.511,4.808],[-76.482,4.762],[-76.312,4.75],[-76.213,4.829],[-76.139,4.841],[-76.114,4.89],[-76.131,4.911],[-76.1,4.917],[-76.089,4.946],[-76.097,5.032],[-76.059,5.116],[-76.077,5.153],[-76.132,5.183]]]}},{"type":"Feature","properties":{"name":"Condoto"},"geometry":{"type":"Polygon","coordinates":[[[-76.499,4.98],[-76.423,5.056],[-76.421,5.108],[-76.396,5.099],[-76.325,5.13],[-76.291,5.126],[-76.319,5.206],[-76.36,5.198],[-76.333,5.163],[-76.371,5.12],[-76.424,5.115],[-76.447,5.158],[-76.471,5.135],[-76.495,5.153],[-76.535,5.148],[-76.53,5.124],[-76.593,5.095],[-76.677,5.109],[-76.726,5.007],[-76.707,4.991],[-76.648,5.004],[-76.636,4.988],[-76.612,5.006],[-76.55,5.007],[-76.499,4.98]]]}},{"type":"Feature","properties":{"name":"Aguazul"},"geometry":{"type":"Polygon","coordinates":[[[-72.701,5.273],[-72.707,5.236],[-72.751,5.218],[-72.756,5.19],[-72.731,5.154],[-72.741,5.105],[-72.724,5.05],[-72.676,5.003],[-72.551,4.974],[-72.506,4.898],[-72.476,4.9],[-72.473,4.867],[-72.387,4.842],[-72.379,4.855],[-72.443,4.909],[-72.485,4.989],[-72.474,5.017],[-72.417,4.968],[-72.397,4.998],[-72.339,5.002],[-72.354,5.072],[-72.338,5.068],[-72.372,5.1],[-72.359,5.131],[-72.388,5.175],[-72.381,5.192],[-72.402,5.199],[-72.398,5.229],[-72.48,5.25],[-72.567,5.373],[-72.58,5.35],[-72.633,5.342],[-72.701,5.273]]]}},{"type":"Feature","properties":{"name":"Villa Del Rosario"},"geometry":{"type":"Polygon","coordinates":[[[-72.475,7.659],[-72.469,7.791],[-72.445,7.86],[-72.46,7.901],[-72.488,7.864],[-72.476,7.811],[-72.507,7.776],[-72.488,7.76],[-72.523,7.657],[-72.497,7.643],[-72.475,7.659]]]}},{"type":"Feature","properties":{"name":"Medio Baudó(boca De Pepé)"},"geometry":{"type":"Polygon","coordinates":[[[-76.841,5.269],[-76.825,5.346],[-76.861,5.388],[-76.912,5.28],[-76.97,5.298],[-76.995,5.283],[-77.011,5.238],[-77.062,5.211],[-77.073,5.181],[-77.11,5.22],[-77.127,5.202],[-77.132,5.217],[-77.16,5.185],[-77.155,5.165],[-77.175,5.159],[-77.189,5.099],[-77.236,5.112],[-77.23,5.0],[-77.273,4.999],[-77.279,4.97],[-77.237,4.967],[-77.218,5.002],[-77.169,5.004],[-77.149,5.035],[-77.083,4.992],[-77.13,4.952],[-77.135,4.93],[-77.106,4.908],[-77.081,4.918],[-77.072,4.957],[-76.979,4.917],[-76.921,4.965],[-76.88,4.945],[-76.874,4.988],[-76.847,5.013],[-76.858,5.028],[-76.797,5.087],[-76.815,5.104],[-76.791,5.167],[-76.835,5.173],[-76.855,5.216],[-76.858,5.265],[-76.841,5.269]]]}},{"type":"Feature","properties":{"name":"Unión Panamericana ( Animas)"},"geometry":{"type":"Polygon","coordinates":[[[-76.585,5.22],[-76.614,5.358],[-76.627,5.351],[-76.646,5.392],[-76.683,5.404],[-76.655,5.333],[-76.713,5.335],[-76.726,5.325],[-76.652,5.271],[-76.675,5.24],[-76.708,5.241],[-76.68,5.213],[-76.686,5.196],[-76.673,5.185],[-76.585,5.22]]]}},{"type":"Feature","properties":{"name":"Tadó"},"geometry":{"type":"Polygon","coordinates":[[[-76.191,5.415],[-76.24,5.36],[-76.283,5.361],[-76.321,5.334],[-76.354,5.371],[-76.392,5.348],[-76.492,5.339],[-76.531,5.288],[-76.598,5.273],[-76.585,5.22],[-76.628,5.215],[-76.618,5.193],[-76.536,5.24],[-76.536,5.217],[-76.49,5.214],[-76.487,5.26],[-76.452,5.249],[-76.441,5.266],[-76.403,5.267],[-76.388,5.211],[-76.36,5.198],[-76.326,5.21],[-76.302,5.187],[-76.291,5.126],[-76.257,5.12],[-76.204,5.173],[-76.132,5.183],[-76.142,5.233],[-76.174,5.26],[-76.211,5.349],[-76.191,5.415]]]}},{"type":"Feature","properties":{"name":"Cértegui"},"geometry":{"type":"Polygon","coordinates":[[[-76.598,5.273],[-76.531,5.288],[-76.492,5.339],[-76.413,5.346],[-76.409,5.391],[-76.436,5.401],[-76.41,5.435],[-76.369,5.413],[-76.336,5.428],[-76.394,5.445],[-76.403,5.472],[-76.435,5.47],[-76.453,5.502],[-76.469,5.467],[-76.548,5.462],[-76.611,5.403],[-76.639,5.43],[-76.721,5.422],[-76.646,5.392],[-76.627,5.351],[-76.614,5.358],[-76.598,5.273]]]}},{"type":"Feature","properties":{"name":"El Cantón Del San Pablo (Managrú)"},"geometry":{"type":"Polygon","coordinates":[[[-76.841,5.269],[-76.74,5.283],[-76.751,5.249],[-76.675,5.24],[-76.652,5.271],[-76.726,5.325],[-76.655,5.342],[-76.687,5.404],[-76.81,5.437],[-76.815,5.464],[-76.876,5.514],[-76.895,5.441],[-76.825,5.346],[-76.841,5.269]]]}},{"type":"Feature","properties":{"name":"Cumaribo"},"geometry":{"type":"Polygon","coordinates":[[[-70.182,4.905],[-70.232,4.829],[-70.257,4.834],[-70.281,4.801],[-70.325,4.787],[-70.346,4.75],[-70.417,4.768],[-70.445,4.745],[-70.437,4.725],[-70.474,4.709],[-70.616,4.768],[-70.685,4.775],[-70.704,4.816],[-70.764,4.816],[-70.801,4.784],[-70.829,4.811],[-70.9,4.818],[-70.973,4.777],[-70.975,4.734],[-71.012,4.749],[-71.078,4.727],[-71.078,2.882],[-71.058,2.853],[-71.011,2.857],[-70.988,2.829],[-70.953,2.841],[-70.962,2.8],[-70.948,2.786],[-70.925,2.813],[-70.939,2.857],[-70.911,2.85],[-70.887,2.793],[-70.871,2.799],[-70.875,2.847],[-70.854,2.821],[-70.873,2.779],[-70.822,2.813],[-70.797,2.796],[-70.811,2.76],[-70.725,2.795],[-70.709,2.737],[-70.64,2.803],[-70.66,2.857],[-70.635,2.849],[-70.62,2.793],[-70.587,2.841],[-70.501,2.788],[-70.494,2.813],[-70.356,2.854],[-70.354,2.914],[-70.279,2.935],[-70.304,3.032],[-70.256,3.039],[-70.273,3.066],[-70.321,3.085],[-70.28,3.094],[-70.288,3.124],[-70.244,3.179],[-70.207,3.173],[-70.218,3.206],[-70.192,3.174],[-70.165,3.181],[-70.174,3.236],[-70.148,3.191],[-70.128,3.203],[-70.158,3.282],[-70.109,3.293],[-70.172,3.351],[-70.133,3.365],[-70.127,3.401],[-70.073,3.388],[-70.026,3.418],[-70.002,3.373],[-69.944,3.395],[-69.956,3.46],[-69.903,3.424],[-69.874,3.433],[-69.862,3.479],[-69.897,3.533],[-69.872,3.536],[-69.852,3.492],[-69.817,3.477],[-69.844,3.549],[-69.821,3.555],[-69.815,3.516],[-69.798,3.51],[-69.777,3.565],[-69.714,3.549],[-69.74,3.591],[-69.71,3.577],[-69.701,3.54],[-69.663,3.585],[-69.629,3.569],[-69.609,3.595],[-69.593,3.568],[-69.571,3.669],[-69.595,3.673],[-69.588,3.684],[-69.504,3.679],[-69.493,3.651],[-69.478,3.695],[-69.454,3.709],[-69.408,3.66],[-69.388,3.685],[-69.366,3.665],[-69.304,3.717],[-69.29,3.698],[-69.306,3.652],[-69.292,3.645],[-69.268,3.681],[-69.28,3.726],[-69.247,3.715],[-69.235,3.674],[-69.208,3.702],[-69.2,3.669],[-69.168,3.672],[-69.187,3.634],[-69.121,3.676],[-69.1,3.638],[-69.079,3.656],[-69.056,3.639],[-68.996,3.692],[-68.942,3.682],[-68.938,3.742],[-68.926,3.687],[-68.864,3.706],[-68.831,3.671],[-68.851,3.74],[-68.795,3.722],[-68.754,3.783],[-68.651,3.762],[-68.68,3.797],[-68.672,3.812],[-68.635,3.774],[-68.576,3.79],[-68.551,3.764],[-68.569,3.818],[-68.51,3.779],[-68.513,3.826],[-68.476,3.852],[-68.444,3.838],[-68.447,3.884],[-68.395,3.851],[-68.393,3.873],[-68.437,3.915],[-68.347,3.924],[-68.345,3.993],[-68.207,3.957],[-68.205,3.997],[-68.174,3.986],[-68.131,4.001],[-68.133,3.947],[-68.113,3.943],[-68.078,3.981],[-68.079,3.935],[-68.035,4.011],[-68.025,3.976],[-67.937,3.963],[-67.914,3.909],[-67.876,3.919],[-67.813,3.985],[-67.708,4.045],[-67.798,4.237],[-67.804,4.327],[-67.762,4.349],[-67.781,4.392],[-67.773,4.419],[-67.798,4.437],[-67.799,4.48],[-67.857,4.525],[-67.839,4.557],[-67.845,4.645],[-67.818,4.707],[-67.839,4.943],[-67.806,5.054],[-67.854,5.135],[-67.824,5.196],[-67.824,5.251],[-67.847,5.27],[-67.85,5.304],[-67.814,5.343],[-67.849,5.349],[-67.852,5.378],[-67.912,5.362],[-67.955,5.302],[-67.987,5.364],[-68.021,5.356],[-68.063,5.393],[-68.058,5.36],[-68.089,5.377],[-68.096,5.433],[-68.121,5.437],[-68.105,5.411],[-68.129,5.405],[-68.147,5.43],[-68.203,5.432],[-68.175,5.4],[-68.188,5.388],[-68.256,5.467],[-68.272,5.467],[-68.265,5.428],[-68.285,5.428],[-68.306,5.469],[-68.33,5.473],[-68.328,5.503],[-68.376,5.513],[-68.387,5.544],[-68.415,5.521],[-68.429,5.539],[-68.464,5.525],[-68.473,5.564],[-68.52,5.549],[-68.519,5.507],[-68.537,5.504],[-68.557,5.539],[-68.585,5.512],[-68.63,5.511],[-68.639,5.45],[-68.681,5.485],[-68.691,5.436],[-68.709,5.452],[-68.75,5.393],[-68.789,5.42],[-68.804,5.402],[-68.847,5.417],[-68.847,5.384],[-68.866,5.395],[-68.887,5.394],[-68.873,5.387],[-68.923,5.334],[-68.947,5.351],[-69.005,5.303],[-69.021,5.327],[-69.086,5.313],[-69.091,5.299],[-69.062,5.3],[-69.049,5.282],[-69.093,5.274],[-69.094,5.248],[-69.142,5.246],[-69.111,5.231],[-69.151,5.216],[-69.144,5.173],[-69.183,5.197],[-69.196,5.177],[-69.205,5.193],[-69.269,5.192],[-69.308,5.163],[-69.315,5.18],[-69.338,5.173],[-69.334,5.189],[-69.387,5.172],[-69.399,5.19],[-69.424,5.184],[-69.409,5.102],[-69.423,5.042],[-69.495,5.007],[-69.486,4.979],[-69.53,4.976],[-69.515,4.944],[-69.533,4.951],[-69.566,4.932],[-69.565,4.915],[-69.587,4.928],[-69.617,4.907],[-69.648,4.953],[-69.65,4.92],[-69.674,4.927],[-69.68,4.915],[-69.665,4.915],[-69.664,4.89],[-69.691,4.9],[-69.685,4.876],[-69.708,4.904],[-69.707,4.882],[-69.732,4.896],[-69.735,4.877],[-69.759,4.893],[-69.799,4.885],[-69.825,4.963],[-69.84,4.949],[-69.859,4.969],[-69.868,4.947],[-69.892,4.985],[-69.928,4.946],[-69.973,4.951],[-69.982,4.923],[-69.992,4.943],[-70.017,4.923],[-70.039,4.942],[-70.035,4.915],[-70.062,4.931],[-70.063,4.917],[-70.085,4.92],[-70.085,4.897],[-70.098,4.916],[-70.098,4.892],[-70.13,4.902],[-70.159,4.885],[-70.161,4.903],[-70.176,4.888],[-70.182,4.905]]]}},{"type":"Feature","properties":{"name":"Riosucio"},"geometry":{"type":"Polygon","coordinates":[[[-75.73,5.564],[-75.786,5.54],[-75.832,5.489],[-75.865,5.502],[-75.861,5.372],[-75.811,5.362],[-75.725,5.397],[-75.666,5.354],[-75.641,5.304],[-75.61,5.375],[-75.646,5.38],[-75.671,5.416],[-75.676,5.503],[-75.73,5.564]]]}},{"type":"Feature","properties":{"name":"Bajo Baudó (Pizarro)"},"geometry":{"type":"Polygon","coordinates":[[[-76.932,5.287],[-76.952,5.321],[-76.988,5.305],[-76.987,5.287],[-76.992,5.304],[-77.009,5.294],[-77.036,5.328],[-77.029,5.362],[-77.068,5.357],[-77.071,5.385],[-77.112,5.401],[-77.147,5.38],[-77.21,5.39],[-77.26,5.429],[-77.27,5.46],[-77.252,5.484],[-77.267,5.508],[-77.291,5.486],[-77.289,5.517],[-77.319,5.556],[-77.377,5.545],[-77.39,5.565],[-77.491,5.494],[-77.523,5.505],[-77.539,5.488],[-77.493,5.469],[-77.454,5.489],[-77.43,5.468],[-77.429,5.437],[-77.408,5.454],[-77.39,5.444],[-77.387,5.392],[-77.413,5.405],[-77.388,5.288],[-77.397,5.169],[-77.376,4.948],[-77.348,4.808],[-77.33,4.798],[-77.348,4.772],[-77.309,4.782],[-77.3,4.747],[-77.328,4.74],[-77.327,4.572],[-77.276,4.559],[-77.194,4.443],[-77.123,4.455],[-77.108,4.442],[-77.102,4.485],[-77.054,4.479],[-77.047,4.514],[-77.099,4.494],[-77.148,4.504],[-77.16,4.524],[-77.126,4.602],[-77.05,4.679],[-77.052,4.707],[-76.978,4.769],[-76.936,4.775],[-76.949,4.805],[-76.937,4.823],[-76.998,4.855],[-76.971,4.894],[-76.986,4.926],[-77.072,4.957],[-77.097,4.91],[-77.132,4.924],[-77.13,4.952],[-77.081,4.983],[-77.14,5.034],[-77.169,5.004],[-77.218,5.002],[-77.237,4.967],[-77.279,4.97],[-77.282,4.991],[-77.23,5.0],[-77.246,5.089],[-77.236,5.112],[-77.189,5.099],[-77.175,5.159],[-77.155,5.165],[-77.16,5.185],[-77.132,5.217],[-77.127,5.202],[-77.11,5.22],[-77.073,5.181],[-77.062,5.211],[-77.007,5.244],[-77.008,5.274],[-76.984,5.281],[-76.97,5.298],[-76.932,5.287]]]}},{"type":"Feature","properties":{"name":"Mistrató"},"geometry":{"type":"Polygon","coordinates":[[[-76.009,5.568],[-76.085,5.534],[-76.088,5.447],[-76.062,5.367],[-75.956,5.344],[-75.961,5.289],[-75.924,5.246],[-75.851,5.273],[-75.859,5.325],[-75.833,5.361],[-75.861,5.372],[-75.851,5.412],[-75.868,5.49],[-75.905,5.48],[-75.931,5.509],[-75.959,5.505],[-76.009,5.568]]]}},{"type":"Feature","properties":{"name":"Nuquí"},"geometry":{"type":"Polygon","coordinates":[[[-77.291,5.486],[-77.268,5.521],[-77.245,5.513],[-77.205,5.535],[-77.21,5.584],[-77.19,5.641],[-77.225,5.703],[-77.215,5.732],[-77.174,5.738],[-77.187,5.799],[-77.138,5.848],[-77.196,5.89],[-77.247,5.89],[-77.235,5.904],[-77.248,5.94],[-77.293,5.963],[-77.289,6.006],[-77.334,5.988],[-77.307,5.874],[-77.252,5.789],[-77.244,5.802],[-77.263,5.715],[-77.352,5.612],[-77.414,5.63],[-77.46,5.597],[-77.489,5.608],[-77.523,5.505],[-77.491,5.494],[-77.39,5.565],[-77.377,5.545],[-77.319,5.556],[-77.289,5.517],[-77.291,5.486]]]}},{"type":"Feature","properties":{"name":"El Carmen"},"geometry":{"type":"Polygon","coordinates":[[[-76.065,5.764],[-76.081,5.767],[-76.071,5.781],[-76.099,5.849],[-76.082,5.883],[-76.06,5.886],[-76.051,5.951],[-76.114,6.021],[-76.167,5.997],[-76.188,5.913],[-76.235,5.905],[-76.253,5.859],[-76.284,5.869],[-76.355,5.817],[-76.381,5.752],[-76.37,5.703],[-76.294,5.712],[-76.256,5.701],[-76.243,5.672],[-76.183,5.682],[-76.14,5.655],[-76.087,5.689],[-76.063,5.727],[-76.065,5.764]]]}},{"type":"Feature","properties":{"name":"Alto Baudó (Pie De Pato)"},"geometry":{"type":"Polygon","coordinates":[[[-76.861,5.388],[-76.895,5.441],[-76.874,5.518],[-76.886,5.557],[-76.913,5.544],[-76.946,5.451],[-76.968,5.49],[-76.951,5.707],[-77.005,5.748],[-77.037,5.939],[-77.071,5.963],[-77.089,5.952],[-77.125,6.033],[-77.18,6.048],[-77.214,6.018],[-77.276,6.029],[-77.293,5.963],[-77.248,5.94],[-77.235,5.904],[-77.247,5.89],[-77.196,5.89],[-77.138,5.848],[-77.187,5.799],[-77.174,5.738],[-77.222,5.719],[-77.189,5.615],[-77.21,5.584],[-77.205,5.535],[-77.245,5.513],[-77.268,5.521],[-77.25,5.479],[-77.27,5.46],[-77.26,5.429],[-77.192,5.38],[-77.17,5.396],[-77.147,5.38],[-77.122,5.403],[-77.072,5.386],[-77.068,5.357],[-77.029,5.362],[-77.036,5.328],[-77.009,5.294],[-76.992,5.304],[-76.987,5.287],[-76.988,5.305],[-76.952,5.321],[-76.932,5.279],[-76.906,5.283],[-76.861,5.388]]]}},{"type":"Feature","properties":{"name":"La Ceja"},"geometry":{"type":"Polygon","coordinates":[[[-75.416,5.902],[-75.419,5.981],[-75.36,6.031],[-75.373,6.054],[-75.417,6.069],[-75.445,6.06],[-75.458,6.001],[-75.508,5.956],[-75.485,5.935],[-75.447,5.935],[-75.448,5.915],[-75.416,5.902]]]}},{"type":"Feature","properties":{"name":"Caldas"},"geometry":{"type":"Polygon","coordinates":[[[-75.614,5.978],[-75.571,6.024],[-75.588,6.071],[-75.576,6.107],[-75.676,6.117],[-75.67,5.999],[-75.614,5.978]]]}},{"type":"Feature","properties":{"name":"Puerto Carreño"},"geometry":{"type":"Polygon","coordinates":[[[-68.817,5.419],[-68.75,5.393],[-68.709,5.452],[-68.691,5.436],[-68.681,5.485],[-68.639,5.45],[-68.63,5.511],[-68.585,5.512],[-68.557,5.539],[-68.537,5.504],[-68.519,5.507],[-68.52,5.549],[-68.473,5.564],[-68.464,5.525],[-68.429,5.539],[-68.415,5.521],[-68.387,5.544],[-68.376,5.513],[-68.328,5.503],[-68.33,5.473],[-68.306,5.469],[-68.285,5.428],[-68.265,5.428],[-68.272,5.467],[-68.256,5.467],[-68.188,5.388],[-68.175,5.4],[-68.203,5.432],[-68.147,5.43],[-68.129,5.405],[-68.105,5.411],[-68.121,5.437],[-68.096,5.433],[-68.089,5.377],[-68.058,5.36],[-68.063,5.393],[-68.021,5.356],[-67.987,5.364],[-67.955,5.302],[-67.888,5.372],[-67.852,5.378],[-67.849,5.349],[-67.814,5.343],[-67.625,5.475],[-67.599,5.544],[-67.62,5.566],[-67.638,5.675],[-67.597,5.828],[-67.531,5.906],[-67.41,5.997],[-67.493,6.128],[-67.457,6.195],[-67.547,6.266],[-67.586,6.262],[-67.625,6.291],[-67.762,6.291],[-67.81,6.324],[-67.93,6.236],[-68.027,6.196],[-68.078,6.227],[-68.142,6.229],[-68.257,6.197],[-68.307,6.163],[-68.449,6.188],[-68.51,6.179],[-68.542,6.149],[-68.588,6.166],[-68.644,6.129],[-68.687,6.132],[-68.706,6.152],[-68.793,6.147],[-68.814,6.173],[-68.817,5.419]]]}},{"type":"Feature","properties":{"name":"Quibdó"},"geometry":{"type":"Polygon","coordinates":[[[-76.716,6.171],[-76.723,6.237],[-76.757,6.253],[-76.749,6.28],[-76.783,6.29],[-76.778,6.329],[-76.805,6.347],[-76.83,6.333],[-76.836,6.29],[-76.898,6.236],[-76.95,6.235],[-77.03,6.296],[-77.076,6.231],[-77.051,6.205],[-77.057,6.156],[-77.126,6.094],[-77.14,6.037],[-77.122,6.031],[-77.089,5.952],[-77.071,5.963],[-77.037,5.939],[-77.006,5.751],[-76.951,5.707],[-76.938,5.662],[-76.893,5.682],[-76.836,5.66],[-76.804,5.686],[-76.694,5.672],[-76.678,5.688],[-76.663,5.682],[-76.679,5.652],[-76.652,5.621],[-76.601,5.661],[-76.55,5.661],[-76.525,5.693],[-76.439,5.689],[-76.397,5.741],[-76.373,5.723],[-76.381,5.752],[-76.355,5.817],[-76.284,5.869],[-76.253,5.859],[-76.235,5.905],[-76.188,5.913],[-76.173,5.936],[-76.16,6.004],[-76.192,6.06],[-76.209,6.185],[-76.238,6.208],[-76.417,6.037],[-76.442,6.036],[-76.467,6.005],[-76.522,6.007],[-76.529,5.965],[-76.589,5.934],[-76.588,5.909],[-76.68,5.872],[-76.709,5.883],[-76.725,5.834],[-76.849,5.815],[-76.925,5.892],[-76.929,5.959],[-76.903,5.996],[-76.92,5.994],[-76.937,6.032],[-76.971,6.041],[-76.988,6.018],[-76.97,6.096],[-76.938,6.149],[-76.872,6.119],[-76.836,6.136],[-76.802,6.116],[-76.754,6.132],[-76.716,6.171]]]}},{"type":"Feature","properties":{"name":"San Jerónimo"},"geometry":{"type":"Polygon","coordinates":[[[-75.78,6.42],[-75.717,6.361],[-75.669,6.373],[-75.644,6.415],[-75.661,6.455],[-75.645,6.494],[-75.678,6.508],[-75.733,6.491],[-75.764,6.468],[-75.78,6.42]]]}},{"type":"Feature","properties":{"name":"Barbosa"},"geometry":{"type":"Polygon","coordinates":[[[-75.307,6.392],[-75.244,6.436],[-75.217,6.487],[-75.323,6.513],[-75.394,6.443],[-75.448,6.436],[-75.404,6.365],[-75.346,6.397],[-75.307,6.392]]]}},{"type":"Feature","properties":{"name":"Santo Domingo"},"geometry":{"type":"Polygon","coordinates":[[[-75.02,6.54],[-75.065,6.535],[-75.08,6.507],[-75.087,6.537],[-75.208,6.555],[-75.263,6.508],[-75.217,6.487],[-75.242,6.448],[-75.197,6.449],[-75.173,6.419],[-75.088,6.393],[-75.033,6.418],[-75.108,6.487],[-75.091,6.476],[-75.06,6.494],[-75.022,6.518],[-75.02,6.54]]]}},{"type":"Feature","properties":{"name":"Urrao"},"geometry":{"type":"Polygon","coordinates":[[[-76.162,6.593],[-76.226,6.572],[-76.248,6.539],[-76.283,6.537],[-76.308,6.507],[-76.342,6.521],[-76.379,6.594],[-76.433,6.56],[-76.47,6.49],[-76.523,6.545],[-76.524,6.587],[-76.547,6.584],[-76.582,6.535],[-76.544,6.486],[-76.511,6.196],[-76.482,6.215],[-76.457,6.205],[-76.445,6.168],[-76.418,6.166],[-76.388,6.192],[-76.238,6.208],[-76.201,6.16],[-76.192,6.06],[-76.144,5.998],[-76.114,6.021],[-76.097,6.004],[-76.058,6.051],[-75.999,6.07],[-76.049,6.255],[-76.002,6.287],[-75.988,6.345],[-76.044,6.379],[-76.043,6.435],[-76.087,6.463],[-76.058,6.506],[-76.077,6.541],[-76.162,6.593]]]}},{"type":"Feature","properties":{"name":"Puerto Rondón"},"geometry":{"type":"Polygon","coordinates":[[[-70.655,6.485],[-70.667,6.536],[-70.684,6.53],[-70.725,6.589],[-70.759,6.57],[-70.817,6.576],[-70.819,6.594],[-70.882,6.625],[-70.878,6.526],[-70.904,6.555],[-70.93,6.543],[-70.958,6.562],[-70.989,6.544],[-71.104,6.557],[-71.175,6.556],[-71.185,6.541],[-71.306,6.589],[-71.338,6.569],[-71.268,6.506],[-71.277,6.3],[-71.217,6.298],[-71.158,6.263],[-71.093,6.279],[-71.06,6.255],[-71.035,6.266],[-70.985,6.229],[-70.896,6.236],[-70.868,6.222],[-70.861,6.239],[-70.797,6.253],[-70.724,6.217],[-70.655,6.485]]]}},{"type":"Feature","properties":{"name":"Santa Fe De Antioquia"},"geometry":{"type":"Polygon","coordinates":[[[-75.822,6.508],[-75.798,6.586],[-75.841,6.683],[-75.893,6.624],[-75.913,6.654],[-75.939,6.619],[-76.009,6.634],[-76.038,6.493],[-75.968,6.491],[-75.942,6.421],[-75.905,6.396],[-75.887,6.412],[-75.831,6.397],[-75.822,6.508]]]}},{"type":"Feature","properties":{"name":"Belmira"},"geometry":{"type":"Polygon","coordinates":[[[-75.65,6.502],[-75.595,6.503],[-75.564,6.53],[-75.662,6.637],[-75.633,6.669],[-75.588,6.67],[-75.612,6.703],[-75.599,6.755],[-75.635,6.795],[-75.677,6.744],[-75.727,6.798],[-75.718,6.636],[-75.655,6.539],[-75.65,6.502]]]}},{"type":"Feature","properties":{"name":"Liborina"},"geometry":{"type":"Polygon","coordinates":[[[-75.861,6.719],[-75.823,6.642],[-75.786,6.666],[-75.72,6.652],[-75.734,6.806],[-75.76,6.786],[-75.871,6.784],[-75.846,6.747],[-75.861,6.719]]]}},{"type":"Feature","properties":{"name":"Bahía Solano (Mutis)"},"geometry":{"type":"Polygon","coordinates":[[[-77.289,6.006],[-77.266,6.042],[-77.291,6.052],[-77.29,6.081],[-77.216,6.159],[-77.248,6.208],[-77.23,6.238],[-77.258,6.262],[-77.311,6.262],[-77.33,6.288],[-77.308,6.31],[-77.314,6.343],[-77.295,6.349],[-77.295,6.376],[-77.337,6.425],[-77.311,6.437],[-77.329,6.498],[-77.309,6.552],[-77.33,6.597],[-77.382,6.624],[-77.371,6.684],[-77.397,6.716],[-77.348,6.765],[-77.313,6.767],[-77.372,6.808],[-77.436,6.766],[-77.483,6.698],[-77.449,6.706],[-77.406,6.687],[-77.4,6.621],[-77.325,6.543],[-77.376,6.425],[-77.356,6.399],[-77.413,6.381],[-77.37,6.355],[-77.395,6.236],[-77.409,6.227],[-77.474,6.297],[-77.483,6.192],[-77.445,6.119],[-77.373,6.044],[-77.364,5.999],[-77.364,6.059],[-77.334,5.99],[-77.289,6.006]]]}},{"type":"Feature","properties":{"name":"Vigia Del Fuerte"},"geometry":{"type":"Polygon","coordinates":[[[-76.573,6.633],[-76.684,6.647],[-76.701,6.664],[-76.75,6.64],[-76.85,6.66],[-76.87,6.682],[-76.86,6.721],[-76.922,6.784],[-76.9,6.837],[-76.914,6.847],[-76.933,6.812],[-76.972,6.809],[-76.958,6.793],[-76.967,6.743],[-76.934,6.711],[-76.963,6.678],[-76.939,6.686],[-76.925,6.647],[-76.898,6.668],[-76.908,6.628],[-76.858,6.62],[-76.891,6.603],[-76.891,6.566],[-76.864,6.571],[-76.841,6.521],[-76.819,6.525],[-76.82,6.487],[-76.8,6.508],[-76.768,6.478],[-76.796,6.444],[-76.762,6.432],[-76.795,6.42],[-76.765,6.389],[-76.787,6.379],[-76.771,6.363],[-76.79,6.319],[-76.783,6.29],[-76.749,6.28],[-76.757,6.253],[-76.723,6.237],[-76.72,6.176],[-76.694,6.163],[-76.584,6.193],[-76.482,6.161],[-76.469,6.177],[-76.445,6.168],[-76.457,6.205],[-76.494,6.218],[-76.511,6.196],[-76.523,6.22],[-76.544,6.486],[-76.582,6.535],[-76.558,6.593],[-76.573,6.633]]]}},{"type":"Feature","properties":{"name":"Gómez Plata"},"geometry":{"type":"Polygon","coordinates":[[[-75.11,6.782],[-75.141,6.793],[-75.18,6.847],[-75.258,6.777],[-75.258,6.701],[-75.293,6.661],[-75.246,6.641],[-75.197,6.575],[-75.162,6.586],[-75.157,6.64],[-75.123,6.658],[-75.127,6.693],[-75.107,6.717],[-75.128,6.74],[-75.11,6.782]]]}},{"type":"Feature","properties":{"name":"Bojayá (Bellavista)"},"geometry":{"type":"Polygon","coordinates":[[[-77.14,6.037],[-77.126,6.094],[-77.057,6.156],[-77.051,6.205],[-77.076,6.231],[-77.038,6.293],[-76.95,6.235],[-76.898,6.236],[-76.836,6.29],[-76.824,6.341],[-76.771,6.363],[-76.787,6.379],[-76.767,6.395],[-76.795,6.42],[-76.762,6.432],[-76.796,6.444],[-76.768,6.478],[-76.8,6.508],[-76.82,6.487],[-76.819,6.525],[-76.841,6.521],[-76.864,6.571],[-76.891,6.566],[-76.891,6.603],[-76.858,6.62],[-76.908,6.628],[-76.898,6.668],[-76.925,6.647],[-76.939,6.686],[-76.964,6.682],[-76.934,6.711],[-76.967,6.743],[-76.958,6.793],[-76.972,6.809],[-76.933,6.812],[-76.902,6.864],[-77.084,6.817],[-77.112,6.775],[-77.138,6.818],[-77.189,6.835],[-77.2,6.775],[-77.264,6.787],[-77.323,6.757],[-77.348,6.765],[-77.397,6.716],[-77.371,6.684],[-77.382,6.624],[-77.33,6.597],[-77.309,6.552],[-77.329,6.498],[-77.311,6.437],[-77.337,6.425],[-77.295,6.376],[-77.295,6.349],[-77.314,6.343],[-77.308,6.31],[-77.33,6.288],[-77.311,6.262],[-77.258,6.262],[-77.23,6.238],[-77.248,6.208],[-77.216,6.159],[-77.29,6.081],[-77.291,6.052],[-77.271,6.05],[-77.267,6.024],[-77.22,6.017],[-77.19,6.046],[-77.14,6.037]]]}},{"type":"Feature","properties":{"name":"Santa Rosa De Osos"},"geometry":{"type":"Polygon","coordinates":[[[-75.576,6.893],[-75.602,6.862],[-75.642,6.87],[-75.614,6.808],[-75.626,6.774],[-75.613,6.782],[-75.599,6.755],[-75.612,6.703],[-75.567,6.665],[-75.542,6.679],[-75.524,6.668],[-75.538,6.648],[-75.497,6.612],[-75.517,6.594],[-75.508,6.564],[-75.46,6.517],[-75.428,6.545],[-75.396,6.518],[-75.395,6.542],[-75.315,6.549],[-75.271,6.573],[-75.208,6.555],[-75.197,6.583],[-75.21,6.607],[-75.363,6.728],[-75.379,6.774],[-75.427,6.786],[-75.489,6.768],[-75.574,6.853],[-75.576,6.893]]]}},{"type":"Feature","properties":{"name":"Guadalupe"},"geometry":{"type":"Polygon","coordinates":[[[-75.288,6.822],[-75.267,6.798],[-75.225,6.793],[-75.183,6.842],[-75.17,6.905],[-75.243,6.927],[-75.258,6.848],[-75.288,6.822]]]}},{"type":"Feature","properties":{"name":"Cañasgordas"},"geometry":{"type":"Polygon","coordinates":[[[-76.121,6.852],[-76.126,6.83],[-76.083,6.785],[-76.087,6.754],[-76.04,6.705],[-76.04,6.656],[-75.998,6.65],[-75.959,6.726],[-75.986,6.806],[-75.956,6.84],[-75.965,6.981],[-75.987,6.938],[-76.096,6.899],[-76.094,6.861],[-76.121,6.852]]]}},{"type":"Feature","properties":{"name":"Murindó"},"geometry":{"type":"Polygon","coordinates":[[[-76.578,6.695],[-76.619,6.748],[-76.576,6.786],[-76.56,6.885],[-76.513,6.926],[-76.525,6.963],[-76.544,6.962],[-76.547,7.003],[-76.572,6.98],[-76.593,7.012],[-76.645,7.008],[-76.676,7.03],[-76.835,6.999],[-76.843,6.988],[-76.819,6.976],[-76.828,6.956],[-76.8,6.949],[-76.786,6.876],[-76.831,6.859],[-76.818,6.838],[-76.835,6.829],[-76.878,6.852],[-76.922,6.784],[-76.86,6.721],[-76.865,6.671],[-76.75,6.64],[-76.701,6.664],[-76.684,6.647],[-76.573,6.633],[-76.578,6.695]]]}},{"type":"Feature","properties":{"name":"Arauquita"},"geometry":{"type":"Polygon","coordinates":[[[-71.67,6.875],[-71.338,6.569],[-71.306,6.589],[-71.185,6.541],[-71.175,6.556],[-71.104,6.557],[-70.989,6.544],[-70.958,6.562],[-70.93,6.543],[-70.904,6.555],[-70.868,6.529],[-70.885,6.623],[-70.958,6.649],[-71.043,6.84],[-71.208,6.869],[-71.089,6.983],[-71.113,6.991],[-71.103,7.007],[-71.129,7.032],[-71.228,7.027],[-71.241,7.012],[-71.264,7.032],[-71.37,7.015],[-71.425,7.039],[-71.452,7.01],[-71.465,7.042],[-71.48,7.015],[-71.498,7.036],[-71.589,7.017],[-71.588,7.055],[-71.693,7.037],[-71.67,6.875]]]}},{"type":"Feature","properties":{"name":"Saravena"},"geometry":{"type":"Polygon","coordinates":[[[-72.1,6.746],[-71.759,6.811],[-71.67,6.875],[-71.693,7.037],[-71.715,7.035],[-71.745,7.066],[-71.805,7.064],[-71.835,7.026],[-71.949,7.011],[-72.051,6.769],[-72.1,6.746]]]}},{"type":"Feature","properties":{"name":"Toledo"},"geometry":{"type":"Polygon","coordinates":[[[-75.687,7.084],[-75.766,7.062],[-75.736,6.927],[-75.703,6.937],[-75.658,7.026],[-75.687,7.084]]]}},{"type":"Feature","properties":{"name":"Arauca"},"geometry":{"type":"Polygon","coordinates":[[[-69.762,6.53],[-70.118,6.979],[-70.224,6.975],[-70.266,6.941],[-70.322,6.935],[-70.372,6.981],[-70.417,6.981],[-70.431,7.007],[-70.502,7.006],[-70.556,7.079],[-70.607,7.064],[-70.687,7.104],[-70.762,7.097],[-70.777,7.077],[-70.853,7.078],[-70.849,7.057],[-70.919,7.053],[-70.922,7.024],[-70.97,7.016],[-70.995,6.983],[-71.089,6.983],[-71.208,6.869],[-71.043,6.84],[-70.958,6.649],[-70.846,6.609],[-70.817,6.576],[-70.759,6.57],[-70.725,6.589],[-70.684,6.53],[-70.667,6.536],[-70.655,6.485],[-70.405,6.648],[-70.281,6.632],[-70.253,6.596],[-70.185,6.608],[-70.132,6.58],[-69.915,6.554],[-69.88,6.507],[-69.837,6.496],[-69.803,6.53],[-69.762,6.53]]]}},{"type":"Feature","properties":{"name":"Dabeiba"},"geometry":{"type":"Polygon","coordinates":[[[-75.982,7.001],[-75.967,7.131],[-76.013,7.158],[-76.061,7.171],[-76.102,7.138],[-76.135,7.149],[-76.157,7.127],[-76.434,7.191],[-76.456,7.135],[-76.507,7.139],[-76.531,7.094],[-76.548,6.997],[-76.513,6.926],[-76.56,6.885],[-76.576,6.786],[-76.614,6.736],[-76.578,6.695],[-76.521,6.765],[-76.429,6.745],[-76.439,6.812],[-76.426,6.856],[-76.316,6.775],[-76.299,6.78],[-76.275,6.809],[-76.299,6.874],[-76.289,6.9],[-76.225,6.92],[-76.234,6.963],[-76.171,6.959],[-76.155,6.978],[-76.073,6.94],[-75.982,7.001]]]}},{"type":"Feature","properties":{"name":"Girón"},"geometry":{"type":"Polygon","coordinates":[[[-73.551,7.164],[-73.452,7.139],[-73.38,7.068],[-73.347,7.065],[-73.343,7.041],[-73.297,7.021],[-73.176,6.884],[-73.099,6.918],[-73.09,6.94],[-73.117,6.971],[-73.117,7.043],[-73.135,7.061],[-73.123,7.082],[-73.148,7.077],[-73.172,7.099],[-73.144,7.156],[-73.157,7.216],[-73.159,7.163],[-73.184,7.138],[-73.204,7.042],[-73.26,7.053],[-73.26,7.083],[-73.305,7.121],[-73.318,7.11],[-73.392,7.158],[-73.427,7.153],[-73.435,7.181],[-73.46,7.159],[-73.551,7.164]]]}},{"type":"Feature","properties":{"name":"Bucaramanga"},"geometry":{"type":"Polygon","coordinates":[[[-73.057,7.185],[-73.09,7.216],[-73.082,7.267],[-73.137,7.209],[-73.157,7.216],[-73.144,7.156],[-73.165,7.087],[-73.123,7.082],[-73.125,7.068],[-73.078,7.12],[-73.061,7.115],[-73.047,7.139],[-73.065,7.146],[-73.057,7.185]]]}},{"type":"Feature","properties":{"name":"Amalfi"},"geometry":{"type":"Polygon","coordinates":[[[-74.91,7.232],[-74.914,7.288],[-74.931,7.293],[-74.933,7.254],[-75.059,7.063],[-75.064,6.998],[-75.171,6.91],[-75.18,6.881],[-75.173,6.825],[-75.141,6.793],[-75.026,6.749],[-75.048,6.796],[-75.027,6.835],[-74.922,6.748],[-74.907,6.814],[-74.874,6.85],[-74.879,6.938],[-74.855,6.945],[-74.838,6.992],[-74.858,7.047],[-74.836,7.094],[-74.848,7.165],[-74.876,7.224],[-74.91,7.232]]]}},{"type":"Feature","properties":{"name":"Yondó (Casabe)"},"geometry":{"type":"Polygon","coordinates":[[[-74.244,7.004],[-74.26,6.968],[-74.311,6.955],[-74.321,6.917],[-74.38,6.912],[-74.426,6.797],[-74.445,6.787],[-74.478,6.819],[-74.494,6.803],[-74.447,6.784],[-74.452,6.755],[-74.417,6.735],[-74.391,6.69],[-74.391,6.649],[-74.367,6.634],[-74.33,6.63],[-74.231,6.71],[-74.115,6.766],[-74.077,6.842],[-74.011,6.913],[-73.884,7.005],[-73.888,7.07],[-73.933,7.125],[-73.916,7.296],[-74.244,7.004]]]}},{"type":"Feature","properties":{"name":"Carmen Del Darién  (Curbaradó)"},"geometry":{"type":"Polygon","coordinates":[[[-77.313,6.767],[-77.264,6.787],[-77.2,6.775],[-77.189,6.835],[-77.138,6.818],[-77.112,6.775],[-77.084,6.817],[-76.991,6.829],[-76.91,6.864],[-76.9,6.829],[-76.878,6.852],[-76.835,6.829],[-76.818,6.838],[-76.831,6.859],[-76.786,6.88],[-76.8,6.949],[-76.828,6.956],[-76.819,6.976],[-76.843,6.988],[-76.835,6.999],[-76.676,7.03],[-76.645,7.008],[-76.593,7.012],[-76.57,6.98],[-76.547,7.003],[-76.525,7.106],[-76.585,7.137],[-76.645,7.207],[-76.642,7.227],[-76.669,7.237],[-76.66,7.251],[-76.762,7.314],[-76.84,7.295],[-76.854,7.229],[-76.877,7.21],[-76.902,7.294],[-77.005,7.286],[-76.997,7.251],[-77.111,7.19],[-77.082,7.163],[-77.095,7.146],[-77.145,7.129],[-77.181,7.085],[-77.195,7.108],[-77.262,7.081],[-77.302,7.014],[-77.416,6.924],[-77.405,6.872],[-77.353,6.845],[-77.362,6.806],[-77.313,6.767]]]}},{"type":"Feature","properties":{"name":"Labateca"},"geometry":{"type":"Polygon","coordinates":[[[-72.481,7.158],[-72.454,7.183],[-72.445,7.23],[-72.49,7.291],[-72.511,7.393],[-72.569,7.394],[-72.581,7.338],[-72.534,7.292],[-72.538,7.274],[-72.577,7.263],[-72.559,7.225],[-72.595,7.156],[-72.514,7.17],[-72.481,7.158]]]}},{"type":"Feature","properties":{"name":"Pamplona"},"geometry":{"type":"Polygon","coordinates":[[[-72.58,7.264],[-72.538,7.274],[-72.534,7.292],[-72.581,7.338],[-72.582,7.419],[-72.649,7.402],[-72.669,7.452],[-72.698,7.472],[-72.739,7.465],[-72.807,7.411],[-72.81,7.366],[-72.719,7.376],[-72.684,7.303],[-72.679,7.321],[-72.616,7.33],[-72.58,7.264]]]}},{"type":"Feature","properties":{"name":"Toledo"},"geometry":{"type":"Polygon","coordinates":[[[-72.048,7.038],[-72.174,7.258],[-72.154,7.328],[-72.198,7.387],[-72.3,7.391],[-72.326,7.376],[-72.353,7.396],[-72.45,7.398],[-72.493,7.463],[-72.535,7.489],[-72.551,7.464],[-72.596,7.457],[-72.557,7.422],[-72.569,7.394],[-72.511,7.393],[-72.49,7.291],[-72.445,7.23],[-72.454,7.183],[-72.481,7.158],[-72.443,7.153],[-72.392,7.102],[-72.373,7.11],[-72.318,7.058],[-72.29,6.997],[-72.272,7.013],[-72.252,7.007],[-72.245,6.977],[-72.221,6.986],[-72.177,7.056],[-72.122,7.028],[-72.048,7.038]]]}},{"type":"Feature","properties":{"name":"Juradó"},"geometry":{"type":"Polygon","coordinates":[[[-77.372,6.808],[-77.462,6.821],[-77.495,6.769],[-77.487,6.749],[-77.54,6.728],[-77.537,6.846],[-77.592,6.928],[-77.561,6.995],[-77.602,7.097],[-77.603,7.153],[-77.586,7.174],[-77.601,7.205],[-77.668,7.222],[-77.723,7.335],[-77.738,7.435],[-77.7,7.461],[-77.703,7.496],[-77.74,7.466],[-77.793,7.461],[-77.884,7.217],[-77.822,7.148],[-77.779,7.133],[-77.659,6.995],[-77.662,6.952],[-77.699,6.939],[-77.702,6.842],[-77.689,6.835],[-77.685,6.871],[-77.667,6.876],[-77.587,6.819],[-77.527,6.648],[-77.504,6.651],[-77.506,6.684],[-77.435,6.747],[-77.436,6.766],[-77.372,6.808]]]}},{"type":"Feature","properties":{"name":"Mutatá"},"geometry":{"type":"Polygon","coordinates":[[[-76.601,7.464],[-76.682,7.468],[-76.66,7.444],[-76.619,7.316],[-76.579,7.304],[-76.53,7.255],[-76.485,7.135],[-76.456,7.135],[-76.434,7.191],[-76.353,7.179],[-76.317,7.153],[-76.218,7.15],[-76.492,7.549],[-76.559,7.53],[-76.601,7.464]]]}},{"type":"Feature","properties":{"name":"Bochalema"},"geometry":{"type":"Polygon","coordinates":[[[-72.743,7.624],[-72.707,7.525],[-72.639,7.564],[-72.63,7.642],[-72.576,7.722],[-72.592,7.746],[-72.581,7.761],[-72.633,7.739],[-72.641,7.69],[-72.681,7.641],[-72.743,7.624]]]}},{"type":"Feature","properties":{"name":"Durania"},"geometry":{"type":"Polygon","coordinates":[[[-72.696,7.634],[-72.646,7.681],[-72.621,7.746],[-72.611,7.787],[-72.639,7.842],[-72.711,7.807],[-72.732,7.708],[-72.695,7.686],[-72.696,7.634]]]}},{"type":"Feature","properties":{"name":"Cáchira"},"geometry":{"type":"Polygon","coordinates":[[[-73.049,7.606],[-73.034,7.623],[-72.982,7.62],[-72.953,7.658],[-72.999,7.715],[-72.995,7.758],[-73.018,7.776],[-73.008,7.795],[-73.032,7.833],[-73.023,7.852],[-73.046,7.868],[-73.08,7.778],[-73.115,7.775],[-73.153,7.81],[-73.178,7.738],[-73.27,7.696],[-73.323,7.565],[-73.37,7.563],[-73.355,7.544],[-73.288,7.549],[-73.255,7.533],[-73.259,7.587],[-73.219,7.632],[-73.049,7.606]]]}},{"type":"Feature","properties":{"name":"Los Patios"},"geometry":{"type":"Polygon","coordinates":[[[-72.528,7.638],[-72.488,7.76],[-72.507,7.776],[-72.476,7.811],[-72.496,7.869],[-72.521,7.835],[-72.532,7.755],[-72.588,7.698],[-72.582,7.669],[-72.564,7.681],[-72.562,7.66],[-72.528,7.638]]]}},{"type":"Feature","properties":{"name":"Carepa"},"geometry":{"type":"Polygon","coordinates":[[[-76.491,7.72],[-76.464,7.858],[-76.48,7.882],[-76.515,7.882],[-76.518,7.835],[-76.556,7.769],[-76.629,7.805],[-76.656,7.788],[-76.681,7.8],[-76.751,7.88],[-76.779,7.884],[-76.82,7.841],[-76.808,7.766],[-76.71,7.721],[-76.65,7.712],[-76.612,7.736],[-76.491,7.72]]]}},{"type":"Feature","properties":{"name":"Riosucio"},"geometry":{"type":"Polygon","coordinates":[[[-77.362,6.809],[-77.353,6.845],[-77.405,6.872],[-77.416,6.924],[-77.302,7.014],[-77.262,7.081],[-77.195,7.108],[-77.181,7.085],[-77.145,7.129],[-77.095,7.146],[-77.082,7.163],[-77.111,7.19],[-76.997,7.251],[-77.005,7.286],[-76.902,7.294],[-76.877,7.21],[-76.854,7.229],[-76.84,7.295],[-76.762,7.314],[-76.66,7.251],[-76.669,7.237],[-76.642,7.227],[-76.645,7.207],[-76.585,7.137],[-76.525,7.106],[-76.507,7.139],[-76.484,7.133],[-76.53,7.255],[-76.579,7.304],[-76.619,7.316],[-76.662,7.449],[-76.801,7.572],[-76.944,7.589],[-76.96,7.64],[-77.122,7.788],[-77.126,7.83],[-77.099,7.824],[-77.075,7.847],[-77.095,7.919],[-77.179,7.957],[-77.159,7.933],[-77.175,7.917],[-77.257,7.92],[-77.325,7.896],[-77.369,7.828],[-77.339,7.766],[-77.391,7.76],[-77.443,7.657],[-77.47,7.651],[-77.489,7.57],[-77.525,7.572],[-77.563,7.507],[-77.607,7.541],[-77.644,7.649],[-77.68,7.683],[-77.729,7.695],[-77.746,7.664],[-77.747,7.605],[-77.701,7.506],[-77.7,7.461],[-77.738,7.435],[-77.735,7.372],[-77.668,7.222],[-77.601,7.205],[-77.586,7.174],[-77.603,7.153],[-77.602,7.097],[-77.561,6.995],[-77.592,6.928],[-77.537,6.846],[-77.54,6.728],[-77.487,6.749],[-77.495,6.769],[-77.458,6.823],[-77.362,6.809]]]}},{"type":"Feature","properties":{"name":"Gramalote"},"geometry":{"type":"Polygon","coordinates":[[[-72.896,7.904],[-72.836,7.855],[-72.832,7.827],[-72.76,7.848],[-72.775,7.937],[-72.754,8.018],[-72.769,8.0],[-72.794,8.006],[-72.819,7.923],[-72.896,7.904]]]}},{"type":"Feature","properties":{"name":"Puerto Libertador"},"geometry":{"type":"Polygon","coordinates":[[[-75.672,7.597],[-75.695,7.638],[-75.661,7.749],[-75.601,7.76],[-75.582,7.792],[-75.598,7.842],[-75.586,7.901],[-75.556,7.937],[-75.51,7.946],[-75.585,8.014],[-75.631,8.0],[-75.677,8.028],[-75.693,8.015],[-75.697,8.034],[-75.733,8.017],[-75.762,7.967],[-75.791,7.975],[-75.781,7.95],[-75.807,7.92],[-75.829,7.922],[-75.853,7.883],[-75.853,7.845],[-75.819,7.836],[-75.856,7.767],[-75.853,7.712],[-75.956,7.507],[-75.996,7.481],[-75.966,7.357],[-75.845,7.347],[-75.818,7.416],[-75.825,7.442],[-75.788,7.46],[-75.765,7.602],[-75.743,7.612],[-75.712,7.581],[-75.672,7.597]]]}},{"type":"Feature","properties":{"name":"Apartadó"},"geometry":{"type":"Polygon","coordinates":[[[-76.425,8.073],[-76.551,7.952],[-76.653,7.916],[-76.68,7.932],[-76.74,7.917],[-76.753,7.879],[-76.681,7.8],[-76.656,7.788],[-76.629,7.805],[-76.619,7.787],[-76.551,7.77],[-76.515,7.882],[-76.464,7.87],[-76.421,7.912],[-76.425,8.073]]]}},{"type":"Feature","properties":{"name":"Caucasia"},"geometry":{"type":"Polygon","coordinates":[[[-74.783,7.725],[-74.806,7.784],[-74.824,7.768],[-74.924,7.81],[-74.924,7.848],[-74.945,7.86],[-74.926,7.9],[-74.908,7.911],[-74.9,7.906],[-74.895,7.911],[-74.95,7.987],[-74.935,8.029],[-74.911,8.027],[-74.913,8.1],[-74.928,8.075],[-74.968,8.091],[-75.047,8.042],[-75.093,8.071],[-75.125,8.04],[-75.134,8.054],[-75.189,8.045],[-75.22,8.068],[-75.247,8.042],[-75.244,8.008],[-75.309,7.947],[-75.337,7.948],[-75.326,7.904],[-75.301,7.913],[-75.293,7.89],[-75.259,7.884],[-75.254,7.919],[-75.204,7.958],[-75.17,7.917],[-75.185,7.849],[-75.166,7.801],[-75.117,7.804],[-75.11,7.785],[-75.034,7.771],[-75.043,7.612],[-75.014,7.577],[-74.973,7.622],[-74.939,7.62],[-74.905,7.684],[-74.877,7.695],[-74.842,7.668],[-74.794,7.692],[-74.783,7.725]]]}},{"type":"Feature","properties":{"name":"Bucarasica"},"geometry":{"type":"Polygon","coordinates":[[[-73.002,8.1],[-72.975,8.093],[-72.99,8.069],[-72.968,8.04],[-72.973,7.979],[-72.878,7.995],[-72.837,8.053],[-72.876,8.132],[-72.963,8.188],[-73.014,8.155],[-73.002,8.1]]]}},{"type":"Feature","properties":{"name":"El Zulia"},"geometry":{"type":"Polygon","coordinates":[[[-72.588,7.919],[-72.587,8.099],[-72.547,8.121],[-72.529,8.163],[-72.525,8.213],[-72.555,8.211],[-72.561,8.227],[-72.547,8.286],[-72.617,8.274],[-72.597,8.244],[-72.648,8.221],[-72.65,8.151],[-72.687,8.137],[-72.693,8.077],[-72.712,8.048],[-72.741,8.042],[-72.76,7.983],[-72.76,7.969],[-72.682,7.978],[-72.712,7.934],[-72.682,7.936],[-72.656,7.907],[-72.588,7.919]]]}},{"type":"Feature","properties":{"name":"Tierralta"},"geometry":{"type":"Polygon","coordinates":[[[-76.515,7.587],[-76.454,7.503],[-76.414,7.416],[-76.381,7.392],[-76.055,7.365],[-76.031,7.483],[-75.996,7.5],[-75.953,7.563],[-75.944,7.622],[-75.974,7.677],[-75.954,7.725],[-75.968,7.839],[-76.002,7.857],[-76.009,7.923],[-75.981,7.948],[-75.958,8.038],[-75.927,8.032],[-75.893,8.076],[-75.88,8.061],[-75.844,8.087],[-75.836,8.146],[-75.752,8.238],[-75.777,8.309],[-75.818,8.316],[-75.847,8.269],[-75.871,8.274],[-75.872,8.317],[-75.891,8.328],[-76.063,8.332],[-76.047,8.269],[-76.072,8.267],[-76.045,8.219],[-76.064,8.214],[-76.062,8.179],[-76.094,8.173],[-76.109,8.143],[-76.187,8.151],[-76.244,8.08],[-76.334,8.039],[-76.377,8.05],[-76.405,8.024],[-76.421,7.912],[-76.464,7.87],[-76.497,7.75],[-76.486,7.689],[-76.515,7.587]]]}},{"type":"Feature","properties":{"name":"Unguía"},"geometry":{"type":"Polygon","coordinates":[[[-77.075,7.847],[-77.029,7.885],[-76.995,8.023],[-76.938,8.068],[-76.949,8.172],[-76.98,8.255],[-77.036,8.253],[-77.078,8.318],[-77.093,8.307],[-77.125,8.35],[-77.157,8.284],[-77.222,8.294],[-77.247,8.27],[-77.302,8.272],[-77.251,8.187],[-77.257,8.158],[-77.227,8.136],[-77.217,8.088],[-77.234,8.025],[-77.166,7.974],[-77.174,7.951],[-77.095,7.919],[-77.075,7.847]]]}},{"type":"Feature","properties":{"name":"Ocaña"},"geometry":{"type":"MultiPolygon","coordinates":[[[[-73.348,8.392],[-73.435,8.145],[-73.378,8.106],[-73.367,8.013],[-73.31,8.016],[-73.326,8.101],[-73.28,8.133],[-73.293,8.176],[-73.259,8.225],[-73.278,8.251],[-73.259,8.26],[-73.25,8.31],[-73.279,8.31],[-73.27,8.324],[-73.299,8.343],[-73.274,8.39],[-73.311,8.37],[-73.324,8.406],[-73.348,8.392]]],[[[-73.488,8.384],[-73.442,8.341],[-73.434,8.365],[-73.396,8.377],[-73.411,8.43],[-73.469,8.402],[-73.475,8.423],[-73.493,8.422],[-73.53,8.381],[-73.488,8.384]]]]}},{"type":"Feature","properties":{"name":"Turbo"},"geometry":{"type":"Polygon","coordinates":[[[-76.81,7.771],[-76.824,7.818],[-76.804,7.869],[-76.755,7.876],[-76.74,7.917],[-76.68,7.932],[-76.653,7.916],[-76.551,7.952],[-76.409,8.074],[-76.412,8.176],[-76.395,8.216],[-76.409,8.231],[-76.389,8.318],[-76.405,8.352],[-76.395,8.389],[-76.426,8.424],[-76.399,8.474],[-76.439,8.445],[-76.432,8.362],[-76.585,8.399],[-76.621,8.33],[-76.684,8.307],[-76.686,8.275],[-76.702,8.287],[-76.737,8.262],[-76.772,8.27],[-76.738,8.17],[-76.756,8.121],[-76.736,8.099],[-76.742,8.093],[-76.744,8.065],[-76.736,8.093],[-76.715,8.062],[-76.745,8.019],[-76.727,7.982],[-76.768,7.91],[-76.862,7.901],[-76.922,7.918],[-76.925,8.025],[-76.89,8.045],[-76.875,8.021],[-76.834,8.02],[-76.872,8.053],[-76.83,8.05],[-76.873,8.068],[-76.822,8.094],[-76.855,8.091],[-76.854,8.12],[-76.813,8.132],[-76.894,8.132],[-76.889,8.114],[-76.932,8.092],[-76.95,8.145],[-76.91,8.191],[-76.944,8.211],[-76.935,8.189],[-76.957,8.185],[-76.969,8.243],[-76.942,8.249],[-76.98,8.255],[-76.967,8.192],[-76.949,8.172],[-76.956,8.123],[-76.939,8.063],[-76.996,8.021],[-77.031,7.88],[-77.095,7.825],[-77.126,7.83],[-77.122,7.788],[-76.96,7.64],[-76.936,7.583],[-76.826,7.581],[-76.682,7.468],[-76.644,7.468],[-76.714,7.594],[-76.766,7.606],[-76.763,7.621],[-76.798,7.641],[-76.788,7.659],[-76.82,7.665],[-76.81,7.771]]]}},{"type":"Feature","properties":{"name":"Acandí"},"geometry":{"type":"Polygon","coordinates":[[[-77.078,8.318],[-77.131,8.412],[-77.249,8.472],[-77.275,8.507],[-77.288,8.575],[-77.365,8.656],[-77.359,8.675],[-77.371,8.677],[-77.365,8.641],[-77.408,8.645],[-77.391,8.585],[-77.419,8.588],[-77.41,8.566],[-77.437,8.563],[-77.456,8.509],[-77.448,8.473],[-77.402,8.476],[-77.359,8.401],[-77.355,8.317],[-77.333,8.273],[-77.247,8.27],[-77.222,8.294],[-77.157,8.284],[-77.125,8.35],[-77.093,8.307],[-77.078,8.318]]]}},{"type":"Feature","properties":{"name":"Necoclí"},"geometry":{"type":"Polygon","coordinates":[[[-76.628,8.72],[-76.645,8.674],[-76.677,8.659],[-76.885,8.623],[-76.891,8.592],[-76.938,8.553],[-76.927,8.526],[-76.922,8.527],[-76.915,8.531],[-76.907,8.532],[-76.915,8.535],[-76.923,8.527],[-76.935,8.548],[-76.825,8.497],[-76.788,8.421],[-76.768,8.414],[-76.753,8.329],[-76.774,8.267],[-76.737,8.262],[-76.702,8.287],[-76.686,8.275],[-76.684,8.307],[-76.621,8.33],[-76.585,8.399],[-76.5,8.389],[-76.478,8.361],[-76.425,8.369],[-76.445,8.391],[-76.436,8.455],[-76.477,8.433],[-76.48,8.495],[-76.566,8.572],[-76.571,8.636],[-76.605,8.646],[-76.604,8.691],[-76.624,8.694],[-76.628,8.72]]]}},{"type":"Feature","properties":{"name":"Arboletes"},"geometry":{"type":"Polygon","coordinates":[[[-76.565,8.611],[-76.566,8.572],[-76.48,8.495],[-76.477,8.433],[-76.406,8.477],[-76.397,8.454],[-76.33,8.445],[-76.307,8.521],[-76.32,8.546],[-76.286,8.595],[-76.255,8.594],[-76.251,8.611],[-76.281,8.649],[-76.314,8.656],[-76.346,8.64],[-76.368,8.721],[-76.42,8.755],[-76.381,8.794],[-76.414,8.874],[-76.486,8.819],[-76.47,8.795],[-76.483,8.768],[-76.428,8.734],[-76.45,8.69],[-76.476,8.676],[-76.49,8.694],[-76.491,8.662],[-76.518,8.632],[-76.546,8.604],[-76.565,8.611]]]}},{"type":"Feature","properties":{"name":"Cartagena De Indias"},"geometry":{"type":"MultiPolygon","coordinates":[[[[-75.346,10.585],[-75.342,10.631],[-75.308,10.636],[-75.291,10.66],[-75.294,10.703],[-75.394,10.683],[-75.452,10.628],[-75.461,10.59],[-75.513,10.571],[-75.493,10.485],[-75.554,10.425],[-75.566,10.397],[-75.545,10.39],[-75.555,10.398],[-75.546,10.412],[-75.552,10.419],[-75.549,10.422],[-75.524,10.405],[-75.537,10.394],[-75.509,10.374],[-75.503,10.301],[-75.53,10.304],[-75.544,10.281],[-75.532,10.28],[-75.561,10.263],[-75.588,10.296],[-75.584,10.262],[-75.622,10.251],[-75.588,10.236],[-75.586,10.226],[-75.604,10.237],[-75.654,10.164],[-75.701,10.135],[-75.669,10.138],[-75.637,10.188],[-75.542,10.244],[-75.523,10.236],[-75.547,10.229],[-75.525,10.221],[-75.521,10.173],[-75.534,10.176],[-75.504,10.162],[-75.517,10.21],[-75.489,10.215],[-75.483,10.24],[-75.501,10.246],[-75.5,10.252],[-75.486,10.284],[-75.471,10.274],[-75.483,10.319],[-75.442,10.311],[-75.476,10.364],[-75.452,10.395],[-75.425,10.396],[-75.44,10.415],[-75.416,10.439],[-75.405,10.509],[-75.39,10.536],[-75.371,10.533],[-75.387,10.551],[-75.346,10.585]]],[[[-75.575,10.381],[-75.593,10.348],[-75.582,10.318],[-75.574,10.342],[-75.538,10.349],[-75.575,10.381]]],[[[-76.179,9.378],[-76.176,9.399],[-76.191,9.385],[-76.179,9.378]]],[[[-75.724,10.181],[-75.749,10.183],[-75.747,10.172],[-75.724,10.181]]],[[[-75.869,9.781],[-75.875,9.783],[-75.876,9.78],[-75.869,9.781]]],[[[-75.859,9.786],[-75.86,9.786],[-75.859,9.785],[-75.859,9.786]]]]}},{"type":"Feature","properties":{"name":"Pueblo Bello"},"geometry":{"type":"Polygon","coordinates":[[[-73.734,10.351],[-73.721,10.33],[-73.689,10.342],[-73.655,10.319],[-73.633,10.336],[-73.514,10.331],[-73.442,10.354],[-73.454,10.373],[-73.438,10.391],[-73.495,10.473],[-73.471,10.499],[-73.501,10.524],[-73.52,10.596],[-73.519,10.723],[-73.562,10.741],[-73.563,10.716],[-73.586,10.714],[-73.613,10.666],[-73.594,10.602],[-73.613,10.564],[-73.57,10.542],[-73.563,10.504],[-73.64,10.501],[-73.659,10.455],[-73.703,10.464],[-73.704,10.43],[-73.74,10.436],[-73.79,10.397],[-73.777,10.35],[-73.734,10.351]]]}},{"type":"Feature","properties":{"name":"Valledupar"},"geometry":{"type":"Polygon","coordinates":[[[-73.599,10.836],[-73.639,10.788],[-73.589,10.782],[-73.542,10.755],[-73.562,10.741],[-73.519,10.723],[-73.52,10.596],[-73.501,10.524],[-73.471,10.499],[-73.495,10.473],[-73.438,10.391],[-73.454,10.373],[-73.442,10.354],[-73.514,10.331],[-73.633,10.336],[-73.655,10.319],[-73.689,10.342],[-73.721,10.33],[-73.734,10.351],[-73.749,10.312],[-73.813,10.257],[-73.794,10.228],[-73.8,10.166],[-73.755,10.151],[-73.794,10.128],[-73.803,10.081],[-73.839,10.046],[-73.796,10.051],[-73.756,9.993],[-73.731,9.909],[-73.743,9.911],[-73.737,9.84],[-73.65,9.831],[-73.651,9.856],[-73.64,9.824],[-73.618,9.819],[-73.587,9.872],[-73.59,9.925],[-73.567,9.939],[-73.537,10.015],[-73.499,10.022],[-73.483,10.064],[-73.425,10.091],[-73.379,10.161],[-73.265,10.258],[-73.278,10.267],[-73.243,10.307],[-73.25,10.344],[-73.222,10.369],[-73.234,10.387],[-73.186,10.434],[-73.138,10.53],[-73.099,10.55],[-73.076,10.636],[-73.162,10.71],[-73.204,10.704],[-73.222,10.734],[-73.278,10.726],[-73.251,10.804],[-73.29,10.862],[-73.313,10.846],[-73.337,10.862],[-73.479,10.867],[-73.599,10.836]]]}},{"type":"Feature","properties":{"name":"Aracataca"},"geometry":{"type":"Polygon","coordinates":[[[-74.12,10.633],[-74.209,10.665],[-74.258,10.665],[-74.223,10.604],[-74.192,10.586],[-74.188,10.554],[-74.216,10.536],[-74.172,10.509],[-74.138,10.512],[-74.135,10.485],[-74.088,10.467],[-74.08,10.437],[-74.031,10.426],[-73.984,10.447],[-73.966,10.489],[-73.921,10.492],[-73.91,10.516],[-73.865,10.501],[-73.734,10.571],[-73.715,10.565],[-73.652,10.615],[-73.654,10.64],[-73.617,10.645],[-73.594,10.705],[-73.563,10.716],[-73.542,10.755],[-73.639,10.788],[-73.599,10.836],[-73.66,10.826],[-73.754,10.879],[-73.808,10.854],[-73.829,10.807],[-73.898,10.753],[-74.083,10.653],[-74.102,10.608],[-74.12,10.633]]]}},{"type":"Feature","properties":{"name":"Santa Rosalía"},"geometry":{"type":"Polygon","coordinates":[[[-71.078,4.899],[-71.076,4.725],[-71.012,4.749],[-70.975,4.734],[-70.973,4.777],[-70.9,4.818],[-70.829,4.811],[-70.801,4.784],[-70.764,4.816],[-70.704,4.816],[-70.685,4.775],[-70.616,4.768],[-70.474,4.709],[-70.437,4.725],[-70.445,4.745],[-70.417,4.768],[-70.346,4.75],[-70.325,4.787],[-70.281,4.801],[-70.257,4.834],[-70.232,4.829],[-70.197,4.884],[-70.652,5.374],[-70.682,5.357],[-70.674,5.315],[-70.695,5.282],[-70.862,5.144],[-70.95,5.118],[-71.002,4.981],[-71.078,4.899]]]}},{"type":"Feature","properties":{"name":"Cúcuta"},"geometry":{"type":"Polygon","coordinates":[[[-72.428,8.381],[-72.481,8.43],[-72.502,8.399],[-72.523,8.399],[-72.534,8.31],[-72.576,8.372],[-72.588,8.329],[-72.603,8.328],[-72.607,8.283],[-72.547,8.286],[-72.559,8.213],[-72.525,8.213],[-72.538,8.133],[-72.586,8.102],[-72.592,8.052],[-72.59,7.892],[-72.542,7.883],[-72.586,7.832],[-72.561,7.799],[-72.592,7.746],[-72.576,7.722],[-72.532,7.755],[-72.5,7.868],[-72.487,7.858],[-72.464,7.877],[-72.457,7.911],[-72.488,7.944],[-72.419,7.995],[-72.416,8.033],[-72.383,8.034],[-72.349,8.005],[-72.351,8.083],[-72.374,8.105],[-72.353,8.158],[-72.394,8.253],[-72.384,8.278],[-72.411,8.269],[-72.417,8.312],[-72.446,8.324],[-72.433,8.36],[-72.447,8.366],[-72.428,8.381]]]}},{"type":"Feature","properties":{"name":"Dosquebradas"},"geometry":{"type":"Polygon","coordinates":[[[-75.646,4.792],[-75.628,4.843],[-75.651,4.883],[-75.689,4.889],[-75.713,4.863],[-75.715,4.82],[-75.646,4.792]]]}},{"type":"Feature","properties":{"name":"Nobsa"},"geometry":{"type":"Polygon","coordinates":[[[-72.877,5.794],[-72.953,5.808],[-72.986,5.787],[-72.955,5.745],[-72.875,5.771],[-72.877,5.794]]]}},{"type":"Feature","properties":{"name":"Tibasosa"},"geometry":{"type":"Polygon","coordinates":[[[-72.994,5.807],[-73.068,5.747],[-73.059,5.687],[-73.024,5.724],[-72.947,5.714],[-72.945,5.746],[-72.97,5.754],[-72.994,5.807]]]}},{"type":"Feature","properties":{"name":"Candelaria"},"geometry":{"type":"Polygon","coordinates":[[[-76.343,3.281],[-76.341,3.313],[-76.318,3.303],[-76.3,3.366],[-76.333,3.392],[-76.318,3.389],[-76.281,3.47],[-76.476,3.452],[-76.46,3.428],[-76.46,3.329],[-76.343,3.281]]]}},{"type":"Feature","properties":{"name":"Cartago"},"geometry":{"type":"Polygon","coordinates":[[[-75.827,4.66],[-75.857,4.709],[-75.848,4.777],[-75.908,4.752],[-75.929,4.769],[-75.92,4.8],[-75.961,4.806],[-75.954,4.782],[-75.972,4.784],[-76.017,4.666],[-75.935,4.655],[-75.866,4.613],[-75.827,4.66]]]}},{"type":"Feature","properties":{"name":"Hato Corozal"},"geometry":{"type":"Polygon","coordinates":[[[-70.72,6.221],[-70.768,6.228],[-70.797,6.253],[-70.861,6.239],[-70.868,6.222],[-70.896,6.236],[-70.985,6.229],[-71.035,6.266],[-71.06,6.255],[-71.093,6.279],[-71.158,6.263],[-71.222,6.298],[-71.234,6.264],[-71.268,6.285],[-71.272,6.261],[-71.298,6.272],[-71.349,6.229],[-71.414,6.243],[-71.421,6.225],[-71.448,6.246],[-71.441,6.214],[-71.456,6.223],[-71.488,6.201],[-71.497,6.217],[-71.51,6.198],[-71.535,6.226],[-71.553,6.197],[-71.574,6.21],[-71.575,6.191],[-71.638,6.229],[-71.67,6.191],[-71.824,6.187],[-71.879,6.159],[-71.952,6.169],[-72.061,6.117],[-72.067,6.08],[-71.96,6.01],[-71.92,5.927],[-71.803,5.899],[-71.785,5.887],[-71.795,5.873],[-71.691,5.812],[-71.666,5.846],[-71.606,5.85],[-71.604,5.864],[-71.565,5.853],[-71.513,5.874],[-71.51,5.898],[-71.462,5.893],[-71.436,5.92],[-71.39,5.925],[-71.361,5.967],[-71.353,5.954],[-71.318,5.977],[-71.286,6.034],[-71.133,6.06],[-70.899,6.033],[-70.877,6.055],[-70.818,6.053],[-70.806,6.084],[-70.741,6.121],[-70.71,6.12],[-70.684,6.088],[-70.589,6.108],[-70.537,6.064],[-70.447,6.077],[-70.41,6.06],[-70.39,6.087],[-70.337,6.102],[-70.329,6.126],[-70.294,6.103],[-70.161,6.123],[-70.152,6.099],[-70.107,6.114],[-70.016,6.056],[-69.976,6.074],[-69.892,6.054],[-69.899,6.096],[-69.944,6.139],[-69.985,6.137],[-69.99,6.166],[-70.003,6.149],[-70.062,6.162],[-70.04,6.185],[-70.115,6.233],[-70.155,6.297],[-70.175,6.279],[-70.198,6.296],[-70.271,6.274],[-70.381,6.302],[-70.531,6.23],[-70.58,6.25],[-70.72,6.221]]]}},{"type":"Feature","properties":{"name":"San Fernando"},"geometry":{"type":"Polygon","coordinates":[[[-74.264,8.992],[-74.287,8.998],[-74.266,9.045],[-74.324,9.115],[-74.318,9.137],[-74.301,9.125],[-74.291,9.194],[-74.36,9.231],[-74.392,9.215],[-74.354,9.188],[-74.352,9.151],[-74.382,9.152],[-74.381,9.133],[-74.415,9.142],[-74.478,9.064],[-74.449,9.065],[-74.433,9.009],[-74.389,9.018],[-74.316,8.982],[-74.264,8.992]]]}},{"type":"Feature","properties":{"name":"Villanueva"},"geometry":{"type":"Polygon","coordinates":[[[-72.843,4.433],[-72.813,4.43],[-72.824,4.416],[-72.788,4.398],[-72.8,4.378],[-72.769,4.367],[-72.77,4.334],[-72.716,4.293],[-72.69,4.289],[-72.676,4.317],[-72.617,4.31],[-72.674,4.345],[-72.664,4.423],[-72.745,4.481],[-72.74,4.539],[-72.766,4.616],[-72.755,4.631],[-72.785,4.655],[-72.779,4.684],[-72.857,4.719],[-72.984,4.661],[-73.04,4.677],[-72.968,4.599],[-72.938,4.523],[-72.843,4.433]]]}},{"type":"Feature","properties":{"name":"Colón"},"geometry":{"type":"Polygon","coordinates":[[[-77.021,1.196],[-76.966,1.157],[-76.928,1.28],[-76.962,1.273],[-76.974,1.292],[-76.979,1.225],[-77.021,1.196]]]}},{"type":"Feature","properties":{"name":"Puerto Caicedo"},"geometry":{"type":"Polygon","coordinates":[[[-76.41,0.869],[-76.521,0.868],[-76.486,0.811],[-76.49,0.786],[-76.766,0.793],[-76.711,0.761],[-76.691,0.706],[-76.652,0.7],[-76.654,0.648],[-76.611,0.628],[-76.61,0.604],[-76.237,0.662],[-76.237,0.705],[-76.377,0.81],[-76.41,0.869]]]}},{"type":"Feature","properties":{"name":"Sibundoy"},"geometry":{"type":"Polygon","coordinates":[[[-76.933,1.285],[-76.966,1.157],[-76.955,1.155],[-76.889,1.173],[-76.871,1.203],[-76.894,1.256],[-76.883,1.3],[-76.904,1.298],[-76.904,1.321],[-76.933,1.285]]]}},{"type":"Feature","properties":{"name":"Santiago"},"geometry":{"type":"Polygon","coordinates":[[[-77.089,1.183],[-77.093,1.075],[-77.058,1.034],[-77.037,1.047],[-77.027,1.013],[-77.047,0.979],[-76.965,0.982],[-76.929,1.019],[-76.854,1.045],[-76.902,1.059],[-76.929,1.09],[-76.987,1.094],[-76.966,1.157],[-77.009,1.199],[-77.089,1.183]]]}},{"type":"Feature","properties":{"name":"Valle Del Guamuez"},"geometry":{"type":"Polygon","coordinates":[[[-76.759,0.491],[-76.794,0.513],[-76.845,0.478],[-76.976,0.485],[-76.999,0.492],[-77.021,0.558],[-77.099,0.411],[-77.088,0.394],[-77.112,0.383],[-77.08,0.287],[-77.056,0.285],[-77.038,0.324],[-77.012,0.325],[-77.025,0.359],[-77.0,0.384],[-76.99,0.354],[-76.96,0.35],[-76.947,0.383],[-76.862,0.354],[-76.842,0.303],[-76.761,0.342],[-76.657,0.331],[-76.692,0.506],[-76.759,0.491]]]}},{"type":"Feature","properties":{"name":"San Andrés"},"geometry":{"type":"Polygon","coordinates":[[[-81.704,12.595],[-81.732,12.555],[-81.73,12.48],[-81.708,12.572],[-81.687,12.581],[-81.704,12.595]]]}},{"type":"Feature","properties":{"name":"Puerto Nariño"},"geometry":{"type":"Polygon","coordinates":[[[-70.308,-3.812],[-70.314,-3.728],[-70.366,-3.69],[-70.336,-3.197],[-70.713,-3.795],[-70.685,-3.794],[-70.621,-3.84],[-70.573,-3.819],[-70.52,-3.88],[-70.47,-3.871],[-70.354,-3.8],[-70.308,-3.812]]]}},{"type":"Feature","properties":{"name":"Leticia"},"geometry":{"type":"Polygon","coordinates":[[[-70.308,-3.812],[-70.274,-3.832],[-70.248,-3.895],[-70.183,-3.929],[-70.167,-4.052],[-70.065,-4.081],[-69.956,-4.233],[-69.933,-4.22],[-69.714,-3.003],[-69.98,-3.003],[-70.003,-3.017],[-69.995,-3.045],[-70.018,-3.03],[-70.058,-3.047],[-70.039,-3.09],[-70.063,-3.104],[-70.101,-3.089],[-70.149,-3.14],[-70.147,-3.164],[-70.191,-3.175],[-70.198,-3.198],[-70.249,-3.178],[-70.318,-3.21],[-70.336,-3.197],[-70.366,-3.69],[-70.314,-3.728],[-70.308,-3.812]]]}},{"type":"Feature","properties":{"name":"Tarapacá"},"geometry":{"type":"Polygon","coordinates":[[[-69.714,-3.003],[-69.535,-2.003],[-70.497,-2.003],[-70.496,-2.477],[-70.47,-2.456],[-70.425,-2.532],[-70.367,-2.495],[-70.301,-2.505],[-70.305,-2.528],[-70.36,-2.545],[-70.358,-2.567],[-70.326,-2.583],[-70.245,-2.558],[-70.219,-2.656],[-70.195,-2.663],[-70.178,-2.633],[-70.166,-2.643],[-70.156,-2.717],[-70.113,-2.699],[-70.101,-2.662],[-70.078,-2.662],[-70.06,-2.76],[-70.336,-3.197],[-70.318,-3.21],[-70.249,-3.178],[-70.198,-3.198],[-70.191,-3.175],[-70.147,-3.164],[-70.149,-3.14],[-70.101,-3.089],[-70.063,-3.104],[-70.039,-3.09],[-70.058,-3.047],[-70.018,-3.03],[-69.995,-3.045],[-70.003,-3.017],[-69.98,-3.003],[-69.714,-3.003]]]}},{"type":"Feature","properties":{"name":"El Encanto"},"geometry":{"type":"Polygon","coordinates":[[[-73.492,-1.503],[-73.479,-1.529],[-73.498,-1.566],[-73.458,-1.576],[-73.51,-1.625],[-73.54,-1.687],[-73.534,-1.708],[-73.452,-1.749],[-73.431,-1.79],[-73.38,-1.781],[-73.315,-1.829],[-73.298,-1.825],[-73.306,-1.8],[-73.285,-1.781],[-73.245,-1.784],[-73.254,-1.809],[-73.231,-1.802],[-73.22,-1.75],[-73.185,-1.808],[-73.147,-1.805],[-73.155,-1.86],[-73.109,-1.884],[-73.13,-1.993],[-73.093,-2.04],[-73.114,-2.074],[-73.069,-2.088],[-73.117,-2.128],[-73.134,-2.181],[-73.172,-2.186],[-73.173,-2.221],[-73.123,-2.327],[-73.098,-2.327],[-73.057,-2.366],[-73.039,-2.328],[-73.002,-2.363],[-72.976,-2.345],[-72.934,-2.416],[-72.933,-2.458],[-72.831,-2.431],[-72.775,-2.394],[-72.751,-2.429],[-72.73,-2.421],[-72.729,-2.399],[-72.702,-2.398],[-72.682,-2.453],[-72.631,-2.36],[-72.518,-2.427],[-72.477,-2.421],[-72.433,-2.442],[-72.409,-2.416],[-72.398,-2.47],[-72.373,-2.493],[-72.296,-2.477],[-72.284,-2.454],[-72.255,-2.459],[-72.251,-2.432],[-72.222,-2.45],[-72.187,-2.436],[-72.157,-2.481],[-72.129,-2.414],[-72.049,-2.339],[-72.014,-2.369],[-71.959,-2.359],[-71.92,-2.381],[-71.926,-2.315],[-71.88,-2.312],[-71.833,-2.196],[-71.8,-2.208],[-71.769,-2.181],[-71.805,-2.149],[-71.843,-2.154],[-71.854,-2.175],[-71.882,-2.151],[-71.935,-2.164],[-71.919,-2.178],[-71.945,-2.187],[-71.958,-2.158],[-72.013,-2.133],[-72.093,-2.185],[-72.112,-2.154],[-72.085,-2.152],[-72.089,-2.094],[-72.114,-2.087],[-72.117,-2.129],[-72.132,-2.113],[-72.141,-2.128],[-72.143,-2.108],[-72.165,-2.125],[-72.184,-2.09],[-72.221,-2.109],[-72.213,-2.076],[-72.243,-2.09],[-72.253,-2.074],[-72.236,-2.028],[-72.249,-2.041],[-72.27,-2.023],[-72.256,-2.002],[-72.263,-1.971],[-72.263,-1.98],[-72.267,-1.985],[-72.289,-1.977],[-72.263,-1.951],[-72.282,-1.943],[-72.284,-1.911],[-72.346,-1.904],[-72.368,-1.862],[-72.373,-1.886],[-72.394,-1.879],[-72.389,-1.853],[-72.409,-1.86],[-72.403,-1.845],[-72.453,-1.845],[-72.459,-1.788],[-72.475,-1.819],[-72.503,-1.775],[-72.498,-1.749],[-72.484,-1.756],[-72.468,-1.728],[-72.476,-1.739],[-72.494,-1.732],[-72.486,-1.711],[-72.513,-1.725],[-72.525,-1.682],[-72.541,-1.695],[-72.534,-1.719],[-72.552,-1.697],[-72.574,-1.714],[-72.588,-1.682],[-72.627,-1.676],[-72.605,-1.652],[-72.614,-1.638],[-72.639,-1.656],[-72.644,-1.653],[-72.626,-1.597],[-72.687,-1.568],[-72.688,-1.517],[-72.675,-1.528],[-72.67,-1.51],[-73.492,-1.503]]]}},{"type":"Feature","properties":{"name":"Puerto Arica"},"geometry":{"type":"Polygon","coordinates":[[[-70.496,-2.477],[-70.497,-1.477],[-70.538,-1.48],[-70.581,-1.421],[-70.664,-1.452],[-70.728,-1.429],[-70.765,-1.47],[-70.774,-1.434],[-70.8,-1.436],[-70.799,-1.412],[-70.806,-1.425],[-70.84,-1.409],[-70.861,-1.432],[-70.864,-1.416],[-70.887,-1.421],[-70.884,-1.397],[-70.893,-1.388],[-70.893,-1.405],[-70.922,-1.398],[-70.914,-1.428],[-70.934,-1.437],[-70.989,-1.399],[-71.0,-1.432],[-71.016,-1.438],[-71.008,-1.417],[-71.03,-1.394],[-71.065,-1.395],[-71.064,-1.413],[-71.078,-1.39],[-71.098,-1.395],[-71.095,-1.413],[-71.12,-1.395],[-71.148,-1.415],[-71.181,-1.408],[-71.195,-1.383],[-71.234,-1.397],[-71.209,-1.399],[-71.24,-1.424],[-71.212,-1.428],[-71.206,-1.457],[-71.242,-1.461],[-71.269,-1.496],[-71.272,-1.455],[-71.34,-1.465],[-71.318,-1.52],[-71.35,-1.523],[-71.317,-1.536],[-71.318,-1.568],[-71.358,-1.546],[-71.371,-1.642],[-71.409,-1.647],[-71.402,-1.689],[-71.437,-1.694],[-71.422,-1.725],[-71.432,-1.759],[-71.443,-1.745],[-71.442,-1.763],[-71.449,-1.75],[-71.483,-1.777],[-71.46,-1.796],[-71.496,-1.809],[-71.495,-1.833],[-71.517,-1.838],[-71.522,-1.823],[-71.549,-1.851],[-71.579,-1.835],[-71.572,-1.858],[-71.602,-1.89],[-71.682,-1.791],[-71.656,-1.778],[-71.709,-1.747],[-71.706,-1.718],[-71.723,-1.725],[-71.734,-1.689],[-71.771,-1.699],[-71.762,-1.685],[-71.795,-1.675],[-71.801,-1.618],[-71.828,-1.621],[-71.815,-1.596],[-71.846,-1.591],[-71.851,-1.573],[-71.835,-1.562],[-71.839,-1.551],[-71.847,-1.565],[-71.857,-1.546],[-71.911,-1.561],[-71.903,-1.534],[-71.923,-1.541],[-71.923,-1.524],[-71.959,-1.513],[-71.991,-1.533],[-71.996,-2.142],[-71.958,-2.158],[-71.945,-2.187],[-71.919,-2.178],[-71.935,-2.164],[-71.882,-2.151],[-71.854,-2.175],[-71.843,-2.154],[-71.805,-2.149],[-71.769,-2.181],[-71.748,-2.174],[-71.741,-2.146],[-71.72,-2.161],[-71.729,-2.228],[-71.65,-2.203],[-71.606,-2.238],[-71.518,-2.252],[-71.526,-2.321],[-71.499,-2.356],[-71.478,-2.346],[-71.483,-2.289],[-71.457,-2.278],[-71.399,-2.358],[-71.41,-2.391],[-71.395,-2.411],[-71.318,-2.381],[-71.297,-2.347],[-71.277,-2.352],[-71.284,-2.389],[-71.228,-2.348],[-71.196,-2.382],[-71.172,-2.381],[-71.166,-2.343],[-71.127,-2.338],[-71.141,-2.303],[-71.126,-2.286],[-71.037,-2.276],[-70.994,-2.309],[-71.014,-2.226],[-70.992,-2.211],[-70.937,-2.257],[-70.879,-2.223],[-70.839,-2.292],[-70.771,-2.299],[-70.752,-2.331],[-70.669,-2.356],[-70.683,-2.404],[-70.644,-2.414],[-70.628,-2.399],[-70.645,-2.454],[-70.629,-2.48],[-70.559,-2.479],[-70.546,-2.45],[-70.585,-2.428],[-70.565,-2.42],[-70.496,-2.477]]]}},{"type":"Feature","properties":{"name":"Puerto Alegría"},"geometry":{"type":"Polygon","coordinates":[[[-72.997,-1.503],[-73.841,-0.398],[-74.389,-0.554],[-74.395,-0.588],[-74.364,-0.621],[-74.376,-0.655],[-74.342,-0.694],[-74.382,-0.72],[-74.353,-0.756],[-74.314,-0.768],[-74.318,-0.796],[-74.292,-0.78],[-74.281,-0.829],[-74.255,-0.822],[-74.271,-0.879],[-74.303,-0.863],[-74.322,-0.886],[-74.276,-0.91],[-74.263,-0.945],[-74.277,-0.973],[-74.242,-1.004],[-74.168,-1.009],[-74.06,-1.057],[-74.024,-1.006],[-74.012,-1.098],[-73.982,-1.11],[-73.962,-1.085],[-73.968,-1.127],[-73.907,-1.127],[-73.864,-1.229],[-73.813,-1.25],[-73.788,-1.241],[-73.769,-1.263],[-73.745,-1.201],[-73.729,-1.254],[-73.682,-1.241],[-73.646,-1.27],[-73.62,-1.265],[-73.613,-1.32],[-73.57,-1.324],[-73.583,-1.376],[-73.552,-1.402],[-73.587,-1.424],[-73.537,-1.434],[-73.533,-1.477],[-73.49,-1.485],[-73.492,-1.503],[-72.997,-1.503]]]}},{"type":"Feature","properties":{"name":"La Pedrera"},"geometry":{"type":"Polygon","coordinates":[[[-69.535,-2.003],[-69.452,-1.539],[-69.456,-1.489],[-69.433,-1.453],[-69.43,-1.392],[-69.397,-1.361],[-69.43,-1.218],[-69.399,-1.112],[-69.433,-1.069],[-69.456,-1.073],[-69.462,-1.142],[-69.489,-1.151],[-69.466,-1.175],[-69.474,-1.208],[-69.506,-1.217],[-69.565,-1.193],[-69.593,-1.146],[-69.635,-1.169],[-69.638,-1.213],[-69.659,-1.228],[-69.68,-1.203],[-69.681,-1.122],[-69.662,-1.116],[-69.652,-1.134],[-69.649,-1.117],[-69.705,-1.047],[-69.75,-1.028],[-69.773,-1.037],[-69.734,-1.082],[-69.757,-1.099],[-69.84,-1.028],[-69.876,-1.078],[-69.955,-1.096],[-69.972,-1.073],[-69.941,-1.035],[-69.954,-0.996],[-69.902,-0.972],[-69.941,-0.947],[-69.999,-0.976],[-70.017,-0.937],[-70.031,-0.979],[-70.079,-0.947],[-70.122,-0.972],[-70.136,-1.015],[-70.088,-1.012],[-70.079,-1.038],[-70.128,-1.111],[-70.17,-1.112],[-70.178,-1.075],[-70.228,-1.05],[-70.197,-0.985],[-70.253,-1.021],[-70.307,-0.966],[-70.296,-0.936],[-70.261,-0.938],[-70.221,-0.889],[-70.297,-0.791],[-70.29,-0.752],[-70.249,-0.739],[-70.256,-0.603],[-70.284,-0.557],[-70.308,-0.59],[-70.326,-0.573],[-70.245,-0.47],[-70.21,-0.478],[-70.2,-0.46],[-70.217,-0.437],[-70.249,-0.445],[-70.288,-0.413],[-70.31,-0.441],[-70.365,-0.454],[-70.352,-0.472],[-70.321,-0.47],[-70.337,-0.5],[-70.378,-0.498],[-70.4,-0.463],[-70.457,-0.496],[-70.449,-0.449],[-70.497,-0.386],[-70.497,-2.003],[-69.535,-2.003]]]}},{"type":"Feature","properties":{"name":"La Chorrera"},"geometry":{"type":"Polygon","coordinates":[[[-71.996,-2.142],[-71.992,-1.52],[-71.979,-1.508],[-71.998,-1.477],[-72.026,-1.488],[-72.023,-1.468],[-72.049,-1.47],[-72.043,-1.388],[-72.062,-1.389],[-72.083,-1.359],[-72.066,-1.343],[-72.086,-1.317],[-72.071,-1.317],[-72.086,-1.302],[-72.106,-1.315],[-72.1,-1.301],[-72.124,-1.292],[-72.104,-1.274],[-72.123,-1.277],[-72.123,-1.257],[-72.1,-1.252],[-72.095,-1.223],[-72.111,-1.208],[-72.127,-1.224],[-72.134,-1.207],[-72.158,-1.233],[-72.194,-1.225],[-72.197,-1.254],[-72.221,-1.261],[-72.266,-1.208],[-72.41,-1.213],[-72.459,-1.157],[-72.528,-1.178],[-72.596,-1.132],[-72.67,-1.165],[-72.779,-1.128],[-72.783,-1.007],[-72.997,-0.534],[-73.047,-0.537],[-73.075,-0.621],[-73.121,-0.604],[-73.203,-0.626],[-73.332,-0.506],[-73.374,-0.536],[-73.43,-0.511],[-73.489,-0.528],[-73.517,-0.521],[-73.536,-0.488],[-73.564,-0.518],[-73.585,-0.449],[-73.608,-0.439],[-73.651,-0.457],[-73.639,-0.419],[-73.686,-0.418],[-73.713,-0.383],[-73.766,-0.408],[-73.841,-0.398],[-72.997,-1.503],[-72.67,-1.51],[-72.675,-1.528],[-72.688,-1.517],[-72.687,-1.568],[-72.626,-1.597],[-72.644,-1.653],[-72.614,-1.638],[-72.605,-1.652],[-72.627,-1.676],[-72.588,-1.682],[-72.574,-1.714],[-72.552,-1.697],[-72.534,-1.719],[-72.541,-1.695],[-72.525,-1.682],[-72.513,-1.725],[-72.486,-1.711],[-72.494,-1.732],[-72.468,-1.728],[-72.503,-1.775],[-72.475,-1.819],[-72.459,-1.788],[-72.453,-1.845],[-72.403,-1.845],[-72.409,-1.86],[-72.389,-1.853],[-72.394,-1.879],[-72.373,-1.886],[-72.368,-1.862],[-72.346,-1.904],[-72.284,-1.911],[-72.282,-1.943],[-72.263,-1.951],[-72.289,-1.977],[-72.267,-1.985],[-72.263,-1.971],[-72.27,-2.023],[-72.232,-2.039],[-72.249,-2.048],[-72.246,-2.089],[-72.213,-2.076],[-72.221,-2.109],[-72.184,-2.09],[-72.165,-2.125],[-72.14,-2.108],[-72.138,-2.129],[-72.132,-2.113],[-72.114,-2.128],[-72.114,-2.087],[-72.089,-2.094],[-72.085,-2.152],[-72.112,-2.154],[-72.093,-2.185],[-72.021,-2.135],[-71.996,-2.142]]]}},{"type":"Feature","properties":{"name":"Santander (Araracuara)"},"geometry":{"type":"Polygon","coordinates":[[[-70.728,-1.429],[-70.779,-1.397],[-70.843,-1.283],[-70.904,-1.251],[-70.961,-1.266],[-70.995,-1.25],[-71.082,-1.112],[-71.179,-1.052],[-71.345,-1.046],[-71.414,-1.124],[-71.473,-1.154],[-71.522,-1.153],[-71.56,-1.129],[-71.58,-1.078],[-71.539,-0.949],[-71.582,-0.938],[-71.744,-0.967],[-71.804,-0.917],[-71.804,-0.843],[-71.881,-0.802],[-71.907,-0.76],[-71.946,-0.756],[-71.996,-0.783],[-71.996,-0.276],[-72.013,-0.265],[-72.04,-0.268],[-72.083,-0.338],[-72.112,-0.333],[-72.153,-0.355],[-72.148,-0.395],[-72.173,-0.444],[-72.231,-0.493],[-72.243,-0.605],[-72.308,-0.652],[-72.395,-0.614],[-72.425,-0.562],[-72.563,-0.706],[-72.674,-0.635],[-72.75,-0.555],[-72.816,-0.599],[-72.917,-0.616],[-72.997,-0.534],[-72.783,-1.007],[-72.779,-1.128],[-72.67,-1.165],[-72.596,-1.132],[-72.528,-1.178],[-72.459,-1.157],[-72.41,-1.213],[-72.266,-1.208],[-72.221,-1.261],[-72.197,-1.254],[-72.194,-1.225],[-72.158,-1.233],[-72.111,-1.208],[-72.095,-1.241],[-72.123,-1.257],[-72.123,-1.277],[-72.104,-1.274],[-72.124,-1.292],[-72.1,-1.301],[-72.106,-1.315],[-72.086,-1.302],[-72.071,-1.317],[-72.086,-1.317],[-72.066,-1.343],[-72.083,-1.359],[-72.062,-1.389],[-72.043,-1.388],[-72.049,-1.47],[-72.023,-1.468],[-72.026,-1.488],[-71.998,-1.477],[-71.979,-1.508],[-71.991,-1.533],[-71.959,-1.513],[-71.923,-1.524],[-71.923,-1.541],[-71.903,-1.534],[-71.911,-1.561],[-71.857,-1.546],[-71.847,-1.565],[-71.839,-1.551],[-71.846,-1.591],[-71.815,-1.596],[-71.828,-1.621],[-71.801,-1.618],[-71.795,-1.675],[-71.762,-1.685],[-71.771,-1.699],[-71.734,-1.689],[-71.723,-1.725],[-71.706,-1.718],[-71.709,-1.747],[-71.656,-1.778],[-71.682,-1.791],[-71.606,-1.889],[-71.582,-1.879],[-71.579,-1.835],[-71.549,-1.851],[-71.522,-1.823],[-71.517,-1.838],[-71.495,-1.833],[-71.496,-1.809],[-71.46,-1.796],[-71.483,-1.777],[-71.449,-1.75],[-71.442,-1.763],[-71.443,-1.745],[-71.432,-1.759],[-71.422,-1.725],[-71.437,-1.694],[-71.402,-1.689],[-71.409,-1.647],[-71.371,-1.642],[-71.358,-1.546],[-71.318,-1.568],[-71.317,-1.536],[-71.35,-1.523],[-71.318,-1.52],[-71.34,-1.465],[-71.272,-1.455],[-71.269,-1.496],[-71.242,-1.461],[-71.209,-1.459],[-71.212,-1.428],[-71.24,-1.424],[-71.209,-1.399],[-71.234,-1.397],[-71.195,-1.383],[-71.181,-1.408],[-71.148,-1.415],[-71.12,-1.395],[-71.095,-1.413],[-71.098,-1.395],[-71.078,-1.39],[-71.064,-1.413],[-71.065,-1.395],[-71.03,-1.394],[-71.008,-1.417],[-71.016,-1.438],[-70.989,-1.399],[-70.934,-1.437],[-70.914,-1.428],[-70.922,-1.398],[-70.893,-1.405],[-70.893,-1.388],[-70.887,-1.421],[-70.864,-1.416],[-70.861,-1.432],[-70.84,-1.409],[-70.806,-1.425],[-70.799,-1.412],[-70.8,-1.436],[-70.774,-1.434],[-70.765,-1.47],[-70.728,-1.429]]]}},{"type":"Feature","properties":{"name":"Taraira"},"geometry":{"type":"Polygon","coordinates":[[[-69.47,-1.09],[-69.418,-1.044],[-69.443,-1.034],[-69.445,-1.023],[-69.419,-0.998],[-69.459,-0.994],[-69.471,-0.958],[-69.528,-0.924],[-69.526,-0.869],[-69.573,-0.839],[-69.565,-0.807],[-69.626,-0.746],[-69.562,-0.637],[-69.603,-0.596],[-69.592,-0.561],[-69.614,-0.534],[-69.608,-0.501],[-69.727,-0.446],[-69.774,-0.391],[-69.829,-0.375],[-69.845,-0.338],[-69.921,-0.326],[-70.0,-0.223],[-70.055,-0.186],[-70.065,-0.164],[-70.043,-0.123],[-70.066,-0.125],[-70.098,-0.151],[-70.108,-0.2],[-70.185,-0.235],[-70.14,-0.257],[-70.135,-0.301],[-70.211,-0.34],[-70.215,-0.314],[-70.239,-0.312],[-70.236,-0.345],[-70.262,-0.36],[-70.235,-0.381],[-70.22,-0.359],[-70.193,-0.37],[-70.255,-0.433],[-70.212,-0.44],[-70.201,-0.472],[-70.245,-0.47],[-70.325,-0.561],[-70.308,-0.59],[-70.284,-0.557],[-70.256,-0.603],[-70.249,-0.739],[-70.29,-0.752],[-70.297,-0.791],[-70.221,-0.889],[-70.261,-0.938],[-70.296,-0.936],[-70.302,-0.978],[-70.245,-1.022],[-70.22,-0.985],[-70.197,-0.985],[-70.228,-1.05],[-70.178,-1.075],[-70.175,-1.106],[-70.15,-1.117],[-70.128,-1.111],[-70.079,-1.038],[-70.088,-1.012],[-70.13,-1.02],[-70.14,-1.004],[-70.102,-0.954],[-70.073,-0.948],[-70.04,-0.981],[-70.017,-0.937],[-69.999,-0.976],[-69.933,-0.949],[-69.903,-0.977],[-69.954,-0.996],[-69.941,-1.035],[-69.97,-1.065],[-69.962,-1.092],[-69.876,-1.078],[-69.849,-1.034],[-69.826,-1.028],[-69.784,-1.087],[-69.746,-1.098],[-69.734,-1.082],[-69.775,-1.041],[-69.725,-1.038],[-69.649,-1.117],[-69.652,-1.134],[-69.662,-1.116],[-69.681,-1.122],[-69.68,-1.203],[-69.659,-1.228],[-69.638,-1.213],[-69.635,-1.169],[-69.593,-1.146],[-69.565,-1.193],[-69.481,-1.214],[-69.466,-1.175],[-69.489,-1.151],[-69.46,-1.134],[-69.47,-1.09]]]}},{"type":"Feature","properties":{"name":"Mirití-paraná (Campoamor)"},"geometry":{"type":"Polygon","coordinates":[[[-70.497,-1.477],[-70.497,-0.386],[-70.519,-0.358],[-70.531,-0.375],[-70.561,-0.366],[-70.575,-0.393],[-70.63,-0.32],[-70.678,-0.352],[-70.739,-0.287],[-70.78,-0.312],[-70.762,-0.331],[-70.821,-0.366],[-70.843,-0.332],[-70.858,-0.35],[-70.898,-0.349],[-70.909,-0.32],[-70.931,-0.333],[-70.972,-0.297],[-71.085,-0.302],[-71.114,-0.261],[-71.198,-0.237],[-71.26,-0.167],[-71.279,-0.11],[-71.273,-0.046],[-71.297,-0.034],[-71.367,-0.051],[-71.437,-0.017],[-71.437,0.006],[-71.475,-0.012],[-71.547,0.021],[-71.705,-0.067],[-71.701,-0.097],[-71.736,-0.155],[-71.711,-0.234],[-71.79,-0.27],[-71.996,-0.276],[-71.996,-0.783],[-71.946,-0.756],[-71.907,-0.76],[-71.881,-0.802],[-71.804,-0.843],[-71.804,-0.917],[-71.744,-0.967],[-71.582,-0.938],[-71.539,-0.949],[-71.58,-1.078],[-71.536,-1.147],[-71.473,-1.154],[-71.414,-1.124],[-71.345,-1.046],[-71.179,-1.052],[-71.082,-1.112],[-70.995,-1.25],[-70.961,-1.266],[-70.904,-1.251],[-70.843,-1.283],[-70.774,-1.401],[-70.675,-1.452],[-70.589,-1.419],[-70.538,-1.48],[-70.497,-1.477]]]}},{"type":"Feature","properties":{"name":"La Victoria (Pacoa)"},"geometry":{"type":"Polygon","coordinates":[[[-70.843,-0.332],[-70.878,-0.28],[-70.883,-0.214],[-70.915,-0.202],[-70.947,-0.154],[-70.925,-0.125],[-70.902,-0.133],[-70.894,-0.108],[-70.925,-0.092],[-70.927,-0.052],[-70.961,-0.04],[-70.969,-0.009],[-71.002,-0.004],[-71.019,-0.018],[-71.012,-0.042],[-71.031,-0.047],[-71.053,-0.028],[-71.04,-0.005],[-71.095,-0.008],[-71.104,0.026],[-71.134,0.004],[-71.145,0.063],[-71.184,0.097],[-71.271,0.035],[-71.328,0.019],[-71.365,0.032],[-71.441,0.001],[-71.437,-0.017],[-71.367,-0.051],[-71.297,-0.034],[-71.273,-0.046],[-71.279,-0.11],[-71.26,-0.167],[-71.198,-0.237],[-71.114,-0.261],[-71.085,-0.302],[-70.972,-0.297],[-70.931,-0.333],[-70.909,-0.32],[-70.911,-0.343],[-70.876,-0.354],[-70.843,-0.332]]]}},{"type":"Feature","properties":{"name":"San Miguel (La Dorada)"},"geometry":{"type":"Polygon","coordinates":[[[-77.049,0.289],[-77.027,0.277],[-77.005,0.295],[-76.985,0.268],[-76.934,0.277],[-76.906,0.245],[-76.846,0.239],[-76.798,0.265],[-76.759,0.247],[-76.767,0.264],[-76.734,0.289],[-76.713,0.269],[-76.661,0.273],[-76.654,0.252],[-76.641,0.258],[-76.657,0.331],[-76.761,0.342],[-76.842,0.303],[-76.861,0.353],[-76.919,0.382],[-76.947,0.383],[-76.96,0.35],[-77.015,0.378],[-77.012,0.325],[-77.038,0.324],[-77.049,0.289]]]}},{"type":"Feature","properties":{"name":"Puerto Asís"},"geometry":{"type":"Polygon","coordinates":[[[-76.654,0.648],[-76.771,0.505],[-76.759,0.491],[-76.692,0.506],[-76.641,0.258],[-76.625,0.261],[-76.589,0.219],[-76.535,0.259],[-76.503,0.236],[-76.448,0.24],[-76.433,0.259],[-76.428,0.236],[-76.412,0.242],[-76.412,0.381],[-76.368,0.394],[-76.343,0.381],[-76.312,0.434],[-76.298,0.421],[-76.271,0.433],[-76.225,0.373],[-76.209,0.385],[-76.187,0.37],[-76.16,0.389],[-76.144,0.375],[-75.772,0.44],[-75.798,0.452],[-75.822,0.517],[-75.861,0.553],[-75.887,0.554],[-75.912,0.59],[-75.975,0.551],[-76.0,0.588],[-76.032,0.596],[-76.046,0.577],[-76.046,0.594],[-76.075,0.594],[-76.084,0.629],[-76.116,0.634],[-76.112,0.639],[-76.109,0.648],[-76.138,0.633],[-76.193,0.652],[-76.194,0.624],[-76.22,0.622],[-76.237,0.662],[-76.61,0.604],[-76.611,0.628],[-76.654,0.648]]]}},{"type":"Feature","properties":{"name":"Puerto Leguízamo"},"geometry":{"type":"Polygon","coordinates":[[[-73.841,-0.398],[-73.882,-0.37],[-74.007,-0.341],[-74.045,-0.275],[-74.082,-0.28],[-74.112,-0.235],[-74.143,-0.238],[-74.168,-0.267],[-74.188,-0.259],[-74.2,-0.21],[-74.24,-0.235],[-74.289,-0.2],[-74.267,-0.143],[-74.303,-0.147],[-74.342,-0.11],[-74.402,-0.114],[-74.446,-0.14],[-74.423,-0.098],[-74.454,-0.071],[-74.475,-0.13],[-74.497,-0.137],[-74.519,-0.089],[-74.535,-0.095],[-74.532,-0.126],[-74.632,-0.088],[-74.616,-0.062],[-74.631,-0.044],[-74.677,-0.061],[-74.656,-0.012],[-74.705,0.041],[-74.675,0.046],[-74.656,0.073],[-74.714,0.095],[-74.676,0.099],[-74.68,0.165],[-74.737,0.21],[-74.841,0.213],[-74.893,0.249],[-74.959,0.242],[-75.004,0.273],[-75.011,0.291],[-74.98,0.315],[-75.017,0.383],[-74.985,0.4],[-74.986,0.419],[-75.034,0.484],[-75.106,0.474],[-75.101,0.512],[-75.155,0.481],[-75.218,0.487],[-75.198,0.505],[-75.236,0.572],[-75.207,0.601],[-75.231,0.646],[-75.276,0.667],[-75.257,0.703],[-75.266,0.726],[-75.456,0.495],[-76.144,0.375],[-76.114,0.314],[-76.064,0.334],[-76.046,0.303],[-76.009,0.298],[-75.985,0.258],[-76.005,0.247],[-75.966,0.236],[-75.955,0.2],[-75.9,0.161],[-75.906,0.136],[-75.883,0.139],[-75.877,0.116],[-75.854,0.131],[-75.807,0.047],[-75.649,0.027],[-75.635,0.047],[-75.608,0.012],[-75.581,0.014],[-75.577,-0.028],[-75.53,-0.027],[-75.398,-0.101],[-75.359,-0.092],[-75.276,-0.127],[-75.226,-0.091],[-75.202,-0.045],[-75.17,-0.045],[-75.069,-0.095],[-75.018,-0.148],[-74.975,-0.157],[-74.975,-0.187],[-74.928,-0.229],[-74.912,-0.213],[-74.885,-0.246],[-74.854,-0.243],[-74.81,-0.193],[-74.787,-0.201],[-74.732,-0.303],[-74.727,-0.349],[-74.702,-0.352],[-74.684,-0.331],[-74.689,-0.363],[-74.656,-0.377],[-74.61,-0.353],[-74.615,-0.38],[-74.581,-0.39],[-74.531,-0.47],[-74.506,-0.464],[-74.491,-0.491],[-74.471,-0.48],[-74.457,-0.506],[-74.427,-0.5],[-74.42,-0.562],[-74.397,-0.542],[-74.389,-0.554],[-73.841,-0.398]]]}},{"type":"Feature","properties":{"name":"Potosí"},"geometry":{"type":"Polygon","coordinates":[[[-77.557,0.841],[-77.579,0.802],[-77.607,0.8],[-77.642,0.729],[-77.582,0.726],[-77.482,0.757],[-77.386,0.627],[-77.187,0.631],[-77.251,0.69],[-77.333,0.699],[-77.363,0.718],[-77.371,0.752],[-77.445,0.796],[-77.475,0.792],[-77.498,0.829],[-77.544,0.824],[-77.557,0.841]]]}},{"type":"Feature","properties":{"name":"Pacoa (Cor. Departamental)"},"geometry":{"type":"Polygon","coordinates":[[[-70.255,-0.433],[-70.193,-0.37],[-70.22,-0.359],[-70.235,-0.381],[-70.252,-0.376],[-70.262,-0.36],[-70.236,-0.345],[-70.241,-0.314],[-70.215,-0.314],[-70.211,-0.34],[-70.135,-0.301],[-70.14,-0.257],[-70.185,-0.235],[-70.108,-0.2],[-70.098,-0.151],[-70.047,-0.116],[-70.047,0.259],[-70.131,0.181],[-70.199,0.153],[-70.268,0.241],[-70.332,0.255],[-70.365,0.347],[-70.571,0.348],[-70.616,0.378],[-70.627,0.432],[-70.601,0.499],[-70.626,0.522],[-70.648,0.604],[-70.829,0.402],[-70.857,0.484],[-70.878,0.486],[-70.864,0.498],[-70.875,0.54],[-70.916,0.526],[-70.924,0.475],[-70.951,0.453],[-70.984,0.535],[-70.973,0.573],[-70.999,0.567],[-71.013,0.597],[-71.034,0.567],[-71.065,0.56],[-71.123,0.558],[-71.146,0.585],[-71.152,0.573],[-71.176,0.598],[-71.248,0.614],[-71.329,0.58],[-71.39,0.643],[-71.42,0.641],[-71.48,0.596],[-71.803,0.888],[-72.033,0.664],[-71.999,0.659],[-71.981,0.632],[-72.012,0.598],[-71.991,0.589],[-71.99,0.563],[-71.953,0.54],[-71.941,0.571],[-71.929,0.553],[-71.913,0.515],[-71.929,0.487],[-71.901,0.472],[-71.919,0.451],[-71.89,0.448],[-71.887,0.469],[-71.859,0.457],[-71.847,0.414],[-71.823,0.406],[-71.853,0.352],[-71.823,0.339],[-71.802,0.355],[-71.815,0.374],[-71.767,0.37],[-71.789,0.336],[-71.754,0.332],[-71.737,0.286],[-71.705,0.318],[-71.701,0.3],[-71.726,0.281],[-71.698,0.237],[-71.624,0.216],[-71.617,0.193],[-71.636,0.183],[-71.561,0.216],[-71.59,0.166],[-71.531,0.165],[-71.545,0.131],[-71.53,0.12],[-71.495,0.135],[-71.474,0.185],[-71.456,0.174],[-71.47,0.153],[-71.45,0.139],[-71.409,0.151],[-71.4,0.186],[-71.365,0.145],[-71.342,0.138],[-71.335,0.155],[-71.329,0.113],[-71.29,0.096],[-71.297,0.071],[-71.226,0.054],[-71.184,0.097],[-71.145,0.063],[-71.134,0.004],[-71.104,0.026],[-71.095,-0.008],[-71.04,-0.005],[-71.053,-0.028],[-71.031,-0.047],[-71.012,-0.042],[-71.019,-0.018],[-71.002,-0.004],[-70.969,-0.009],[-70.961,-0.04],[-70.927,-0.052],[-70.925,-0.092],[-70.894,-0.108],[-70.902,-0.133],[-70.925,-0.125],[-70.947,-0.154],[-70.915,-0.202],[-70.883,-0.214],[-70.878,-0.28],[-70.828,-0.365],[-70.762,-0.331],[-70.78,-0.312],[-70.735,-0.287],[-70.678,-0.352],[-70.63,-0.32],[-70.585,-0.389],[-70.519,-0.358],[-70.457,-0.431],[-70.457,-0.496],[-70.4,-0.463],[-70.378,-0.498],[-70.337,-0.5],[-70.321,-0.47],[-70.352,-0.472],[-70.363,-0.452],[-70.31,-0.441],[-70.288,-0.413],[-70.255,-0.433]]]}},{"type":"Feature","properties":{"name":"Ipiales"},"geometry":{"type":"Polygon","coordinates":[[[-77.538,0.896],[-77.592,0.882],[-77.599,0.843],[-77.649,0.868],[-77.672,0.868],[-77.685,0.825],[-77.665,0.818],[-77.677,0.792],[-77.662,0.79],[-77.698,0.741],[-77.675,0.737],[-77.666,0.705],[-77.564,0.652],[-77.481,0.657],[-77.481,0.61],[-77.522,0.532],[-77.528,0.4],[-77.424,0.392],[-77.408,0.405],[-77.381,0.385],[-77.372,0.401],[-77.288,0.363],[-77.214,0.363],[-77.179,0.39],[-77.1,0.379],[-77.089,0.424],[-77.13,0.525],[-77.115,0.562],[-77.127,0.602],[-77.187,0.631],[-77.386,0.627],[-77.482,0.757],[-77.582,0.726],[-77.642,0.729],[-77.607,0.8],[-77.579,0.802],[-77.557,0.841],[-77.559,0.874],[-77.538,0.896]]]}},{"type":"Feature","properties":{"name":"Orito"},"geometry":{"type":"Polygon","coordinates":[[[-77.187,0.631],[-77.117,0.591],[-77.13,0.525],[-77.09,0.42],[-77.021,0.558],[-76.999,0.492],[-76.976,0.485],[-76.845,0.478],[-76.794,0.513],[-76.771,0.505],[-76.655,0.632],[-76.652,0.7],[-76.691,0.706],[-76.711,0.761],[-76.766,0.793],[-76.891,0.77],[-76.931,0.816],[-76.946,0.9],[-77.024,0.906],[-77.073,0.942],[-77.121,0.893],[-77.102,0.834],[-77.139,0.822],[-77.187,0.631]]]}},{"type":"Feature","properties":{"name":"Aldana"},"geometry":{"type":"Polygon","coordinates":[[[-77.684,0.837],[-77.661,0.864],[-77.685,0.867],[-77.669,0.957],[-77.693,0.976],[-77.727,0.918],[-77.684,0.837]]]}},{"type":"Feature","properties":{"name":"Solita"},"geometry":{"type":"Polygon","coordinates":[[[-75.821,0.934],[-75.824,0.913],[-75.762,0.837],[-75.636,0.877],[-75.608,0.838],[-75.537,0.826],[-75.539,0.79],[-75.521,0.776],[-75.504,0.767],[-75.484,0.783],[-75.52,0.8],[-75.509,0.836],[-75.47,0.843],[-75.481,0.869],[-75.566,0.897],[-75.515,0.933],[-75.517,0.961],[-75.546,0.978],[-75.658,1.011],[-75.719,0.968],[-75.821,0.934]]]}},{"type":"Feature","properties":{"name":"Guachucal"},"geometry":{"type":"Polygon","coordinates":[[[-77.725,0.91],[-77.693,0.976],[-77.672,0.964],[-77.63,0.978],[-77.615,0.987],[-77.624,1.01],[-77.684,1.015],[-77.705,0.985],[-77.756,1.037],[-77.781,1.027],[-77.831,0.964],[-77.782,0.92],[-77.725,0.91]]]}},{"type":"Feature","properties":{"name":"Ospina"},"geometry":{"type":"Polygon","coordinates":[[[-77.497,1.024],[-77.514,1.064],[-77.559,1.072],[-77.599,0.995],[-77.573,0.989],[-77.497,1.024]]]}},{"type":"Feature","properties":{"name":"Puerto Guzmán"},"geometry":{"type":"Polygon","coordinates":[[[-76.486,1.008],[-76.516,0.995],[-76.476,0.918],[-76.422,0.886],[-76.377,0.81],[-76.237,0.705],[-76.22,0.622],[-76.194,0.624],[-76.193,0.652],[-76.138,0.633],[-76.109,0.648],[-76.116,0.634],[-76.084,0.629],[-76.075,0.594],[-76.046,0.594],[-76.046,0.577],[-76.032,0.596],[-76.0,0.588],[-75.975,0.551],[-75.912,0.59],[-75.887,0.554],[-75.861,0.553],[-75.822,0.517],[-75.798,0.452],[-75.772,0.44],[-75.456,0.495],[-75.266,0.723],[-75.341,0.769],[-75.403,0.739],[-75.47,0.76],[-75.484,0.783],[-75.504,0.767],[-75.539,0.79],[-75.537,0.826],[-75.608,0.838],[-75.636,0.877],[-75.762,0.837],[-75.797,0.894],[-75.827,0.874],[-75.857,0.885],[-75.909,0.973],[-75.946,0.981],[-75.925,1.034],[-75.948,1.031],[-75.994,1.073],[-75.994,1.027],[-76.005,1.055],[-76.091,1.057],[-76.08,1.021],[-76.126,1.007],[-76.184,1.026],[-76.209,1.005],[-76.191,0.993],[-76.236,0.982],[-76.236,0.965],[-76.276,0.984],[-76.329,0.958],[-76.335,0.981],[-76.371,0.984],[-76.425,0.96],[-76.486,1.008]]]}},{"type":"Feature","properties":{"name":"Villagarzón"},"geometry":{"type":"Polygon","coordinates":[[[-76.466,0.869],[-76.511,0.926],[-76.53,1.0],[-76.561,1.031],[-76.625,1.047],[-76.636,1.076],[-76.725,1.014],[-76.724,0.998],[-76.865,1.044],[-76.929,1.019],[-76.965,0.982],[-77.079,0.962],[-77.05,0.916],[-76.946,0.9],[-76.931,0.816],[-76.891,0.77],[-76.766,0.793],[-76.49,0.786],[-76.486,0.811],[-76.521,0.868],[-76.466,0.869]]]}},{"type":"Feature","properties":{"name":"Yavaraté  (Cor. Departamental)"},"geometry":{"type":"Polygon","coordinates":[[[-70.039,0.566],[-70.005,0.544],[-70.0,0.574],[-69.979,0.578],[-69.936,0.553],[-69.916,0.59],[-69.887,0.577],[-69.823,0.591],[-69.803,0.572],[-69.671,0.668],[-69.607,0.613],[-69.593,0.657],[-69.563,0.684],[-69.536,0.679],[-69.533,0.702],[-69.481,0.736],[-69.434,0.713],[-69.353,0.614],[-69.337,0.643],[-69.32,0.626],[-69.291,0.65],[-69.296,0.604],[-69.272,0.602],[-69.2,0.607],[-69.204,0.633],[-69.183,0.654],[-69.12,0.634],[-69.146,0.699],[-69.188,0.733],[-69.176,0.76],[-69.148,0.769],[-69.167,0.844],[-69.142,0.849],[-69.139,0.883],[-69.191,0.916],[-69.166,0.942],[-69.218,0.974],[-69.198,1.001],[-69.244,1.056],[-69.287,1.054],[-69.321,1.088],[-69.376,1.089],[-69.414,1.041],[-69.438,1.074],[-69.561,1.072],[-69.612,1.098],[-69.679,1.07],[-69.704,1.076],[-69.702,1.118],[-69.754,1.111],[-69.881,1.02],[-69.896,0.988],[-69.922,1.002],[-69.957,0.961],[-69.96,0.912],[-69.975,0.918],[-69.983,0.897],[-69.976,0.847],[-70.054,0.867],[-70.116,0.827],[-70.15,0.868],[-70.039,0.566]]]}},{"type":"Feature","properties":{"name":"Curillo"},"geometry":{"type":"Polygon","coordinates":[[[-75.955,1.182],[-76.027,1.158],[-76.021,1.113],[-76.098,1.149],[-76.111,1.114],[-76.138,1.107],[-76.085,1.058],[-76.005,1.055],[-75.994,1.027],[-75.994,1.073],[-75.948,1.031],[-75.925,1.034],[-75.946,0.981],[-75.909,0.973],[-75.857,0.885],[-75.827,0.874],[-75.809,0.904],[-75.863,0.973],[-75.876,1.022],[-75.849,1.069],[-75.858,1.098],[-75.815,1.111],[-75.92,1.095],[-75.911,1.151],[-75.955,1.182]]]}},{"type":"Feature","properties":{"name":"Solano"},"geometry":{"type":"Polygon","coordinates":[[[-75.194,1.042],[-75.226,0.986],[-75.2,0.923],[-75.222,0.899],[-75.244,0.896],[-75.253,0.937],[-75.297,0.942],[-75.487,0.833],[-75.509,0.836],[-75.52,0.8],[-75.423,0.739],[-75.341,0.769],[-75.298,0.729],[-75.266,0.726],[-75.257,0.703],[-75.276,0.667],[-75.231,0.646],[-75.207,0.601],[-75.236,0.572],[-75.198,0.505],[-75.218,0.487],[-75.155,0.481],[-75.101,0.512],[-75.106,0.474],[-75.034,0.484],[-74.986,0.419],[-74.985,0.4],[-75.017,0.383],[-74.98,0.315],[-75.011,0.291],[-75.004,0.273],[-74.959,0.242],[-74.907,0.252],[-74.841,0.213],[-74.708,0.194],[-74.678,0.161],[-74.673,0.117],[-74.68,0.092],[-74.714,0.095],[-74.656,0.073],[-74.675,0.046],[-74.705,0.041],[-74.656,-0.012],[-74.677,-0.061],[-74.631,-0.044],[-74.616,-0.062],[-74.632,-0.088],[-74.532,-0.126],[-74.535,-0.095],[-74.519,-0.089],[-74.497,-0.137],[-74.475,-0.13],[-74.454,-0.071],[-74.423,-0.098],[-74.446,-0.14],[-74.402,-0.114],[-74.342,-0.11],[-74.303,-0.147],[-74.267,-0.143],[-74.286,-0.204],[-74.234,-0.238],[-74.2,-0.21],[-74.179,-0.265],[-74.112,-0.235],[-74.082,-0.28],[-74.045,-0.275],[-74.007,-0.341],[-73.882,-0.37],[-73.816,-0.412],[-73.713,-0.383],[-73.686,-0.418],[-73.639,-0.419],[-73.651,-0.457],[-73.608,-0.439],[-73.585,-0.449],[-73.568,-0.517],[-73.533,-0.488],[-73.507,-0.525],[-73.43,-0.511],[-73.379,-0.536],[-73.332,-0.506],[-73.207,-0.626],[-73.121,-0.604],[-73.075,-0.621],[-73.056,-0.552],[-73.026,-0.527],[-72.959,-0.559],[-72.917,-0.616],[-72.816,-0.599],[-72.75,-0.555],[-72.674,-0.635],[-72.563,-0.706],[-72.425,-0.562],[-72.395,-0.614],[-72.308,-0.652],[-72.243,-0.605],[-72.231,-0.493],[-72.173,-0.444],[-72.148,-0.395],[-72.153,-0.355],[-72.063,-0.325],[-72.04,-0.268],[-71.831,-0.276],[-71.743,-0.252],[-71.711,-0.232],[-71.736,-0.155],[-71.701,-0.097],[-71.705,-0.067],[-71.593,-0.014],[-71.577,0.016],[-71.547,0.021],[-71.454,-0.012],[-71.365,0.032],[-71.328,0.019],[-71.271,0.035],[-71.254,0.06],[-71.297,0.071],[-71.29,0.096],[-71.329,0.113],[-71.335,0.155],[-71.342,0.138],[-71.365,0.145],[-71.4,0.186],[-71.409,0.151],[-71.45,0.139],[-71.47,0.153],[-71.456,0.174],[-71.474,0.185],[-71.495,0.135],[-71.536,0.122],[-71.531,0.165],[-71.59,0.166],[-71.561,0.216],[-71.636,0.183],[-71.617,0.193],[-71.624,0.216],[-71.698,0.237],[-71.726,0.281],[-71.701,0.3],[-71.705,0.318],[-71.737,0.286],[-71.754,0.332],[-71.789,0.336],[-71.767,0.37],[-71.815,0.374],[-71.802,0.355],[-71.823,0.339],[-71.853,0.352],[-71.823,0.406],[-71.847,0.414],[-71.859,0.457],[-71.887,0.469],[-71.89,0.448],[-71.919,0.451],[-71.901,0.472],[-71.929,0.487],[-71.913,0.515],[-71.939,0.57],[-71.953,0.54],[-72.011,0.595],[-71.981,0.632],[-71.999,0.659],[-72.084,0.658],[-72.07,0.693],[-72.11,0.705],[-72.127,0.74],[-72.14,0.718],[-72.163,0.734],[-72.164,0.713],[-72.191,0.727],[-72.2,0.702],[-72.219,0.705],[-72.249,0.789],[-72.27,0.794],[-72.27,0.763],[-72.31,0.809],[-72.287,0.819],[-72.301,0.841],[-72.292,0.878],[-72.324,0.875],[-72.328,0.84],[-72.34,0.927],[-72.392,0.919],[-72.377,0.96],[-72.4,0.967],[-72.399,1.004],[-72.456,1.08],[-72.511,1.068],[-72.623,1.136],[-72.652,1.182],[-72.662,1.151],[-72.726,1.186],[-72.723,1.15],[-72.748,1.129],[-72.778,1.148],[-72.771,1.182],[-72.824,1.178],[-72.827,1.149],[-72.859,1.165],[-72.85,1.143],[-72.872,1.135],[-72.85,1.105],[-72.884,1.099],[-72.869,1.087],[-72.883,1.07],[-72.861,1.072],[-72.858,1.042],[-72.874,1.052],[-72.879,1.046],[-72.867,1.024],[-72.932,1.015],[-72.939,0.982],[-72.996,0.952],[-72.987,0.929],[-73.006,0.933],[-73.01,0.911],[-73.027,0.921],[-73.038,0.902],[-73.078,0.894],[-73.109,0.924],[-73.135,0.915],[-73.147,0.943],[-73.19,0.967],[-73.179,1.0],[-73.217,0.997],[-73.248,1.022],[-73.239,1.033],[-73.31,1.016],[-73.379,1.067],[-73.465,1.044],[-73.507,1.001],[-73.54,0.847],[-73.584,0.773],[-73.574,0.69],[-73.637,0.634],[-73.673,0.536],[-73.645,0.498],[-73.617,0.509],[-73.603,0.484],[-73.584,0.488],[-73.592,0.462],[-73.57,0.461],[-73.569,0.484],[-73.561,0.451],[-73.539,0.452],[-73.547,0.423],[-73.519,0.415],[-73.541,0.395],[-73.506,0.39],[-73.502,0.33],[-73.467,0.34],[-73.45,0.321],[-73.455,0.283],[-73.432,0.277],[-73.435,0.254],[-73.361,0.262],[-73.339,0.251],[-73.356,0.227],[-73.338,0.211],[-73.287,0.234],[-73.272,0.21],[-73.294,0.202],[-73.271,0.2],[-73.276,0.184],[-73.207,0.161],[-73.212,0.14],[-73.176,0.163],[-73.187,0.138],[-73.165,0.147],[-73.146,0.131],[-73.147,0.04],[-73.199,0.062],[-73.223,0.036],[-73.248,0.06],[-73.29,0.045],[-73.289,0.026],[-73.321,0.049],[-73.323,0.034],[-73.359,0.052],[-73.395,0.043],[-73.393,0.067],[-73.422,0.065],[-73.419,0.098],[-73.455,0.09],[-73.465,0.115],[-73.608,0.064],[-73.644,0.071],[-73.657,0.101],[-73.691,0.085],[-73.698,0.106],[-73.76,0.078],[-73.836,0.127],[-73.862,0.169],[-74.512,0.169],[-74.555,0.33],[-74.594,0.353],[-74.59,0.397],[-74.632,0.465],[-74.642,0.527],[-74.712,0.622],[-74.752,0.62],[-74.832,0.697],[-74.819,0.738],[-74.853,0.791],[-74.825,0.814],[-74.813,0.859],[-74.866,0.914],[-74.863,0.932],[-74.9,0.976],[-75.194,1.042]]]}},{"type":"Feature","properties":{"name":"San Francisco"},"geometry":{"type":"Polygon","coordinates":[[[-76.966,1.157],[-76.985,1.092],[-76.956,1.099],[-76.811,1.021],[-76.737,1.008],[-76.779,1.056],[-76.768,1.105],[-76.791,1.121],[-76.73,1.213],[-76.812,1.218],[-76.877,1.289],[-76.894,1.256],[-76.875,1.187],[-76.966,1.157]]]}},{"type":"Feature","properties":{"name":"Pasto"},"geometry":{"type":"Polygon","coordinates":[[[-77.229,1.254],[-77.278,1.314],[-77.29,1.296],[-77.31,1.353],[-77.383,1.316],[-77.344,1.318],[-77.329,1.301],[-77.362,1.197],[-77.333,1.145],[-77.316,1.145],[-77.303,1.116],[-77.317,1.087],[-77.285,1.052],[-77.319,0.962],[-77.282,0.928],[-77.207,0.901],[-77.13,0.823],[-77.102,0.834],[-77.117,0.9],[-77.09,0.915],[-77.076,0.967],[-77.028,0.995],[-77.027,1.013],[-77.037,1.047],[-77.058,1.034],[-77.093,1.075],[-77.089,1.183],[-77.122,1.214],[-77.143,1.206],[-77.181,1.226],[-77.199,1.255],[-77.229,1.254]]]}},{"type":"Feature","properties":{"name":"Sandoná"},"geometry":{"type":"Polygon","coordinates":[[[-77.506,1.264],[-77.446,1.256],[-77.41,1.231],[-77.376,1.231],[-77.416,1.291],[-77.453,1.307],[-77.48,1.369],[-77.514,1.292],[-77.506,1.264]]]}},{"type":"Feature","properties":{"name":"Mallama (Piedrancha)"},"geometry":{"type":"Polygon","coordinates":[[[-77.799,0.999],[-77.756,1.044],[-77.764,1.066],[-77.726,1.079],[-77.72,1.152],[-77.723,1.166],[-77.762,1.168],[-77.794,1.228],[-77.843,1.239],[-77.835,1.282],[-77.863,1.296],[-77.846,1.379],[-77.915,1.311],[-77.892,1.256],[-77.978,1.201],[-77.941,1.12],[-77.951,1.103],[-77.799,0.999]]]}},{"type":"Feature","properties":{"name":"La Florida"},"geometry":{"type":"Polygon","coordinates":[[[-77.359,1.221],[-77.383,1.316],[-77.294,1.363],[-77.298,1.423],[-77.4,1.332],[-77.434,1.39],[-77.467,1.363],[-77.453,1.307],[-77.416,1.291],[-77.359,1.221]]]}},{"type":"Feature","properties":{"name":"Mocoa"},"geometry":{"type":"Polygon","coordinates":[[[-76.568,1.082],[-76.537,1.209],[-76.586,1.301],[-76.574,1.386],[-76.646,1.455],[-76.677,1.466],[-76.921,1.346],[-76.904,1.298],[-76.865,1.289],[-76.856,1.25],[-76.824,1.243],[-76.812,1.218],[-76.73,1.213],[-76.791,1.121],[-76.768,1.105],[-76.779,1.056],[-76.741,1.006],[-76.718,1.001],[-76.725,1.014],[-76.636,1.076],[-76.625,1.047],[-76.561,1.031],[-76.53,1.0],[-76.511,0.926],[-76.466,0.869],[-76.41,0.869],[-76.476,0.918],[-76.516,0.995],[-76.486,1.008],[-76.493,1.028],[-76.545,1.038],[-76.568,1.082]]]}},{"type":"Feature","properties":{"name":"Albán (San José)"},"geometry":{"type":"Polygon","coordinates":[[[-77.11,1.443],[-77.069,1.436],[-77.02,1.499],[-77.045,1.487],[-77.072,1.515],[-77.11,1.443]]]}},{"type":"Feature","properties":{"name":"El Tambo"},"geometry":{"type":"Polygon","coordinates":[[[-77.3,1.488],[-77.385,1.528],[-77.39,1.477],[-77.423,1.444],[-77.483,1.455],[-77.485,1.37],[-77.467,1.363],[-77.434,1.39],[-77.4,1.332],[-77.336,1.377],[-77.292,1.452],[-77.3,1.488]]]}},{"type":"Feature","properties":{"name":"Cartagena Del Chairá"},"geometry":{"type":"Polygon","coordinates":[[[-74.964,1.444],[-75.02,1.4],[-75.06,1.386],[-75.069,1.398],[-75.081,1.399],[-75.066,1.373],[-75.081,1.258],[-75.022,1.224],[-75.028,1.183],[-74.951,1.095],[-74.952,1.058],[-74.896,0.994],[-74.9,0.968],[-74.863,0.932],[-74.866,0.914],[-74.816,0.868],[-74.825,0.814],[-74.853,0.791],[-74.819,0.738],[-74.832,0.697],[-74.752,0.62],[-74.712,0.622],[-74.642,0.527],[-74.632,0.465],[-74.59,0.397],[-74.594,0.353],[-74.555,0.33],[-74.512,0.169],[-73.862,0.169],[-73.836,0.127],[-73.76,0.078],[-73.698,0.106],[-73.691,0.085],[-73.657,0.101],[-73.644,0.071],[-73.608,0.064],[-73.465,0.115],[-73.455,0.09],[-73.419,0.098],[-73.422,0.065],[-73.393,0.067],[-73.395,0.043],[-73.359,0.052],[-73.323,0.034],[-73.321,0.049],[-73.289,0.026],[-73.284,0.05],[-73.268,0.041],[-73.248,0.06],[-73.218,0.035],[-73.199,0.062],[-73.147,0.04],[-73.155,0.142],[-73.187,0.138],[-73.173,0.157],[-73.18,0.164],[-73.212,0.14],[-73.207,0.161],[-73.231,0.158],[-73.245,0.184],[-73.254,0.168],[-73.254,0.186],[-73.276,0.184],[-73.271,0.2],[-73.293,0.198],[-73.272,0.21],[-73.287,0.234],[-73.338,0.211],[-73.356,0.227],[-73.339,0.251],[-73.361,0.262],[-73.435,0.254],[-73.432,0.277],[-73.455,0.283],[-73.45,0.321],[-73.467,0.34],[-73.502,0.33],[-73.506,0.39],[-73.541,0.395],[-73.519,0.415],[-73.547,0.423],[-73.539,0.452],[-73.561,0.451],[-73.569,0.484],[-73.57,0.461],[-73.592,0.462],[-73.581,0.484],[-73.603,0.484],[-73.617,0.509],[-73.645,0.498],[-73.649,0.522],[-73.7,0.559],[-73.685,0.57],[-73.72,0.601],[-73.704,0.611],[-73.741,0.628],[-73.737,0.608],[-73.752,0.621],[-73.778,0.571],[-73.799,0.587],[-73.829,0.561],[-73.845,0.583],[-73.87,0.575],[-73.901,0.635],[-73.961,0.615],[-73.991,0.638],[-73.988,0.655],[-74.013,0.661],[-74.011,0.714],[-74.047,0.729],[-74.084,0.785],[-74.077,0.84],[-74.09,0.855],[-74.118,0.846],[-74.151,0.883],[-74.168,0.869],[-74.177,0.918],[-74.189,0.901],[-74.205,0.926],[-74.24,0.929],[-74.24,0.949],[-74.381,1.064],[-74.383,1.099],[-74.434,1.119],[-74.466,1.173],[-74.573,1.233],[-74.787,1.568],[-74.804,1.549],[-74.791,1.481],[-74.809,1.475],[-74.794,1.44],[-74.811,1.398],[-74.824,1.408],[-74.826,1.392],[-74.869,1.388],[-74.875,1.412],[-74.91,1.4],[-74.907,1.417],[-74.964,1.444]]]}},{"type":"Feature","properties":{"name":"Samaniego"},"geometry":{"type":"Polygon","coordinates":[[[-77.538,1.305],[-77.56,1.331],[-77.551,1.353],[-77.573,1.362],[-77.55,1.433],[-77.579,1.43],[-77.611,1.503],[-77.663,1.533],[-77.726,1.504],[-77.754,1.545],[-77.786,1.535],[-77.808,1.565],[-77.794,1.565],[-77.803,1.589],[-77.848,1.592],[-77.855,1.561],[-77.838,1.556],[-77.884,1.488],[-77.86,1.457],[-77.807,1.455],[-77.795,1.422],[-77.76,1.394],[-77.734,1.396],[-77.709,1.358],[-77.652,1.343],[-77.634,1.305],[-77.603,1.303],[-77.573,1.19],[-77.538,1.305]]]}},{"type":"Feature","properties":{"name":"La Guadalupe"},"geometry":{"type":"Polygon","coordinates":[[[-67.143,1.604],[-67.101,1.582],[-67.075,1.37],[-67.112,1.335],[-67.151,1.346],[-67.156,1.317],[-67.101,1.26],[-67.089,1.166],[-66.851,1.224],[-66.881,1.287],[-66.848,1.319],[-66.852,1.356],[-66.909,1.418],[-66.91,1.496],[-66.963,1.59],[-66.971,1.681],[-67.09,1.646],[-67.143,1.604]]]}},{"type":"Feature","properties":{"name":"San Pablo"},"geometry":{"type":"Polygon","coordinates":[[[-76.936,1.729],[-77.057,1.699],[-77.069,1.665],[-76.979,1.659],[-76.958,1.628],[-76.901,1.659],[-76.936,1.729]]]}},{"type":"Feature","properties":{"name":"Carurú"},"geometry":{"type":"Polygon","coordinates":[[[-71.036,0.572],[-71.119,0.789],[-71.008,0.885],[-70.994,1.153],[-71.259,1.616],[-71.254,1.671],[-71.368,1.739],[-71.398,1.734],[-71.39,1.598],[-71.439,1.545],[-71.526,1.278],[-71.553,1.277],[-71.539,1.23],[-71.553,1.207],[-71.535,1.206],[-71.484,1.11],[-71.522,1.113],[-71.532,1.16],[-71.556,1.155],[-71.54,1.115],[-71.583,1.127],[-71.585,1.045],[-71.616,1.037],[-71.666,0.973],[-71.74,0.985],[-71.766,0.962],[-71.774,0.906],[-71.803,0.888],[-71.48,0.596],[-71.42,0.641],[-71.39,0.643],[-71.329,0.58],[-71.248,0.614],[-71.176,0.598],[-71.152,0.573],[-71.146,0.585],[-71.123,0.558],[-71.036,0.572]]]}},{"type":"Feature","properties":{"name":"Mitú"},"geometry":{"type":"Polygon","coordinates":[[[-70.047,0.259],[-70.039,0.566],[-70.15,0.868],[-70.116,0.827],[-70.054,0.867],[-69.976,0.847],[-69.983,0.897],[-69.975,0.918],[-69.96,0.912],[-69.957,0.961],[-69.922,1.002],[-69.896,0.988],[-69.881,1.02],[-69.815,1.065],[-69.847,1.078],[-69.846,1.714],[-69.869,1.719],[-69.883,1.692],[-69.949,1.664],[-70.081,1.648],[-70.258,1.725],[-70.281,1.753],[-70.388,1.758],[-70.454,1.79],[-70.994,1.153],[-71.008,0.885],[-71.119,0.789],[-71.036,0.572],[-71.013,0.597],[-70.999,0.567],[-70.973,0.573],[-70.984,0.535],[-70.951,0.453],[-70.924,0.475],[-70.916,0.526],[-70.875,0.54],[-70.864,0.498],[-70.878,0.486],[-70.857,0.484],[-70.829,0.402],[-70.648,0.604],[-70.626,0.522],[-70.601,0.499],[-70.627,0.432],[-70.616,0.378],[-70.571,0.348],[-70.365,0.347],[-70.332,0.255],[-70.268,0.241],[-70.199,0.153],[-70.131,0.181],[-70.047,0.259]]]}},{"type":"Feature","properties":{"name":"Barbacoas"},"geometry":{"type":"Polygon","coordinates":[[[-77.865,1.617],[-77.893,1.619],[-77.963,1.696],[-77.952,1.71],[-77.923,1.699],[-77.883,1.763],[-77.891,1.792],[-77.825,1.806],[-77.794,1.854],[-77.911,1.779],[-77.951,1.781],[-78.007,1.726],[-78.059,1.746],[-78.145,1.73],[-78.198,1.699],[-78.219,1.753],[-78.269,1.545],[-78.265,1.37],[-78.284,1.362],[-78.324,1.414],[-78.362,1.422],[-78.377,1.4],[-78.475,1.38],[-78.51,1.189],[-78.495,1.198],[-78.455,1.177],[-78.438,1.194],[-78.433,1.144],[-78.419,1.138],[-78.418,1.16],[-78.395,1.152],[-78.319,1.194],[-78.291,1.138],[-78.107,1.206],[-78.097,1.236],[-78.067,1.251],[-78.029,1.251],[-78.049,1.382],[-78.009,1.426],[-77.921,1.401],[-77.889,1.417],[-77.885,1.498],[-77.838,1.556],[-77.855,1.561],[-77.843,1.6],[-77.858,1.596],[-77.865,1.617]]]}},{"type":"Feature","properties":{"name":"Policarpa"},"geometry":{"type":"Polygon","coordinates":[[[-77.48,1.602],[-77.449,1.585],[-77.396,1.606],[-77.349,1.682],[-77.377,1.698],[-77.408,1.688],[-77.393,1.741],[-77.422,1.824],[-77.508,1.813],[-77.528,1.848],[-77.593,1.88],[-77.625,1.82],[-77.592,1.789],[-77.596,1.761],[-77.531,1.742],[-77.515,1.72],[-77.518,1.68],[-77.48,1.664],[-77.48,1.602]]]}},{"type":"Feature","properties":{"name":"Miraflores"},"geometry":{"type":"Polygon","coordinates":[[[-72.033,0.664],[-71.774,0.906],[-71.766,0.962],[-71.74,0.985],[-71.666,0.973],[-71.616,1.037],[-71.585,1.045],[-71.583,1.127],[-71.54,1.115],[-71.556,1.155],[-71.532,1.16],[-71.522,1.113],[-71.484,1.11],[-71.535,1.206],[-71.553,1.207],[-71.539,1.23],[-71.553,1.277],[-71.526,1.278],[-71.439,1.545],[-71.39,1.598],[-71.392,1.735],[-71.547,1.792],[-71.665,1.811],[-71.703,1.829],[-71.713,1.859],[-71.74,1.841],[-71.779,1.871],[-71.856,1.877],[-71.913,1.963],[-71.954,1.965],[-71.954,1.986],[-72.013,1.999],[-72.053,1.97],[-72.084,1.977],[-72.436,1.855],[-72.363,1.786],[-72.407,1.741],[-72.391,1.696],[-72.412,1.663],[-72.407,1.617],[-72.368,1.614],[-72.363,1.59],[-72.311,1.596],[-72.295,1.531],[-72.337,1.528],[-72.335,1.505],[-72.368,1.508],[-72.39,1.446],[-72.44,1.444],[-72.459,1.425],[-72.564,1.464],[-72.577,1.486],[-72.726,1.186],[-72.662,1.151],[-72.647,1.181],[-72.623,1.136],[-72.511,1.068],[-72.456,1.08],[-72.399,1.004],[-72.4,0.967],[-72.377,0.96],[-72.392,0.919],[-72.34,0.927],[-72.328,0.84],[-72.324,0.875],[-72.288,0.87],[-72.301,0.841],[-72.287,0.819],[-72.31,0.809],[-72.293,0.781],[-72.264,0.763],[-72.27,0.794],[-72.249,0.789],[-72.21,0.7],[-72.191,0.727],[-72.169,0.712],[-72.163,0.734],[-72.14,0.718],[-72.127,0.74],[-72.11,0.705],[-72.07,0.693],[-72.084,0.658],[-72.033,0.664]]]}},{"type":"Feature","properties":{"name":"Tumaco"},"geometry":{"type":"MultiPolygon","coordinates":[[[[-78.257,1.628],[-78.294,1.613],[-78.304,1.577],[-78.333,1.582],[-78.348,1.516],[-78.399,1.492],[-78.409,1.54],[-78.367,1.588],[-78.4,1.635],[-78.367,1.659],[-78.408,1.747],[-78.472,1.785],[-78.448,1.808],[-78.476,1.854],[-78.462,1.893],[-78.534,1.97],[-78.518,2.035],[-78.544,1.976],[-78.529,1.915],[-78.551,1.898],[-78.538,1.856],[-78.542,1.802],[-78.564,1.792],[-78.554,1.758],[-78.571,1.744],[-78.582,1.74],[-78.569,1.751],[-78.581,1.778],[-78.6,1.774],[-78.599,1.794],[-78.651,1.794],[-78.654,1.775],[-78.688,1.781],[-78.675,1.762],[-78.687,1.748],[-78.693,1.79],[-78.699,1.77],[-78.717,1.793],[-78.714,1.746],[-78.762,1.741],[-78.726,1.754],[-78.747,1.766],[-78.726,1.763],[-78.739,1.797],[-78.744,1.785],[-78.756,1.798],[-78.753,1.78],[-78.758,1.777],[-78.786,1.793],[-78.726,1.826],[-78.77,1.821],[-78.812,1.787],[-78.78,1.825],[-78.809,1.83],[-78.865,1.803],[-78.954,1.684],[-79.007,1.658],[-79.01,1.634],[-78.903,1.543],[-78.878,1.556],[-78.863,1.551],[-78.87,1.499],[-78.848,1.475],[-78.799,1.485],[-78.834,1.452],[-78.808,1.456],[-78.825,1.445],[-78.779,1.392],[-78.758,1.394],[-78.695,1.33],[-78.661,1.32],[-78.649,1.277],[-78.615,1.246],[-78.545,1.244],[-78.548,1.227],[-78.515,1.213],[-78.516,1.188],[-78.475,1.38],[-78.377,1.4],[-78.362,1.422],[-78.324,1.414],[-78.284,1.362],[-78.265,1.37],[-78.257,1.628]]],[[[-78.56,2.321],[-78.565,2.455],[-78.622,2.377],[-78.623,2.327],[-78.661,2.287],[-78.667,2.25],[-78.698,2.233],[-78.696,2.202],[-78.675,2.207],[-78.673,2.182],[-78.633,2.155],[-78.626,2.187],[-78.61,2.173],[-78.55,2.195],[-78.559,2.214],[-78.501,2.277],[-78.531,2.316],[-78.56,2.321]]],[[[-78.89,1.51],[-78.892,1.51],[-78.889,1.509],[-78.89,1.51]]]]}},{"type":"Feature","properties":{"name":"Rionegro"},"geometry":{"type":"Polygon","coordinates":[[[-75.38,6.233],[-75.38,6.217],[-75.423,6.199],[-75.486,6.205],[-75.477,6.115],[-75.459,6.111],[-75.444,6.059],[-75.387,6.058],[-75.39,6.107],[-75.354,6.123],[-75.36,6.186],[-75.322,6.206],[-75.328,6.224],[-75.38,6.233]]]}},{"type":"Feature","properties":{"name":"Manaure Balcón Del Cesar"},"geometry":{"type":"Polygon","coordinates":[[[-73.128,10.399],[-73.033,10.352],[-72.964,10.371],[-72.906,10.353],[-72.886,10.385],[-72.901,10.436],[-72.987,10.4],[-73.084,10.426],[-73.128,10.399]]]}},{"type":"Feature","properties":{"name":"Inírida"},"geometry":{"type":"Polygon","coordinates":[[[-68.851,3.74],[-68.84,3.623],[-68.814,3.636],[-68.751,3.61],[-68.686,3.541],[-68.55,3.548],[-68.506,3.537],[-68.484,3.51],[-68.512,3.446],[-68.56,3.443],[-68.595,3.414],[-68.629,3.417],[-68.656,3.386],[-68.81,3.343],[-68.847,3.29],[-68.909,3.275],[-68.986,3.201],[-69.02,3.205],[-69.039,3.186],[-69.125,3.21],[-69.203,3.128],[-69.268,3.127],[-69.279,3.095],[-69.332,3.056],[-69.347,3.013],[-69.38,3.036],[-69.405,3.028],[-69.388,2.997],[-69.418,2.924],[-69.398,2.903],[-69.418,2.868],[-69.357,2.809],[-69.361,2.779],[-69.187,2.36],[-69.168,2.402],[-69.181,2.439],[-69.169,2.496],[-69.135,2.517],[-69.141,2.543],[-69.111,2.604],[-69.043,2.595],[-69.017,2.632],[-68.948,2.647],[-68.913,2.686],[-68.777,2.749],[-68.758,2.784],[-68.703,2.797],[-68.67,2.841],[-68.611,2.85],[-68.582,2.885],[-68.522,2.9],[-68.456,2.977],[-68.4,2.983],[-68.359,3.035],[-68.174,2.986],[-68.163,3.088],[-68.059,3.084],[-68.011,3.056],[-67.976,3.099],[-67.922,3.104],[-67.886,3.137],[-67.845,3.142],[-67.802,3.117],[-67.779,3.147],[-67.796,3.182],[-67.788,3.229],[-67.842,3.261],[-67.857,3.371],[-67.767,3.472],[-67.559,3.615],[-67.563,3.651],[-67.538,3.675],[-67.583,3.753],[-67.61,3.754],[-67.634,3.786],[-67.65,3.869],[-67.691,3.933],[-67.708,4.045],[-67.813,3.985],[-67.876,3.919],[-67.914,3.909],[-67.937,3.963],[-68.025,3.976],[-68.035,4.011],[-68.079,3.935],[-68.078,3.981],[-68.113,3.943],[-68.133,3.947],[-68.131,4.001],[-68.174,3.986],[-68.205,3.997],[-68.207,3.957],[-68.345,3.993],[-68.347,3.924],[-68.437,3.915],[-68.393,3.873],[-68.395,3.851],[-68.447,3.884],[-68.444,3.838],[-68.476,3.852],[-68.513,3.826],[-68.51,3.779],[-68.569,3.818],[-68.551,3.764],[-68.576,3.79],[-68.635,3.774],[-68.672,3.812],[-68.68,3.797],[-68.651,3.762],[-68.754,3.783],[-68.795,3.722],[-68.851,3.74]]]}},{"type":"Feature","properties":{"name":"Rio Iró (Santa Rita)"},"geometry":{"type":"Polygon","coordinates":[[[-76.677,5.109],[-76.593,5.095],[-76.53,5.124],[-76.535,5.148],[-76.495,5.153],[-76.471,5.135],[-76.447,5.158],[-76.424,5.115],[-76.371,5.12],[-76.334,5.176],[-76.388,5.211],[-76.398,5.266],[-76.441,5.266],[-76.452,5.249],[-76.487,5.26],[-76.49,5.214],[-76.526,5.227],[-76.538,5.184],[-76.609,5.174],[-76.644,5.127],[-76.68,5.131],[-76.677,5.109]]]}},{"type":"Feature","properties":{"name":"El Retorno"},"geometry":{"type":"Polygon","coordinates":[[[-71.254,1.671],[-71.126,1.783],[-71.093,1.781],[-71.093,1.802],[-71.0,1.815],[-70.903,1.888],[-70.88,1.933],[-70.866,1.909],[-70.847,1.921],[-70.801,1.906],[-70.77,1.928],[-70.761,1.91],[-70.733,1.924],[-70.691,1.898],[-70.663,1.914],[-70.636,1.903],[-70.621,1.93],[-70.579,1.929],[-70.531,1.957],[-70.487,1.946],[-70.435,2.0],[-70.387,1.985],[-70.368,2.004],[-70.351,1.983],[-70.318,2.013],[-70.261,2.014],[-70.251,2.029],[-70.181,2.025],[-70.151,2.072],[-70.11,2.08],[-70.119,2.111],[-70.1,2.13],[-70.034,2.159],[-70.036,2.182],[-70.007,2.182],[-69.996,2.224],[-70.024,2.235],[-70.026,2.272],[-70.053,2.278],[-70.046,2.294],[-70.069,2.294],[-70.085,2.263],[-70.147,2.278],[-70.142,2.251],[-70.16,2.265],[-70.157,2.24],[-70.174,2.237],[-70.191,2.253],[-70.194,2.23],[-70.247,2.243],[-70.243,2.265],[-70.274,2.237],[-70.305,2.253],[-70.293,2.229],[-70.314,2.208],[-70.342,2.248],[-70.366,2.235],[-70.398,2.268],[-70.498,2.234],[-70.514,2.256],[-70.489,2.253],[-70.514,2.284],[-70.526,2.268],[-70.549,2.279],[-70.551,2.243],[-70.583,2.276],[-70.601,2.269],[-70.597,2.247],[-70.635,2.229],[-70.663,2.233],[-70.643,2.242],[-70.67,2.259],[-70.69,2.252],[-70.712,2.214],[-70.73,2.233],[-70.722,2.215],[-70.74,2.195],[-70.808,2.204],[-70.805,2.188],[-70.827,2.184],[-70.832,2.209],[-70.874,2.151],[-70.894,2.188],[-70.901,2.171],[-70.904,2.192],[-70.932,2.187],[-70.946,2.215],[-71.015,2.217],[-71.009,2.238],[-71.043,2.215],[-71.011,2.186],[-71.022,2.17],[-71.046,2.195],[-71.078,2.162],[-71.083,2.216],[-71.087,2.202],[-71.098,2.22],[-71.136,2.209],[-71.167,2.232],[-71.168,2.175],[-71.194,2.178],[-71.173,2.191],[-71.219,2.215],[-71.232,2.176],[-71.253,2.225],[-71.233,2.244],[-71.263,2.28],[-71.232,2.324],[-71.249,2.344],[-71.324,2.317],[-71.341,2.268],[-71.35,2.295],[-71.396,2.272],[-71.418,2.224],[-71.546,2.224],[-71.531,2.154],[-71.564,2.157],[-71.542,2.137],[-71.552,2.118],[-71.615,2.153],[-71.601,2.159],[-71.61,2.196],[-71.639,2.184],[-71.658,2.239],[-71.722,2.235],[-71.779,2.273],[-71.789,2.312],[-71.791,2.28],[-71.818,2.257],[-71.851,2.28],[-71.826,2.242],[-71.877,2.23],[-71.861,2.217],[-71.862,2.196],[-71.88,2.22],[-71.904,2.203],[-71.94,2.215],[-72.025,2.304],[-72.055,2.283],[-72.077,2.337],[-72.102,2.345],[-72.162,2.339],[-72.205,2.351],[-72.208,2.368],[-72.473,2.373],[-72.534,2.411],[-72.744,2.431],[-72.817,2.265],[-72.879,2.286],[-72.899,2.26],[-72.943,2.256],[-72.993,2.18],[-72.99,2.156],[-72.98,2.173],[-72.896,2.168],[-72.863,2.191],[-72.805,2.179],[-72.722,2.017],[-72.705,2.101],[-72.673,2.129],[-72.646,2.112],[-72.613,2.123],[-72.591,2.067],[-72.553,2.046],[-72.555,2.018],[-72.518,2.019],[-72.429,1.915],[-72.436,1.855],[-72.084,1.977],[-72.053,1.97],[-72.013,1.999],[-71.954,1.986],[-71.954,1.965],[-71.913,1.963],[-71.856,1.877],[-71.779,1.871],[-71.74,1.841],[-71.713,1.859],[-71.703,1.829],[-71.671,1.813],[-71.368,1.739],[-71.254,1.671]]]}},{"type":"Feature","properties":{"name":"Paná-paná (Campo Alegre)"},"geometry":{"type":"Polygon","coordinates":[[[-69.903,1.745],[-69.783,1.693],[-69.721,1.735],[-69.654,1.718],[-69.535,1.777],[-69.534,1.764],[-69.514,1.771],[-69.476,1.743],[-69.467,1.757],[-69.393,1.727],[-68.163,1.728],[-68.17,1.743],[-68.193,1.738],[-68.178,1.766],[-68.192,1.78],[-68.24,1.771],[-68.227,1.829],[-68.285,1.829],[-68.217,1.965],[-68.255,2.022],[-68.226,2.11],[-68.271,2.177],[-68.309,2.18],[-68.324,2.095],[-68.352,2.079],[-68.414,2.098],[-68.422,2.077],[-68.607,2.068],[-68.621,2.086],[-68.694,2.09],[-68.722,2.123],[-68.785,2.115],[-68.824,2.08],[-68.85,2.128],[-68.831,2.26],[-68.791,2.268],[-68.761,2.299],[-68.717,2.412],[-68.728,2.424],[-68.761,2.404],[-68.776,2.434],[-68.818,2.398],[-68.842,2.42],[-68.884,2.425],[-68.897,2.404],[-68.938,2.416],[-68.991,2.378],[-69.009,2.384],[-69.007,2.356],[-69.052,2.353],[-69.064,2.326],[-69.167,2.345],[-69.209,2.373],[-69.218,2.354],[-69.258,2.353],[-69.349,2.302],[-69.385,2.313],[-69.388,2.338],[-69.421,2.356],[-69.493,2.324],[-69.51,2.219],[-69.533,2.209],[-69.54,2.175],[-69.612,2.083],[-69.649,2.064],[-69.686,1.99],[-69.796,1.973],[-69.913,1.994],[-69.937,2.014],[-69.993,2.007],[-70.062,1.983],[-70.08,1.927],[-70.15,1.927],[-70.175,1.905],[-70.176,1.87],[-70.149,1.868],[-70.054,1.776],[-69.975,1.743],[-69.903,1.745]]]}},{"type":"Feature","properties":{"name":"San Felipe"},"geometry":{"type":"Polygon","coordinates":[[[-66.988,1.669],[-67.033,1.786],[-67.035,1.845],[-67.07,1.931],[-67.123,1.977],[-67.097,2.052],[-67.108,2.119],[-67.122,2.137],[-67.162,2.133],[-67.222,2.254],[-67.216,2.305],[-67.186,2.341],[-67.222,2.399],[-67.297,2.442],[-67.347,2.504],[-67.467,2.461],[-67.531,2.468],[-67.551,2.434],[-67.613,2.472],[-67.666,2.461],[-67.653,2.415],[-67.699,2.306],[-67.632,2.262],[-67.617,2.226],[-67.663,2.092],[-67.668,1.998],[-67.602,2.044],[-67.574,2.104],[-67.587,2.122],[-67.573,2.163],[-67.551,2.149],[-67.45,2.169],[-67.446,2.199],[-67.416,2.194],[-67.415,2.23],[-67.395,2.233],[-67.369,2.216],[-67.362,2.171],[-67.327,2.155],[-67.358,2.116],[-67.342,2.085],[-67.358,2.042],[-67.303,1.901],[-67.275,1.923],[-67.22,1.918],[-67.209,1.858],[-67.157,1.828],[-67.16,1.797],[-67.134,1.796],[-67.149,1.732],[-67.129,1.688],[-67.143,1.604],[-67.059,1.66],[-66.988,1.669]]]}},{"type":"Feature","properties":{"name":"Lloró"},"geometry":{"type":"Polygon","coordinates":[[[-76.336,5.428],[-76.317,5.527],[-76.262,5.577],[-76.206,5.59],[-76.198,5.617],[-76.14,5.655],[-76.183,5.682],[-76.243,5.672],[-76.256,5.701],[-76.294,5.712],[-76.356,5.698],[-76.397,5.741],[-76.439,5.689],[-76.475,5.688],[-76.479,5.64],[-76.512,5.606],[-76.498,5.552],[-76.573,5.552],[-76.616,5.522],[-76.584,5.49],[-76.587,5.45],[-76.469,5.467],[-76.453,5.502],[-76.435,5.47],[-76.403,5.472],[-76.394,5.445],[-76.336,5.428]]]}},{"type":"Feature","properties":{"name":"Papunaua(cor. Departamental)"},"geometry":{"type":"Polygon","coordinates":[[[-70.994,1.153],[-70.454,1.79],[-70.388,1.758],[-70.281,1.753],[-70.258,1.725],[-70.081,1.648],[-69.961,1.661],[-69.883,1.692],[-69.877,1.731],[-70.045,1.772],[-70.149,1.868],[-70.176,1.87],[-70.166,1.934],[-70.112,2.003],[-70.11,2.08],[-70.151,2.072],[-70.181,2.025],[-70.251,2.029],[-70.261,2.014],[-70.318,2.013],[-70.351,1.983],[-70.368,2.004],[-70.387,1.985],[-70.435,2.0],[-70.487,1.946],[-70.531,1.957],[-70.579,1.929],[-70.621,1.93],[-70.636,1.903],[-70.663,1.914],[-70.691,1.898],[-70.733,1.924],[-70.761,1.91],[-70.77,1.928],[-70.801,1.906],[-70.847,1.921],[-70.866,1.909],[-70.88,1.933],[-70.903,1.888],[-71.0,1.815],[-71.093,1.802],[-71.093,1.781],[-71.126,1.783],[-71.254,1.671],[-71.259,1.616],[-70.994,1.153]]]}},{"type":"Feature","properties":{"name":"Hacarí"},"geometry":{"type":"Polygon","coordinates":[[[-72.991,8.285],[-72.973,8.326],[-72.995,8.391],[-72.968,8.433],[-73.003,8.445],[-73.032,8.484],[-73.05,8.493],[-73.097,8.423],[-73.161,8.435],[-73.183,8.413],[-73.17,8.316],[-73.185,8.305],[-73.156,8.297],[-73.146,8.258],[-73.101,8.245],[-73.088,8.278],[-72.991,8.285]]]}},{"type":"Feature","properties":{"name":"Sardinata"},"geometry":{"type":"Polygon","coordinates":[[[-72.963,8.188],[-72.876,8.132],[-72.863,8.087],[-72.839,8.077],[-72.855,8.026],[-72.837,8.006],[-72.769,8.0],[-72.741,8.042],[-72.705,8.055],[-72.687,8.137],[-72.65,8.151],[-72.648,8.221],[-72.597,8.244],[-72.618,8.266],[-72.603,8.322],[-72.652,8.296],[-72.67,8.303],[-72.727,8.251],[-72.749,8.27],[-72.74,8.297],[-72.708,8.31],[-72.72,8.328],[-72.616,8.362],[-72.595,8.401],[-72.617,8.453],[-72.658,8.412],[-72.696,8.438],[-72.838,8.416],[-72.864,8.439],[-72.891,8.436],[-72.88,8.502],[-72.897,8.522],[-72.944,8.511],[-72.944,8.477],[-72.969,8.465],[-72.967,8.425],[-72.995,8.391],[-72.973,8.326],[-72.996,8.268],[-72.963,8.188]]]}},{"type":"Feature","properties":{"name":"Balboa"},"geometry":{"type":"Polygon","coordinates":[[[-75.886,4.893],[-75.881,4.926],[-75.938,4.989],[-75.961,4.989],[-75.965,4.961],[-75.994,4.954],[-75.975,4.861],[-75.941,4.857],[-75.886,4.893]]]}},{"type":"Feature","properties":{"name":"Yopal"},"geometry":{"type":"Polygon","coordinates":[[[-72.584,5.382],[-72.541,5.35],[-72.48,5.25],[-72.398,5.229],[-72.402,5.199],[-72.381,5.192],[-72.388,5.175],[-72.359,5.131],[-72.366,5.086],[-72.299,5.042],[-72.304,5.021],[-72.274,4.994],[-72.28,4.964],[-72.238,4.974],[-72.187,4.912],[-72.156,4.904],[-72.081,4.968],[-71.939,5.028],[-71.977,5.054],[-72.024,5.167],[-72.055,5.187],[-72.035,5.217],[-72.096,5.26],[-72.082,5.277],[-72.099,5.295],[-72.082,5.301],[-72.12,5.326],[-72.099,5.336],[-72.099,5.345],[-72.114,5.335],[-72.122,5.343],[-72.103,5.36],[-72.141,5.375],[-72.128,5.394],[-72.157,5.397],[-72.139,5.404],[-72.14,5.413],[-72.169,5.388],[-72.173,5.419],[-72.201,5.431],[-72.223,5.537],[-72.261,5.546],[-72.328,5.497],[-72.397,5.57],[-72.421,5.563],[-72.507,5.439],[-72.584,5.382]]]}},{"type":"Feature","properties":{"name":"Trinidad"},"geometry":{"type":"Polygon","coordinates":[[[-71.66,5.556],[-71.712,5.573],[-71.759,5.53],[-71.804,5.536],[-71.806,5.553],[-71.852,5.534],[-71.885,5.565],[-71.905,5.537],[-71.886,5.515],[-71.858,5.516],[-71.842,5.481],[-71.822,5.487],[-71.829,5.471],[-71.804,5.467],[-71.817,5.444],[-71.791,5.462],[-71.762,5.451],[-71.772,5.436],[-71.674,5.419],[-71.666,5.398],[-71.563,5.365],[-71.545,5.326],[-71.454,5.315],[-71.371,5.256],[-71.33,5.245],[-71.327,5.261],[-71.268,5.249],[-71.228,5.265],[-71.2,5.225],[-71.19,5.234],[-71.101,5.196],[-71.035,5.204],[-70.979,5.188],[-70.969,5.201],[-70.931,5.184],[-70.913,5.141],[-70.862,5.144],[-70.695,5.282],[-70.674,5.315],[-70.678,5.364],[-70.604,5.422],[-70.622,5.439],[-70.62,5.426],[-70.629,5.422],[-70.627,5.455],[-70.649,5.462],[-70.69,5.442],[-70.768,5.445],[-70.797,5.42],[-70.92,5.454],[-70.926,5.429],[-70.964,5.445],[-71.015,5.416],[-71.096,5.468],[-71.19,5.437],[-71.236,5.442],[-71.274,5.467],[-71.321,5.458],[-71.364,5.499],[-71.377,5.485],[-71.397,5.504],[-71.477,5.495],[-71.537,5.534],[-71.599,5.539],[-71.634,5.571],[-71.66,5.556]]]}},{"type":"Feature","properties":{"name":"Tunja"},"geometry":{"type":"Polygon","coordinates":[[[-73.307,5.57],[-73.341,5.584],[-73.362,5.556],[-73.422,5.561],[-73.408,5.51],[-73.447,5.467],[-73.421,5.446],[-73.361,5.474],[-73.34,5.527],[-73.308,5.543],[-73.307,5.57]]]}},{"type":"Feature","properties":{"name":"Magüí (Payán)"},"geometry":{"type":"Polygon","coordinates":[[[-77.682,1.896],[-77.734,1.931],[-77.834,1.926],[-77.901,2.046],[-77.89,2.071],[-77.953,2.083],[-77.963,2.117],[-77.994,2.071],[-78.025,2.093],[-78.081,2.087],[-78.077,2.078],[-78.084,2.07],[-78.095,2.089],[-78.115,2.082],[-78.137,2.104],[-78.183,2.11],[-78.17,2.096],[-78.189,2.077],[-78.186,2.039],[-78.262,2.028],[-78.279,1.986],[-78.261,1.766],[-78.233,1.731],[-78.217,1.753],[-78.198,1.699],[-78.145,1.73],[-78.059,1.746],[-78.007,1.726],[-77.951,1.781],[-77.911,1.779],[-77.776,1.865],[-77.737,1.869],[-77.712,1.815],[-77.705,1.86],[-77.673,1.866],[-77.682,1.896]]]}},{"type":"Feature","properties":{"name":"Leiva"},"geometry":{"type":"Polygon","coordinates":[[[-77.309,2.125],[-77.353,2.048],[-77.311,2.018],[-77.311,1.967],[-77.36,1.962],[-77.378,1.994],[-77.421,1.91],[-77.409,1.887],[-77.359,1.88],[-77.295,1.832],[-77.203,1.952],[-77.221,1.988],[-77.259,1.994],[-77.334,2.051],[-77.309,2.125]]]}},{"type":"Feature","properties":{"name":"Calamar"},"geometry":{"type":"Polygon","coordinates":[[[-72.726,1.186],[-72.577,1.486],[-72.564,1.464],[-72.459,1.425],[-72.44,1.444],[-72.39,1.446],[-72.368,1.508],[-72.335,1.505],[-72.337,1.528],[-72.303,1.526],[-72.292,1.542],[-72.314,1.56],[-72.311,1.596],[-72.363,1.59],[-72.368,1.614],[-72.407,1.617],[-72.412,1.663],[-72.391,1.696],[-72.407,1.741],[-72.363,1.786],[-72.431,1.843],[-72.442,1.889],[-72.426,1.909],[-72.457,1.956],[-72.518,2.019],[-72.555,2.018],[-72.553,2.046],[-72.591,2.067],[-72.609,2.12],[-72.646,2.112],[-72.673,2.129],[-72.705,2.101],[-72.722,2.017],[-72.805,2.179],[-72.851,2.191],[-72.896,2.168],[-72.98,2.173],[-73.023,2.116],[-73.017,2.089],[-73.111,2.022],[-73.153,2.044],[-73.163,2.077],[-73.185,2.048],[-73.232,2.049],[-73.287,2.023],[-73.321,2.06],[-73.443,2.07],[-73.504,2.036],[-73.506,2.012],[-73.566,2.065],[-73.661,2.062],[-73.658,1.576],[-73.547,1.438],[-73.535,1.39],[-73.483,1.37],[-73.456,1.295],[-73.428,1.296],[-73.432,1.259],[-73.409,1.241],[-73.421,1.191],[-73.393,1.172],[-73.393,1.147],[-73.334,1.113],[-73.323,1.081],[-73.282,1.067],[-73.279,1.047],[-73.252,1.049],[-73.217,0.997],[-73.179,1.0],[-73.19,0.967],[-73.164,0.94],[-73.078,0.894],[-72.987,0.929],[-72.996,0.952],[-72.939,0.982],[-72.932,1.015],[-72.867,1.024],[-72.879,1.046],[-72.858,1.042],[-72.861,1.072],[-72.883,1.07],[-72.869,1.087],[-72.884,1.099],[-72.85,1.105],[-72.872,1.135],[-72.85,1.143],[-72.859,1.165],[-72.827,1.149],[-72.824,1.178],[-72.771,1.182],[-72.778,1.148],[-72.748,1.129],[-72.723,1.15],[-72.726,1.186]]]}},{"type":"Feature","properties":{"name":"Roberto Payán (San José)"},"geometry":{"type":"Polygon","coordinates":[[[-78.233,1.731],[-78.261,1.766],[-78.258,1.84],[-78.272,1.842],[-78.283,1.909],[-78.264,2.009],[-78.337,2.06],[-78.351,2.126],[-78.374,2.14],[-78.381,2.191],[-78.413,2.204],[-78.421,2.242],[-78.47,2.25],[-78.494,2.231],[-78.505,2.145],[-78.529,2.131],[-78.51,2.088],[-78.535,1.979],[-78.464,1.9],[-78.476,1.854],[-78.448,1.808],[-78.472,1.785],[-78.408,1.747],[-78.367,1.659],[-78.4,1.635],[-78.367,1.588],[-78.409,1.54],[-78.399,1.492],[-78.348,1.516],[-78.333,1.582],[-78.304,1.577],[-78.294,1.613],[-78.238,1.645],[-78.233,1.731]]]}},{"type":"Feature","properties":{"name":"Francisco Pizarro (Salahonda)"},"geometry":{"type":"Polygon","coordinates":[[[-78.544,1.976],[-78.51,2.088],[-78.529,2.131],[-78.505,2.145],[-78.494,2.231],[-78.47,2.25],[-78.487,2.277],[-78.559,2.214],[-78.55,2.195],[-78.61,2.173],[-78.626,2.187],[-78.629,2.155],[-78.701,2.214],[-78.704,2.119],[-78.68,2.059],[-78.65,2.05],[-78.676,2.05],[-78.674,1.98],[-78.646,1.978],[-78.636,2.012],[-78.602,1.993],[-78.584,1.963],[-78.603,1.947],[-78.597,1.894],[-78.531,1.904],[-78.544,1.976]]]}},{"type":"Feature","properties":{"name":"La Macarena"},"geometry":{"type":"Polygon","coordinates":[[[-74.6,2.636],[-74.68,2.557],[-74.677,2.523],[-74.649,2.492],[-74.672,2.425],[-74.693,2.421],[-74.733,2.348],[-74.749,2.28],[-74.716,2.262],[-74.698,2.281],[-74.65,2.242],[-74.668,2.212],[-74.635,2.188],[-74.599,2.194],[-74.592,2.138],[-74.644,2.119],[-74.631,2.083],[-74.653,2.066],[-74.607,2.067],[-74.61,2.04],[-74.563,1.975],[-74.564,1.848],[-74.478,1.807],[-74.415,1.812],[-74.383,1.791],[-74.317,1.786],[-74.27,1.754],[-74.215,1.767],[-74.196,1.708],[-74.109,1.694],[-74.09,1.642],[-74.048,1.66],[-74.025,1.635],[-73.994,1.639],[-73.987,1.605],[-73.911,1.637],[-73.858,1.608],[-73.739,1.638],[-73.66,1.612],[-73.661,2.294],[-73.635,2.287],[-73.635,2.326],[-73.614,2.341],[-73.632,2.363],[-73.587,2.39],[-73.571,2.355],[-73.526,2.386],[-73.516,2.334],[-73.499,2.358],[-73.47,2.361],[-73.46,2.339],[-73.446,2.349],[-73.457,2.406],[-73.442,2.455],[-73.463,2.499],[-73.494,2.495],[-73.514,2.515],[-73.498,2.538],[-73.508,2.582],[-73.559,2.64],[-73.949,2.529],[-73.96,2.539],[-73.976,2.516],[-74.024,2.567],[-74.057,2.564],[-74.057,2.544],[-74.199,2.57],[-74.243,2.546],[-74.273,2.568],[-74.363,2.544],[-74.392,2.555],[-74.466,2.534],[-74.492,2.507],[-74.516,2.524],[-74.531,2.583],[-74.6,2.636]]]}},{"type":"Feature","properties":{"name":"Mosquera"},"geometry":{"type":"Polygon","coordinates":[[[-78.562,2.329],[-78.467,2.248],[-78.421,2.242],[-78.413,2.204],[-78.385,2.193],[-78.427,2.279],[-78.345,2.426],[-78.342,2.521],[-78.304,2.541],[-78.327,2.657],[-78.371,2.637],[-78.396,2.603],[-78.455,2.598],[-78.454,2.576],[-78.514,2.5],[-78.557,2.492],[-78.562,2.329]]]}},{"type":"Feature","properties":{"name":"Olaya Herrera (Bocas De Satinga)"},"geometry":{"type":"Polygon","coordinates":[[[-78.208,2.035],[-78.218,2.381],[-78.198,2.448],[-78.242,2.459],[-78.239,2.511],[-78.311,2.658],[-78.327,2.657],[-78.304,2.541],[-78.342,2.521],[-78.345,2.426],[-78.426,2.273],[-78.381,2.191],[-78.374,2.14],[-78.348,2.12],[-78.337,2.06],[-78.275,2.018],[-78.208,2.035]]]}},{"type":"Feature","properties":{"name":"Santa Bárbara (Iscuandé)"},"geometry":{"type":"Polygon","coordinates":[[[-77.928,2.64],[-77.945,2.626],[-77.978,2.662],[-78.035,2.648],[-78.068,2.611],[-78.096,2.647],[-78.117,2.624],[-78.075,2.518],[-78.093,2.487],[-78.058,2.477],[-78.052,2.433],[-77.915,2.225],[-77.936,2.151],[-77.92,2.123],[-77.863,2.098],[-77.828,2.044],[-77.736,1.996],[-77.684,1.986],[-77.654,2.024],[-77.583,2.025],[-77.599,2.168],[-77.739,2.134],[-77.849,2.191],[-77.848,2.261],[-77.919,2.417],[-77.928,2.64]]]}},{"type":"Feature","properties":{"name":"La Tola"},"geometry":{"type":"Polygon","coordinates":[[[-78.183,2.11],[-78.159,2.426],[-78.168,2.515],[-78.191,2.542],[-78.182,2.58],[-78.225,2.667],[-78.311,2.658],[-78.239,2.511],[-78.242,2.459],[-78.198,2.448],[-78.218,2.381],[-78.208,2.035],[-78.181,2.05],[-78.189,2.077],[-78.17,2.096],[-78.183,2.11]]]}},{"type":"Feature","properties":{"name":"Hobo"},"geometry":{"type":"Polygon","coordinates":[[[-75.379,2.509],[-75.385,2.55],[-75.438,2.625],[-75.444,2.679],[-75.444,2.638],[-75.466,2.632],[-75.476,2.577],[-75.531,2.545],[-75.528,2.519],[-75.429,2.452],[-75.379,2.509]]]}},{"type":"Feature","properties":{"name":"El Charco"},"geometry":{"type":"Polygon","coordinates":[[[-77.375,2.264],[-77.444,2.285],[-77.479,2.274],[-77.488,2.195],[-77.556,2.203],[-77.599,2.168],[-77.581,2.026],[-77.654,2.024],[-77.684,1.986],[-77.736,1.996],[-77.828,2.044],[-77.863,2.098],[-77.92,2.123],[-77.941,2.161],[-77.915,2.225],[-78.052,2.433],[-78.058,2.477],[-78.093,2.487],[-78.075,2.518],[-78.113,2.644],[-78.137,2.644],[-78.147,2.683],[-78.225,2.667],[-78.185,2.591],[-78.191,2.542],[-78.164,2.497],[-78.183,2.11],[-78.137,2.104],[-78.115,2.082],[-78.095,2.089],[-78.084,2.07],[-78.081,2.087],[-78.025,2.093],[-77.994,2.071],[-77.963,2.117],[-77.953,2.083],[-77.89,2.071],[-77.901,2.046],[-77.862,1.994],[-77.872,1.975],[-77.819,1.916],[-77.734,1.931],[-77.682,1.896],[-77.599,1.94],[-77.512,1.907],[-77.491,1.96],[-77.429,1.988],[-77.378,1.994],[-77.36,1.962],[-77.311,1.967],[-77.311,2.018],[-77.353,2.048],[-77.309,2.125],[-77.308,2.195],[-77.375,2.264]]]}},{"type":"Feature","properties":{"name":"Guapi"},"geometry":{"type":"Polygon","coordinates":[[[-77.403,2.383],[-77.426,2.385],[-77.425,2.411],[-77.457,2.422],[-77.448,2.462],[-77.464,2.505],[-77.486,2.496],[-77.555,2.529],[-77.591,2.61],[-77.661,2.668],[-77.728,2.693],[-77.749,2.684],[-77.75,2.705],[-77.809,2.685],[-77.837,2.704],[-77.907,2.681],[-77.906,2.646],[-77.928,2.64],[-77.919,2.417],[-77.848,2.261],[-77.853,2.205],[-77.836,2.177],[-77.739,2.134],[-77.646,2.169],[-77.604,2.165],[-77.556,2.203],[-77.488,2.195],[-77.479,2.274],[-77.46,2.286],[-77.375,2.264],[-77.392,2.283],[-77.38,2.297],[-77.403,2.383]]]}},{"type":"Feature","properties":{"name":"Morichal (Morichal Nuevo)"},"geometry":{"type":"Polygon","coordinates":[[[-69.357,2.809],[-69.467,2.891],[-69.577,2.854],[-69.657,2.87],[-69.737,2.848],[-69.772,2.799],[-69.74,2.725],[-69.874,2.695],[-69.957,2.707],[-69.998,2.692],[-70.005,2.531],[-70.128,2.524],[-70.157,2.56],[-70.238,2.595],[-70.311,2.564],[-70.385,2.607],[-70.427,2.672],[-70.436,2.491],[-70.422,2.468],[-70.499,2.472],[-70.511,2.498],[-70.596,2.526],[-70.605,2.547],[-70.587,2.466],[-70.636,2.358],[-70.634,2.322],[-70.532,2.269],[-70.509,2.281],[-70.489,2.253],[-70.514,2.256],[-70.498,2.234],[-70.398,2.268],[-70.366,2.235],[-70.342,2.248],[-70.314,2.208],[-70.293,2.229],[-70.305,2.253],[-70.274,2.237],[-70.243,2.265],[-70.247,2.243],[-70.194,2.23],[-70.191,2.253],[-70.174,2.237],[-70.157,2.24],[-70.16,2.265],[-70.142,2.251],[-70.147,2.278],[-70.085,2.263],[-70.069,2.294],[-70.046,2.294],[-70.053,2.278],[-70.026,2.272],[-70.024,2.235],[-69.996,2.224],[-69.996,2.205],[-70.007,2.182],[-70.036,2.182],[-70.034,2.159],[-70.055,2.162],[-70.119,2.111],[-70.104,2.094],[-70.12,2.052],[-70.112,2.003],[-70.141,1.98],[-70.163,1.92],[-70.089,1.923],[-70.062,1.983],[-69.993,2.007],[-69.937,2.014],[-69.913,1.994],[-69.796,1.973],[-69.686,1.99],[-69.649,2.064],[-69.612,2.083],[-69.54,2.175],[-69.533,2.209],[-69.51,2.219],[-69.49,2.328],[-69.421,2.356],[-69.388,2.338],[-69.385,2.313],[-69.349,2.302],[-69.258,2.353],[-69.218,2.354],[-69.209,2.373],[-69.188,2.364],[-69.361,2.779],[-69.357,2.809]]]}},{"type":"Feature","properties":{"name":"San José Del Guaviare"},"geometry":{"type":"Polygon","coordinates":[[[-71.078,2.882],[-71.109,2.873],[-71.138,2.904],[-71.154,2.872],[-71.184,2.905],[-71.222,2.866],[-71.247,2.863],[-71.26,2.886],[-71.284,2.868],[-71.306,2.92],[-71.325,2.925],[-71.345,2.86],[-71.375,2.892],[-71.391,2.844],[-71.463,2.899],[-71.47,2.853],[-71.521,2.879],[-71.545,2.859],[-71.583,2.872],[-71.575,2.844],[-71.611,2.846],[-71.652,2.82],[-71.674,2.826],[-71.662,2.873],[-71.682,2.872],[-71.697,2.838],[-71.762,2.897],[-71.758,2.853],[-71.78,2.818],[-71.788,2.869],[-71.821,2.879],[-71.851,2.872],[-71.823,2.87],[-71.828,2.837],[-71.954,2.832],[-71.982,2.801],[-72.005,2.829],[-72.082,2.826],[-72.124,2.888],[-72.144,2.865],[-72.194,2.872],[-72.208,2.838],[-72.184,2.79],[-72.193,2.772],[-72.259,2.825],[-72.277,2.777],[-72.336,2.797],[-72.407,2.726],[-72.471,2.733],[-72.472,2.69],[-72.534,2.704],[-72.537,2.683],[-72.571,2.674],[-72.558,2.649],[-72.587,2.639],[-72.586,2.584],[-72.621,2.627],[-72.653,2.572],[-72.679,2.622],[-72.74,2.57],[-72.817,2.615],[-72.917,2.565],[-72.921,2.534],[-72.957,2.512],[-72.931,2.492],[-72.935,2.464],[-72.961,2.481],[-72.965,2.449],[-72.986,2.452],[-73.032,2.413],[-73.046,2.437],[-73.111,2.381],[-73.124,2.412],[-73.141,2.396],[-73.123,2.38],[-73.164,2.366],[-73.166,2.399],[-73.202,2.382],[-73.217,2.405],[-73.268,2.381],[-73.241,2.371],[-73.242,2.347],[-73.267,2.359],[-73.301,2.336],[-73.33,2.36],[-73.333,2.333],[-73.356,2.324],[-73.357,2.369],[-73.375,2.362],[-73.379,2.325],[-73.412,2.357],[-73.437,2.327],[-73.442,2.386],[-73.456,2.382],[-73.451,2.339],[-73.474,2.362],[-73.506,2.356],[-73.51,2.333],[-73.53,2.388],[-73.571,2.355],[-73.587,2.39],[-73.618,2.377],[-73.633,2.359],[-73.614,2.341],[-73.635,2.326],[-73.63,2.295],[-73.661,2.294],[-73.661,2.062],[-73.566,2.065],[-73.506,2.012],[-73.504,2.036],[-73.443,2.07],[-73.321,2.06],[-73.287,2.023],[-73.232,2.049],[-73.185,2.048],[-73.163,2.077],[-73.153,2.044],[-73.111,2.022],[-73.017,2.089],[-73.023,2.116],[-72.948,2.252],[-72.899,2.26],[-72.879,2.286],[-72.813,2.27],[-72.744,2.431],[-72.534,2.411],[-72.473,2.373],[-72.208,2.368],[-72.205,2.351],[-72.162,2.339],[-72.102,2.345],[-72.077,2.337],[-72.055,2.283],[-72.025,2.304],[-71.94,2.215],[-71.904,2.203],[-71.88,2.22],[-71.862,2.196],[-71.877,2.23],[-71.826,2.242],[-71.851,2.28],[-71.818,2.257],[-71.791,2.28],[-71.789,2.312],[-71.779,2.273],[-71.722,2.235],[-71.658,2.239],[-71.639,2.184],[-71.61,2.196],[-71.601,2.159],[-71.615,2.153],[-71.552,2.118],[-71.542,2.137],[-71.564,2.157],[-71.531,2.154],[-71.546,2.224],[-71.418,2.224],[-71.396,2.272],[-71.35,2.295],[-71.341,2.268],[-71.324,2.317],[-71.249,2.344],[-71.232,2.324],[-71.263,2.28],[-71.233,2.244],[-71.253,2.225],[-71.232,2.176],[-71.219,2.215],[-71.173,2.191],[-71.194,2.178],[-71.168,2.175],[-71.167,2.232],[-71.136,2.209],[-71.098,2.22],[-71.087,2.202],[-71.083,2.216],[-71.078,2.162],[-71.046,2.195],[-71.022,2.17],[-71.011,2.186],[-71.043,2.215],[-71.009,2.238],[-71.015,2.217],[-70.946,2.215],[-70.932,2.187],[-70.904,2.192],[-70.901,2.171],[-70.894,2.188],[-70.874,2.151],[-70.872,2.169],[-70.846,2.176],[-70.85,2.201],[-70.823,2.21],[-70.827,2.184],[-70.805,2.188],[-70.808,2.204],[-70.74,2.195],[-70.722,2.215],[-70.73,2.233],[-70.712,2.214],[-70.673,2.258],[-70.643,2.242],[-70.663,2.233],[-70.635,2.229],[-70.597,2.247],[-70.601,2.269],[-70.583,2.276],[-70.551,2.243],[-70.543,2.281],[-70.63,2.313],[-70.68,2.441],[-70.733,2.485],[-70.75,2.534],[-70.793,2.52],[-70.829,2.533],[-70.853,2.57],[-70.917,2.56],[-70.942,2.607],[-70.501,2.788],[-70.587,2.841],[-70.62,2.793],[-70.635,2.849],[-70.66,2.857],[-70.64,2.803],[-70.709,2.737],[-70.725,2.795],[-70.811,2.76],[-70.797,2.796],[-70.822,2.813],[-70.869,2.776],[-70.858,2.835],[-70.882,2.845],[-70.871,2.799],[-70.887,2.793],[-70.911,2.85],[-70.935,2.858],[-70.925,2.813],[-70.948,2.786],[-70.962,2.8],[-70.953,2.841],[-70.988,2.829],[-71.011,2.857],[-71.058,2.853],[-71.078,2.882]]]}},{"type":"Feature","properties":{"name":"Timbiquí"},"geometry":{"type":"Polygon","coordinates":[[[-77.309,2.508],[-77.311,2.556],[-77.26,2.604],[-77.263,2.636],[-77.201,2.66],[-77.21,2.693],[-77.246,2.704],[-77.295,2.674],[-77.317,2.728],[-77.309,2.822],[-77.322,2.847],[-77.352,2.85],[-77.39,2.894],[-77.506,2.92],[-77.594,2.922],[-77.624,2.894],[-77.67,2.948],[-77.716,2.831],[-77.764,2.796],[-77.737,2.786],[-77.756,2.761],[-77.794,2.756],[-77.788,2.691],[-77.75,2.705],[-77.749,2.684],[-77.728,2.693],[-77.614,2.635],[-77.555,2.529],[-77.452,2.491],[-77.457,2.422],[-77.425,2.411],[-77.426,2.385],[-77.403,2.383],[-77.322,2.449],[-77.33,2.488],[-77.309,2.508]]]}},{"type":"Feature","properties":{"name":"San Vicente Del Caguán"},"geometry":{"type":"Polygon","coordinates":[[[-75.145,2.723],[-75.154,2.704],[-75.133,2.694],[-75.156,2.646],[-75.134,2.599],[-75.104,2.626],[-75.055,2.629],[-75.033,2.592],[-74.98,2.568],[-75.016,2.49],[-75.011,2.45],[-74.983,2.435],[-75.01,2.349],[-74.984,2.334],[-75.026,2.15],[-74.961,2.086],[-74.939,2.094],[-74.957,2.033],[-74.923,2.026],[-74.922,1.971],[-74.879,1.917],[-74.857,1.816],[-74.834,1.795],[-74.85,1.763],[-74.8,1.707],[-74.813,1.608],[-74.609,1.283],[-74.555,1.219],[-74.466,1.173],[-74.434,1.119],[-74.383,1.099],[-74.381,1.064],[-74.24,0.949],[-74.24,0.929],[-74.205,0.926],[-74.189,0.901],[-74.177,0.918],[-74.168,0.869],[-74.151,0.883],[-74.107,0.84],[-74.09,0.855],[-74.071,0.758],[-74.011,0.714],[-74.013,0.661],[-73.988,0.655],[-73.991,0.638],[-73.961,0.615],[-73.901,0.635],[-73.87,0.575],[-73.845,0.583],[-73.829,0.561],[-73.799,0.587],[-73.778,0.571],[-73.752,0.621],[-73.737,0.608],[-73.741,0.628],[-73.704,0.611],[-73.72,0.601],[-73.699,0.593],[-73.685,0.57],[-73.7,0.559],[-73.673,0.536],[-73.637,0.634],[-73.574,0.69],[-73.584,0.773],[-73.54,0.847],[-73.54,0.897],[-73.491,1.026],[-73.379,1.067],[-73.295,1.012],[-73.243,1.039],[-73.279,1.047],[-73.282,1.067],[-73.341,1.099],[-73.344,1.123],[-73.397,1.153],[-73.393,1.172],[-73.421,1.191],[-73.409,1.241],[-73.432,1.259],[-73.428,1.296],[-73.456,1.295],[-73.472,1.358],[-73.546,1.404],[-73.547,1.438],[-73.658,1.576],[-73.66,1.612],[-73.739,1.638],[-73.858,1.608],[-73.911,1.637],[-73.987,1.605],[-73.994,1.639],[-74.025,1.635],[-74.048,1.66],[-74.09,1.642],[-74.109,1.694],[-74.196,1.708],[-74.215,1.767],[-74.27,1.754],[-74.317,1.786],[-74.383,1.791],[-74.415,1.812],[-74.478,1.807],[-74.564,1.848],[-74.563,1.975],[-74.61,2.04],[-74.607,2.067],[-74.653,2.066],[-74.631,2.083],[-74.644,2.119],[-74.592,2.138],[-74.599,2.194],[-74.635,2.188],[-74.668,2.212],[-74.65,2.242],[-74.698,2.281],[-74.716,2.262],[-74.749,2.28],[-74.733,2.348],[-74.693,2.421],[-74.672,2.425],[-74.649,2.492],[-74.677,2.523],[-74.68,2.557],[-74.589,2.662],[-74.639,2.703],[-74.619,2.75],[-74.643,2.755],[-74.667,2.805],[-74.671,2.888],[-74.768,2.872],[-74.798,2.936],[-74.836,2.909],[-74.879,2.914],[-74.899,2.964],[-75.07,2.742],[-75.145,2.723]]]}},{"type":"Feature","properties":{"name":"Puerto Concordia"},"geometry":{"type":"Polygon","coordinates":[[[-72.436,2.74],[-72.452,2.756],[-72.503,2.739],[-72.605,2.832],[-72.661,2.849],[-72.657,2.876],[-72.769,2.984],[-72.799,2.992],[-72.808,3.02],[-72.831,2.921],[-72.896,2.876],[-72.86,2.837],[-72.866,2.811],[-72.848,2.818],[-72.82,2.796],[-72.942,2.525],[-72.921,2.534],[-72.917,2.565],[-72.817,2.615],[-72.74,2.57],[-72.679,2.622],[-72.653,2.572],[-72.621,2.627],[-72.586,2.584],[-72.587,2.639],[-72.554,2.654],[-72.567,2.68],[-72.537,2.683],[-72.534,2.704],[-72.472,2.69],[-72.471,2.733],[-72.436,2.74]]]}},{"type":"Feature","properties":{"name":"Puerto Rico"},"geometry":{"type":"Polygon","coordinates":[[[-72.959,2.503],[-72.82,2.796],[-72.848,2.818],[-72.866,2.811],[-72.86,2.837],[-72.896,2.871],[-72.915,2.953],[-72.9,2.977],[-72.916,2.991],[-72.929,2.979],[-72.954,2.992],[-72.969,3.02],[-73.063,3.022],[-73.138,3.092],[-73.256,3.027],[-73.378,2.924],[-73.472,2.932],[-73.51,2.888],[-73.519,2.858],[-73.501,2.857],[-73.504,2.839],[-73.488,2.843],[-73.405,2.755],[-73.349,2.738],[-73.352,2.676],[-73.336,2.655],[-73.354,2.609],[-73.316,2.514],[-73.286,2.519],[-73.228,2.482],[-73.217,2.503],[-73.188,2.458],[-73.131,2.422],[-73.11,2.435],[-73.081,2.415],[-73.043,2.438],[-73.032,2.413],[-72.986,2.452],[-72.965,2.449],[-72.961,2.481],[-72.929,2.471],[-72.936,2.502],[-72.959,2.503]]]}},{"type":"Feature","properties":{"name":"Puerto Colombia"},"geometry":{"type":"Polygon","coordinates":[[[-69.169,2.496],[-69.167,2.345],[-69.064,2.326],[-69.052,2.353],[-69.007,2.356],[-69.009,2.384],[-68.991,2.378],[-68.938,2.416],[-68.897,2.404],[-68.884,2.425],[-68.842,2.42],[-68.818,2.398],[-68.776,2.434],[-68.761,2.404],[-68.722,2.424],[-68.743,2.371],[-68.736,2.336],[-68.782,2.273],[-68.831,2.26],[-68.85,2.128],[-68.817,2.075],[-68.768,2.122],[-68.711,2.122],[-68.694,2.09],[-68.621,2.086],[-68.607,2.068],[-68.422,2.077],[-68.414,2.098],[-68.352,2.079],[-68.324,2.095],[-68.309,2.18],[-68.286,2.181],[-68.243,2.154],[-68.226,2.11],[-68.255,2.022],[-68.217,1.965],[-68.194,2.039],[-68.184,1.98],[-68.168,1.963],[-68.139,1.971],[-68.094,1.897],[-68.062,1.893],[-68.031,1.811],[-67.996,1.846],[-67.903,1.807],[-67.922,1.82],[-67.909,1.862],[-67.922,1.893],[-67.871,1.901],[-67.869,1.924],[-67.832,1.939],[-67.783,2.0],[-67.775,2.035],[-67.691,2.0],[-67.667,2.016],[-67.643,2.181],[-67.617,2.226],[-67.632,2.262],[-67.699,2.306],[-67.653,2.415],[-67.666,2.461],[-67.613,2.472],[-67.551,2.434],[-67.531,2.468],[-67.467,2.461],[-67.336,2.5],[-67.392,2.574],[-67.468,2.619],[-67.487,2.667],[-67.563,2.657],[-67.564,2.726],[-67.617,2.813],[-67.658,2.797],[-67.736,2.817],[-67.74,2.838],[-67.811,2.832],[-67.838,2.793],[-67.864,2.789],[-67.863,2.865],[-67.516,3.175],[-67.738,3.114],[-67.755,3.136],[-67.774,3.13],[-67.772,3.149],[-67.802,3.117],[-67.845,3.142],[-67.88,3.138],[-67.922,3.104],[-67.976,3.099],[-68.011,3.056],[-68.059,3.084],[-68.163,3.088],[-68.174,2.986],[-68.359,3.035],[-68.4,2.983],[-68.456,2.977],[-68.522,2.9],[-68.582,2.885],[-68.611,2.85],[-68.67,2.841],[-68.703,2.797],[-68.758,2.784],[-68.777,2.749],[-68.913,2.686],[-68.948,2.647],[-69.017,2.632],[-69.043,2.595],[-69.111,2.604],[-69.141,2.543],[-69.135,2.517],[-69.169,2.496]]]}},{"type":"Feature","properties":{"name":"Vistahermosa"},"geometry":{"type":"Polygon","coordinates":[[[-73.972,2.57],[-73.93,2.538],[-73.559,2.64],[-73.508,2.582],[-73.498,2.538],[-73.514,2.515],[-73.494,2.495],[-73.463,2.499],[-73.442,2.455],[-73.457,2.406],[-73.43,2.325],[-73.412,2.357],[-73.379,2.325],[-73.375,2.362],[-73.357,2.369],[-73.356,2.324],[-73.333,2.333],[-73.33,2.36],[-73.301,2.336],[-73.267,2.359],[-73.242,2.347],[-73.241,2.371],[-73.268,2.381],[-73.217,2.405],[-73.202,2.382],[-73.166,2.399],[-73.158,2.365],[-73.123,2.38],[-73.134,2.408],[-73.111,2.381],[-73.07,2.425],[-73.131,2.422],[-73.188,2.458],[-73.217,2.503],[-73.228,2.482],[-73.338,2.537],[-73.349,2.738],[-73.405,2.755],[-73.403,2.769],[-73.519,2.858],[-73.48,2.929],[-73.422,2.927],[-73.442,2.945],[-73.425,3.008],[-73.437,3.034],[-73.517,3.092],[-73.475,3.123],[-73.474,3.127],[-73.555,3.158],[-73.566,3.139],[-73.59,3.163],[-73.696,3.172],[-73.796,3.216],[-73.832,3.199],[-73.863,3.213],[-73.909,3.177],[-74.026,3.17],[-74.035,3.155],[-73.996,3.043],[-74.007,2.984],[-73.992,2.97],[-74.058,2.84],[-73.978,2.79],[-73.97,2.739],[-74.004,2.713],[-73.963,2.697],[-73.951,2.654],[-73.972,2.57]]]}},{"type":"Feature","properties":{"name":"López"},"geometry":{"type":"Polygon","coordinates":[[[-76.788,3.218],[-76.908,3.201],[-76.939,3.114],[-76.972,3.119],[-76.997,3.155],[-77.098,3.186],[-77.13,3.161],[-77.159,3.174],[-77.234,3.108],[-77.317,3.174],[-77.346,3.14],[-77.366,3.147],[-77.382,3.203],[-77.431,3.254],[-77.471,3.237],[-77.472,3.212],[-77.498,3.216],[-77.505,3.187],[-77.544,3.213],[-77.573,3.144],[-77.653,3.065],[-77.702,2.973],[-77.668,2.985],[-77.67,2.948],[-77.624,2.894],[-77.594,2.922],[-77.506,2.92],[-77.39,2.894],[-77.352,2.85],[-77.322,2.847],[-77.309,2.822],[-77.317,2.728],[-77.281,2.669],[-77.251,2.703],[-77.276,2.727],[-77.258,2.815],[-77.219,2.769],[-77.176,2.762],[-77.13,2.795],[-77.072,2.797],[-77.069,2.827],[-77.007,2.818],[-76.939,2.773],[-76.892,2.848],[-76.902,2.869],[-76.88,2.895],[-76.879,2.939],[-76.805,3.049],[-76.817,3.114],[-76.783,3.175],[-76.788,3.218]]]}},{"type":"Feature","properties":{"name":"Mapiripana"},"geometry":{"type":"Polygon","coordinates":[[[-70.501,2.788],[-70.942,2.607],[-70.93,2.573],[-70.889,2.557],[-70.853,2.57],[-70.829,2.533],[-70.793,2.52],[-70.754,2.537],[-70.635,2.348],[-70.587,2.466],[-70.605,2.547],[-70.596,2.526],[-70.511,2.498],[-70.499,2.472],[-70.422,2.468],[-70.436,2.491],[-70.427,2.672],[-70.385,2.607],[-70.311,2.564],[-70.238,2.595],[-70.097,2.519],[-70.041,2.54],[-69.999,2.533],[-69.998,2.692],[-69.957,2.707],[-69.876,2.697],[-69.876,2.9],[-69.979,3.152],[-70.054,3.397],[-70.108,3.385],[-70.123,3.403],[-70.133,3.365],[-70.172,3.351],[-70.109,3.293],[-70.158,3.282],[-70.157,3.258],[-70.132,3.244],[-70.13,3.199],[-70.148,3.191],[-70.174,3.236],[-70.165,3.181],[-70.192,3.174],[-70.218,3.206],[-70.207,3.173],[-70.244,3.179],[-70.288,3.124],[-70.28,3.094],[-70.321,3.085],[-70.255,3.042],[-70.304,3.032],[-70.279,2.935],[-70.354,2.914],[-70.356,2.854],[-70.494,2.813],[-70.501,2.788]]]}},{"type":"Feature","properties":{"name":"Mapiripán"},"geometry":{"type":"Polygon","coordinates":[[[-72.878,3.264],[-72.899,3.222],[-72.888,3.161],[-72.916,3.127],[-72.895,3.09],[-72.908,2.909],[-72.891,2.888],[-72.831,2.921],[-72.805,3.021],[-72.799,2.992],[-72.769,2.984],[-72.657,2.876],[-72.661,2.849],[-72.605,2.832],[-72.501,2.738],[-72.452,2.756],[-72.407,2.726],[-72.336,2.797],[-72.273,2.78],[-72.259,2.825],[-72.193,2.772],[-72.203,2.864],[-72.144,2.865],[-72.135,2.889],[-72.082,2.826],[-72.005,2.829],[-71.982,2.801],[-71.954,2.832],[-71.828,2.837],[-71.823,2.87],[-71.851,2.872],[-71.821,2.879],[-71.788,2.869],[-71.78,2.818],[-71.758,2.853],[-71.762,2.897],[-71.697,2.838],[-71.682,2.872],[-71.662,2.873],[-71.674,2.826],[-71.652,2.82],[-71.611,2.846],[-71.575,2.844],[-71.583,2.872],[-71.545,2.859],[-71.521,2.879],[-71.47,2.853],[-71.463,2.899],[-71.391,2.844],[-71.375,2.892],[-71.345,2.86],[-71.325,2.925],[-71.306,2.92],[-71.284,2.868],[-71.26,2.886],[-71.247,2.863],[-71.222,2.866],[-71.184,2.905],[-71.154,2.872],[-71.138,2.904],[-71.109,2.873],[-71.078,2.882],[-71.078,3.355],[-71.099,3.389],[-71.144,3.389],[-71.162,3.436],[-71.199,3.464],[-71.248,3.465],[-71.276,3.44],[-71.317,3.477],[-71.411,3.486],[-71.513,3.45],[-71.568,3.478],[-71.65,3.486],[-71.812,3.392],[-71.843,3.413],[-71.894,3.408],[-71.911,3.387],[-71.939,3.394],[-72.05,3.342],[-72.077,3.308],[-72.097,3.315],[-72.182,3.273],[-72.228,3.363],[-72.358,3.369],[-72.406,3.435],[-72.432,3.408],[-72.432,3.38],[-72.498,3.353],[-72.503,3.331],[-72.531,3.337],[-72.527,3.317],[-72.577,3.321],[-72.593,3.348],[-72.605,3.327],[-72.646,3.322],[-72.655,3.297],[-72.669,3.305],[-72.678,3.282],[-72.696,3.303],[-72.702,3.278],[-72.724,3.282],[-72.744,3.26],[-72.774,3.28],[-72.803,3.258],[-72.878,3.264]]]}},{"type":"Feature","properties":{"name":"Puerto Lleras"},"geometry":{"type":"Polygon","coordinates":[[[-73.555,3.269],[-73.536,3.198],[-73.461,3.158],[-73.474,3.122],[-73.517,3.092],[-73.437,3.034],[-73.425,3.008],[-73.442,2.945],[-73.42,2.925],[-73.378,2.924],[-73.256,3.027],[-73.138,3.092],[-73.063,3.022],[-72.969,3.02],[-72.954,2.992],[-72.929,2.979],[-72.916,2.991],[-72.901,2.971],[-72.894,2.979],[-72.909,3.014],[-72.895,3.09],[-72.916,3.127],[-72.888,3.161],[-72.899,3.222],[-72.878,3.269],[-72.975,3.257],[-72.983,3.239],[-72.997,3.264],[-73.048,3.26],[-73.066,3.288],[-73.089,3.281],[-73.122,3.343],[-73.206,3.361],[-73.232,3.426],[-73.253,3.425],[-73.278,3.468],[-73.346,3.498],[-73.374,3.482],[-73.38,3.445],[-73.406,3.42],[-73.433,3.31],[-73.455,3.301],[-73.499,3.325],[-73.53,3.293],[-73.599,3.301],[-73.555,3.269]]]}},{"type":"Feature","properties":{"name":"Barranco Mina"},"geometry":{"type":"Polygon","coordinates":[[[-70.054,3.397],[-69.979,3.152],[-69.876,2.9],[-69.874,2.695],[-69.737,2.728],[-69.772,2.799],[-69.714,2.861],[-69.577,2.854],[-69.467,2.891],[-69.418,2.868],[-69.398,2.903],[-69.418,2.924],[-69.388,2.997],[-69.405,3.028],[-69.38,3.036],[-69.347,3.013],[-69.332,3.056],[-69.279,3.095],[-69.268,3.127],[-69.203,3.128],[-69.125,3.21],[-69.039,3.186],[-69.02,3.205],[-68.986,3.201],[-68.909,3.275],[-68.847,3.29],[-68.81,3.343],[-68.656,3.386],[-68.629,3.417],[-68.595,3.414],[-68.56,3.443],[-68.512,3.446],[-68.484,3.51],[-68.506,3.537],[-68.55,3.548],[-68.686,3.541],[-68.751,3.61],[-68.814,3.636],[-68.84,3.623],[-68.854,3.703],[-68.926,3.687],[-68.938,3.742],[-68.942,3.682],[-68.996,3.692],[-69.045,3.645],[-69.079,3.656],[-69.094,3.636],[-69.121,3.676],[-69.187,3.634],[-69.168,3.672],[-69.2,3.669],[-69.208,3.702],[-69.235,3.674],[-69.247,3.715],[-69.283,3.726],[-69.268,3.681],[-69.292,3.645],[-69.306,3.652],[-69.29,3.698],[-69.304,3.717],[-69.366,3.665],[-69.388,3.685],[-69.408,3.66],[-69.454,3.709],[-69.478,3.695],[-69.493,3.651],[-69.504,3.679],[-69.588,3.684],[-69.595,3.673],[-69.571,3.669],[-69.593,3.568],[-69.609,3.595],[-69.629,3.569],[-69.663,3.585],[-69.701,3.54],[-69.71,3.577],[-69.74,3.591],[-69.714,3.549],[-69.777,3.565],[-69.806,3.507],[-69.817,3.552],[-69.834,3.557],[-69.845,3.532],[-69.817,3.477],[-69.89,3.539],[-69.897,3.521],[-69.862,3.479],[-69.878,3.43],[-69.903,3.424],[-69.956,3.46],[-69.944,3.395],[-70.002,3.373],[-70.026,3.418],[-70.054,3.397]]]}},{"type":"Feature","properties":{"name":"Cacahual"},"geometry":{"type":"Polygon","coordinates":[[[-67.796,3.182],[-67.738,3.114],[-67.516,3.175],[-67.435,3.248],[-67.381,3.248],[-67.382,3.293],[-67.311,3.375],[-67.339,3.451],[-67.401,3.48],[-67.412,3.539],[-67.444,3.585],[-67.448,3.676],[-67.516,3.775],[-67.583,3.753],[-67.538,3.675],[-67.563,3.651],[-67.559,3.615],[-67.767,3.472],[-67.857,3.371],[-67.842,3.261],[-67.788,3.229],[-67.796,3.182]]]}},{"type":"Feature","properties":{"name":"Dagua"},"geometry":{"type":"Polygon","coordinates":[[[-76.815,3.875],[-76.767,3.779],[-76.816,3.747],[-76.822,3.724],[-76.793,3.665],[-76.824,3.625],[-76.867,3.632],[-76.89,3.606],[-76.852,3.59],[-76.855,3.549],[-76.813,3.539],[-76.749,3.434],[-76.712,3.424],[-76.69,3.461],[-76.628,3.488],[-76.595,3.548],[-76.619,3.635],[-76.649,3.632],[-76.652,3.673],[-76.645,3.785],[-76.583,3.843],[-76.593,3.863],[-76.644,3.844],[-76.685,3.864],[-76.714,3.842],[-76.815,3.875]]]}},{"type":"Feature","properties":{"name":"Buenaventura"},"geometry":{"type":"MultiPolygon","coordinates":[[[[-76.81,3.207],[-76.688,3.396],[-76.707,3.428],[-76.749,3.434],[-76.813,3.539],[-76.855,3.549],[-76.852,3.59],[-76.89,3.606],[-76.867,3.632],[-76.824,3.625],[-76.799,3.65],[-76.793,3.679],[-76.822,3.724],[-76.816,3.747],[-76.767,3.779],[-76.888,3.993],[-76.861,4.031],[-76.954,4.121],[-76.995,4.12],[-77.036,4.091],[-77.068,4.096],[-77.086,4.123],[-77.12,4.116],[-77.16,4.184],[-77.222,4.156],[-77.248,4.184],[-77.258,4.235],[-77.305,4.166],[-77.353,4.197],[-77.39,4.148],[-77.436,4.146],[-77.429,4.093],[-77.45,4.039],[-77.358,3.926],[-77.324,3.973],[-77.306,4.044],[-77.269,4.077],[-77.262,4.06],[-77.232,4.081],[-77.229,4.059],[-77.195,4.053],[-77.224,3.996],[-77.29,3.979],[-77.317,3.952],[-77.321,3.903],[-77.286,3.895],[-77.305,3.874],[-77.282,3.839],[-77.182,3.831],[-77.133,3.873],[-77.097,3.875],[-77.087,3.905],[-77.053,3.875],[-77.106,3.849],[-77.135,3.805],[-77.182,3.809],[-77.166,3.758],[-77.197,3.751],[-77.197,3.721],[-77.189,3.681],[-77.165,3.685],[-77.166,3.645],[-77.189,3.653],[-77.196,3.611],[-77.236,3.577],[-77.3,3.57],[-77.371,3.475],[-77.332,3.427],[-77.361,3.414],[-77.363,3.449],[-77.413,3.356],[-77.427,3.368],[-77.48,3.323],[-77.548,3.226],[-77.499,3.234],[-77.481,3.209],[-77.471,3.237],[-77.429,3.254],[-77.382,3.203],[-77.366,3.147],[-77.346,3.14],[-77.317,3.174],[-77.234,3.108],[-77.159,3.174],[-77.13,3.161],[-77.098,3.186],[-76.997,3.155],[-76.972,3.119],[-76.939,3.114],[-76.908,3.201],[-76.81,3.207]]],[[[-77.229,4.042],[-77.233,4.031],[-77.226,4.04],[-77.229,4.042]]]]}},{"type":"Feature","properties":{"name":"Villavicencio"},"geometry":{"type":"Polygon","coordinates":[[[-73.743,4.199],[-73.722,4.196],[-73.709,4.166],[-73.766,4.117],[-73.768,4.057],[-73.75,4.033],[-73.577,4.018],[-73.29,3.949],[-73.241,3.97],[-73.175,3.935],[-73.175,4.04],[-73.273,4.139],[-73.399,4.131],[-73.589,4.193],[-73.605,4.221],[-73.621,4.215],[-73.606,4.247],[-73.628,4.286],[-73.656,4.287],[-73.655,4.272],[-73.693,4.289],[-73.764,4.281],[-73.744,4.266],[-73.76,4.236],[-73.743,4.199]]]}},{"type":"Feature","properties":{"name":"El Litoral Del San Juán (Docordó)"},"geometry":{"type":"Polygon","coordinates":[[[-76.528,4.324],[-76.614,4.336],[-76.635,4.38],[-76.678,4.397],[-76.704,4.379],[-76.723,4.403],[-76.778,4.413],[-76.791,4.395],[-76.802,4.426],[-76.872,4.418],[-76.879,4.44],[-76.943,4.418],[-76.97,4.44],[-77.041,4.437],[-77.057,4.454],[-77.047,4.465],[-77.086,4.485],[-77.107,4.481],[-77.108,4.442],[-77.123,4.455],[-77.194,4.443],[-77.276,4.559],[-77.312,4.573],[-77.331,4.564],[-77.323,4.522],[-77.339,4.514],[-77.353,4.428],[-77.352,4.422],[-77.344,4.432],[-77.338,4.429],[-77.366,4.408],[-77.367,4.37],[-77.387,4.369],[-77.376,4.389],[-77.426,4.319],[-77.456,4.313],[-77.414,4.293],[-77.485,4.258],[-77.5,4.264],[-77.484,4.293],[-77.515,4.279],[-77.525,4.126],[-77.45,4.039],[-77.429,4.093],[-77.436,4.146],[-77.39,4.148],[-77.353,4.197],[-77.305,4.166],[-77.258,4.235],[-77.248,4.184],[-77.222,4.156],[-77.16,4.184],[-77.104,4.108],[-77.086,4.123],[-77.068,4.096],[-77.036,4.091],[-76.995,4.12],[-76.954,4.121],[-76.915,4.098],[-76.867,4.032],[-76.823,4.033],[-76.815,4.007],[-76.682,3.965],[-76.625,4.015],[-76.589,3.994],[-76.591,3.97],[-76.537,4.016],[-76.524,4.067],[-76.494,4.07],[-76.445,4.176],[-76.455,4.229],[-76.506,4.252],[-76.528,4.324]]]}},{"type":"Feature","properties":{"name":"Ibagué"},"geometry":{"type":"Polygon","coordinates":[[[-75.485,4.582],[-75.468,4.531],[-75.412,4.523],[-75.367,4.423],[-75.393,4.38],[-75.484,4.338],[-75.52,4.256],[-75.499,4.282],[-75.354,4.308],[-75.321,4.346],[-75.25,4.347],[-75.226,4.293],[-75.139,4.325],[-75.079,4.286],[-75.029,4.279],[-75.027,4.325],[-75.003,4.323],[-74.999,4.3],[-74.97,4.346],[-74.966,4.361],[-74.997,4.358],[-74.992,4.393],[-75.066,4.405],[-75.07,4.436],[-75.043,4.45],[-75.064,4.494],[-75.052,4.549],[-75.074,4.568],[-75.132,4.541],[-75.216,4.534],[-75.226,4.557],[-75.29,4.573],[-75.282,4.609],[-75.3,4.637],[-75.386,4.701],[-75.422,4.659],[-75.421,4.611],[-75.485,4.582]]]}},{"type":"Feature","properties":{"name":"Sipí"},"geometry":{"type":"Polygon","coordinates":[[[-76.365,4.492],[-76.404,4.535],[-76.381,4.56],[-76.345,4.562],[-76.31,4.63],[-76.286,4.712],[-76.312,4.75],[-76.463,4.749],[-76.518,4.795],[-76.578,4.714],[-76.578,4.675],[-76.63,4.657],[-76.692,4.721],[-76.829,4.769],[-76.843,4.752],[-76.809,4.645],[-76.723,4.603],[-76.657,4.51],[-76.653,4.49],[-76.682,4.456],[-76.614,4.336],[-76.549,4.337],[-76.553,4.402],[-76.482,4.414],[-76.365,4.492]]]}},{"type":"Feature","properties":{"name":"Bogotá, D.c."},"geometry":{"type":"Polygon","coordinates":[[[-74.11,4.182],[-74.153,4.254],[-74.094,4.364],[-74.114,4.386],[-74.109,4.442],[-74.076,4.463],[-74.073,4.513],[-74.042,4.512],[-74.029,4.558],[-74.005,4.561],[-73.986,4.63],[-74.031,4.646],[-74.002,4.675],[-74.019,4.763],[-73.998,4.804],[-74.007,4.823],[-74.05,4.835],[-74.087,4.832],[-74.08,4.809],[-74.113,4.79],[-74.126,4.73],[-74.172,4.711],[-74.159,4.663],[-74.223,4.629],[-74.175,4.575],[-74.178,4.486],[-74.218,4.36],[-74.222,4.282],[-74.204,4.24],[-74.232,4.217],[-74.246,4.103],[-74.266,4.092],[-74.329,4.131],[-74.375,3.986],[-74.357,3.971],[-74.36,3.914],[-74.395,3.824],[-74.451,3.75],[-74.44,3.731],[-74.402,3.737],[-74.394,3.77],[-74.336,3.822],[-74.297,3.819],[-74.317,3.881],[-74.256,3.928],[-74.217,4.011],[-74.16,4.018],[-74.151,4.005],[-74.125,4.058],[-74.131,4.116],[-74.11,4.132],[-74.11,4.182]]]}},{"type":"Feature","properties":{"name":"Santa Marta"},"geometry":{"type":"Polygon","coordinates":[[[-73.575,11.26],[-73.791,11.256],[-73.975,11.339],[-74.045,11.349],[-74.057,11.328],[-74.065,11.345],[-74.083,11.316],[-74.107,11.348],[-74.105,11.319],[-74.124,11.334],[-74.135,11.316],[-74.145,11.337],[-74.161,11.324],[-74.149,11.298],[-74.194,11.304],[-74.207,11.274],[-74.191,11.264],[-74.242,11.221],[-74.228,11.204],[-74.233,11.117],[-74.215,11.075],[-74.178,11.099],[-74.113,11.104],[-74.109,11.078],[-74.077,11.058],[-74.046,11.064],[-74.042,11.037],[-73.868,10.989],[-73.865,10.93],[-73.882,10.895],[-73.856,10.864],[-73.754,10.879],[-73.692,10.835],[-73.61,10.832],[-73.599,10.84],[-73.633,10.9],[-73.643,10.967],[-73.665,10.99],[-73.635,11.042],[-73.653,11.138],[-73.627,11.142],[-73.584,11.189],[-73.575,11.26]]]}},{"type":"Feature","properties":{"name":"Riohacha"},"geometry":{"type":"Polygon","coordinates":[[[-72.603,11.239],[-72.642,11.425],[-72.698,11.445],[-72.714,11.482],[-72.757,11.478],[-72.785,11.487],[-72.786,11.506],[-72.855,11.51],[-72.891,11.56],[-72.992,11.513],[-73.094,11.426],[-73.143,11.408],[-73.217,11.33],[-73.146,11.254],[-73.164,11.187],[-73.211,11.155],[-73.237,11.097],[-73.323,11.042],[-73.321,10.986],[-73.361,10.967],[-73.386,10.916],[-73.341,10.91],[-73.282,10.94],[-73.198,10.933],[-73.115,10.987],[-73.08,10.971],[-73.076,10.991],[-72.986,11.03],[-72.931,11.018],[-72.868,11.096],[-72.709,11.163],[-72.647,11.163],[-72.648,11.211],[-72.621,11.21],[-72.603,11.239]]]}},{"type":"Feature","properties":{"name":"Uribia"},"geometry":{"type":"Polygon","coordinates":[[[-71.979,11.631],[-71.971,11.646],[-71.802,11.68],[-71.378,11.812],[-71.388,11.828],[-71.341,11.849],[-71.324,11.833],[-71.29,11.914],[-71.326,11.902],[-71.327,11.921],[-71.268,11.914],[-71.219,11.964],[-71.136,12.003],[-71.113,12.049],[-71.117,12.092],[-71.228,12.301],[-71.302,12.353],[-71.437,12.381],[-71.526,12.437],[-71.611,12.437],[-71.671,12.459],[-71.72,12.437],[-71.735,12.409],[-71.685,12.443],[-71.7,12.418],[-71.652,12.433],[-71.677,12.405],[-71.635,12.416],[-71.627,12.408],[-71.696,12.392],[-71.685,12.373],[-71.693,12.364],[-71.722,12.37],[-71.711,12.4],[-71.725,12.411],[-71.762,12.381],[-71.737,12.368],[-71.756,12.333],[-71.821,12.31],[-71.84,12.34],[-71.806,12.367],[-71.823,12.372],[-71.956,12.273],[-71.944,12.259],[-71.94,12.276],[-71.891,12.275],[-71.862,12.217],[-71.869,12.191],[-71.925,12.184],[-71.93,12.151],[-71.963,12.149],[-71.959,12.166],[-71.961,12.18],[-71.966,12.147],[-71.987,12.148],[-71.979,12.172],[-72.001,12.186],[-71.961,12.258],[-72.084,12.231],[-72.143,12.239],[-72.179,12.217],[-72.149,12.201],[-72.144,12.088],[-72.247,11.892],[-72.226,11.9],[-72.23,11.888],[-72.355,11.828],[-72.331,11.772],[-72.368,11.71],[-72.378,11.635],[-72.328,11.601],[-72.32,11.554],[-72.232,11.523],[-72.125,11.533],[-72.02,11.693],[-71.994,11.694],[-71.978,11.673],[-71.979,11.631]]]}},{"type":"Feature","properties":{"name":"Providencia (Santa Isabel)"},"geometry":{"type":"MultiPolygon","coordinates":[[[[-81.364,13.386],[-81.392,13.359],[-81.389,13.321],[-81.35,13.357],[-81.364,13.386]]],[[[-81.368,13.386],[-81.38,13.391],[-81.377,13.381],[-81.368,13.386]]]]}},{"type":"Feature","properties":{"name":"Monterrey"},"geometry":{"type":"Polygon","coordinates":[[[-72.975,4.975],[-72.941,4.956],[-72.99,4.844],[-72.967,4.83],[-72.948,4.765],[-72.779,4.684],[-72.785,4.655],[-72.756,4.643],[-72.758,4.668],[-72.711,4.695],[-72.691,4.738],[-72.755,4.898],[-72.822,4.945],[-72.833,5.001],[-72.889,5.012],[-72.904,5.068],[-72.975,4.975]]]}},{"type":"Feature","properties":{"name":"Puerto Gaitán"},"geometry":{"type":"Polygon","coordinates":[[[-72.295,3.756],[-72.296,3.71],[-72.28,3.703],[-72.286,3.686],[-72.303,3.694],[-72.309,3.65],[-72.29,3.637],[-72.313,3.631],[-72.305,3.609],[-72.335,3.602],[-72.325,3.577],[-72.368,3.563],[-72.346,3.514],[-72.388,3.495],[-72.374,3.471],[-72.406,3.431],[-72.358,3.369],[-72.228,3.363],[-72.204,3.337],[-72.194,3.277],[-72.097,3.315],[-72.077,3.308],[-72.05,3.342],[-71.939,3.394],[-71.911,3.387],[-71.894,3.408],[-71.843,3.413],[-71.812,3.392],[-71.65,3.486],[-71.568,3.478],[-71.513,3.45],[-71.411,3.486],[-71.317,3.477],[-71.276,3.44],[-71.248,3.465],[-71.199,3.464],[-71.162,3.436],[-71.144,3.389],[-71.099,3.389],[-71.078,3.355],[-71.078,4.899],[-71.212,4.817],[-71.288,4.803],[-71.323,4.767],[-71.39,4.757],[-71.429,4.723],[-71.577,4.675],[-71.598,4.645],[-71.735,4.575],[-71.807,4.584],[-71.988,4.384],[-72.059,4.374],[-72.086,4.404],[-72.119,4.399],[-72.166,4.328],[-72.189,4.185],[-72.225,4.149],[-72.198,4.111],[-72.162,4.097],[-72.11,4.122],[-72.107,4.088],[-72.121,4.044],[-72.159,4.059],[-72.138,4.026],[-72.176,4.015],[-72.156,4.003],[-72.18,3.975],[-72.167,3.959],[-72.201,3.952],[-72.191,3.924],[-72.211,3.88],[-72.216,3.906],[-72.265,3.894],[-72.236,3.884],[-72.236,3.863],[-72.264,3.863],[-72.263,3.839],[-72.294,3.811],[-72.271,3.791],[-72.294,3.783],[-72.28,3.764],[-72.295,3.756]]]}},{"type":"Feature","properties":{"name":"Becerrill"},"geometry":{"type":"Polygon","coordinates":[[[-73.583,9.752],[-73.644,9.692],[-73.632,9.639],[-73.496,9.666],[-73.463,9.694],[-73.378,9.648],[-73.363,9.607],[-73.329,9.587],[-73.24,9.598],[-73.194,9.63],[-73.07,9.633],[-72.944,9.845],[-72.993,9.876],[-72.977,9.889],[-72.998,9.921],[-73.171,9.793],[-73.216,9.819],[-73.267,9.818],[-73.33,9.774],[-73.47,9.772],[-73.499,9.738],[-73.515,9.756],[-73.583,9.752]]]}},{"type":"Feature","properties":{"name":"Istmina"},"geometry":{"type":"Polygon","coordinates":[[[-76.732,5.115],[-76.659,5.141],[-76.644,5.127],[-76.609,5.174],[-76.538,5.184],[-76.533,5.237],[-76.596,5.195],[-76.618,5.193],[-76.628,5.215],[-76.673,5.185],[-76.705,5.245],[-76.751,5.249],[-76.74,5.283],[-76.858,5.265],[-76.835,5.173],[-76.791,5.167],[-76.815,5.104],[-76.797,5.087],[-76.858,5.028],[-76.847,5.013],[-76.874,4.988],[-76.88,4.945],[-76.921,4.965],[-76.977,4.918],[-76.971,4.894],[-76.998,4.855],[-76.938,4.827],[-76.936,4.775],[-76.978,4.769],[-77.052,4.707],[-77.067,4.649],[-77.09,4.647],[-77.1,4.614],[-77.126,4.602],[-77.16,4.524],[-77.148,4.504],[-77.099,4.494],[-77.047,4.514],[-77.061,4.472],[-77.041,4.437],[-76.97,4.44],[-76.943,4.418],[-76.879,4.44],[-76.872,4.418],[-76.802,4.426],[-76.791,4.395],[-76.778,4.413],[-76.723,4.403],[-76.715,4.381],[-76.678,4.397],[-76.637,4.381],[-76.682,4.456],[-76.653,4.492],[-76.676,4.497],[-76.694,4.539],[-76.765,4.558],[-76.781,4.59],[-76.836,4.616],[-76.921,4.604],[-76.964,4.667],[-76.946,4.708],[-76.916,4.694],[-76.897,4.72],[-76.867,4.706],[-76.874,4.919],[-76.822,4.989],[-76.801,4.973],[-76.742,4.997],[-76.742,5.014],[-76.769,5.014],[-76.749,5.05],[-76.756,5.08],[-76.732,5.115]]]}},{"type":"Feature","properties":{"name":"Sincelejo"},"geometry":{"type":"Polygon","coordinates":[[[-75.5,9.26],[-75.413,9.228],[-75.379,9.245],[-75.349,9.226],[-75.331,9.302],[-75.358,9.308],[-75.386,9.393],[-75.409,9.398],[-75.427,9.373],[-75.462,9.379],[-75.471,9.398],[-75.504,9.392],[-75.522,9.43],[-75.551,9.41],[-75.492,9.339],[-75.5,9.26]]]}},{"type":"Feature","properties":{"name":"Medellín"},"geometry":{"type":"Polygon","coordinates":[[[-75.679,6.164],[-75.61,6.199],[-75.541,6.171],[-75.532,6.198],[-75.485,6.191],[-75.492,6.229],[-75.472,6.236],[-75.499,6.295],[-75.626,6.314],[-75.669,6.373],[-75.714,6.371],[-75.71,6.243],[-75.679,6.164]]]}},{"type":"Feature","properties":{"name":"Ebéjico"},"geometry":{"type":"Polygon","coordinates":[[[-75.801,6.421],[-75.85,6.368],[-75.857,6.331],[-75.834,6.282],[-75.852,6.249],[-75.817,6.225],[-75.805,6.262],[-75.776,6.246],[-75.737,6.267],[-75.71,6.259],[-75.727,6.381],[-75.771,6.418],[-75.785,6.421],[-75.793,6.394],[-75.801,6.421]]]}},{"type":"Feature","properties":{"name":"Copacabana"},"geometry":{"type":"Polygon","coordinates":[[[-75.451,6.335],[-75.487,6.373],[-75.474,6.376],[-75.488,6.43],[-75.532,6.389],[-75.515,6.361],[-75.536,6.333],[-75.522,6.289],[-75.514,6.302],[-75.491,6.294],[-75.484,6.32],[-75.451,6.335]]]}},{"type":"Feature","properties":{"name":"Bello"},"geometry":{"type":"Polygon","coordinates":[[[-75.662,6.405],[-75.669,6.373],[-75.641,6.322],[-75.558,6.312],[-75.522,6.289],[-75.536,6.333],[-75.515,6.361],[-75.532,6.389],[-75.554,6.384],[-75.566,6.421],[-75.591,6.435],[-75.623,6.383],[-75.662,6.405]]]}},{"type":"Feature","properties":{"name":"Girardota"},"geometry":{"type":"Polygon","coordinates":[[[-75.404,6.365],[-75.448,6.436],[-75.488,6.43],[-75.474,6.376],[-75.487,6.373],[-75.443,6.323],[-75.425,6.315],[-75.404,6.365]]]}},{"type":"Feature","properties":{"name":"Bagadó"},"geometry":{"type":"Polygon","coordinates":[[[-76.074,5.677],[-76.11,5.682],[-76.198,5.617],[-76.206,5.59],[-76.262,5.577],[-76.317,5.527],[-76.336,5.428],[-76.369,5.413],[-76.41,5.435],[-76.436,5.401],[-76.409,5.391],[-76.397,5.35],[-76.354,5.371],[-76.321,5.334],[-76.283,5.361],[-76.24,5.36],[-76.197,5.414],[-76.152,5.408],[-76.088,5.447],[-76.085,5.534],[-76.009,5.568],[-76.002,5.6],[-76.011,5.631],[-76.074,5.677]]]}},{"type":"Feature","properties":{"name":"Rio Quito (Paimadó)"},"geometry":{"type":"Polygon","coordinates":[[[-76.682,5.434],[-76.695,5.48],[-76.67,5.5],[-76.706,5.525],[-76.682,5.527],[-76.709,5.58],[-76.664,5.685],[-76.694,5.672],[-76.804,5.686],[-76.836,5.66],[-76.893,5.682],[-76.954,5.663],[-76.969,5.499],[-76.948,5.452],[-76.895,5.561],[-76.81,5.437],[-76.738,5.413],[-76.682,5.434]]]}},{"type":"Feature","properties":{"name":"Atrato (Yuto)"},"geometry":{"type":"Polygon","coordinates":[[[-76.57,5.451],[-76.588,5.451],[-76.584,5.49],[-76.614,5.532],[-76.573,5.552],[-76.498,5.552],[-76.512,5.606],[-76.479,5.64],[-76.475,5.688],[-76.525,5.693],[-76.55,5.661],[-76.601,5.661],[-76.652,5.621],[-76.664,5.647],[-76.686,5.645],[-76.709,5.58],[-76.682,5.527],[-76.706,5.525],[-76.67,5.5],[-76.695,5.48],[-76.682,5.434],[-76.633,5.428],[-76.611,5.403],[-76.57,5.451]]]}},{"type":"Feature","properties":{"name":"La Jagua De Ibirico"},"geometry":{"type":"Polygon","coordinates":[[[-73.207,9.424],[-73.187,9.448],[-73.203,9.469],[-73.174,9.48],[-73.145,9.543],[-73.084,9.557],[-73.07,9.633],[-73.121,9.638],[-73.147,9.619],[-73.186,9.631],[-73.24,9.598],[-73.329,9.587],[-73.363,9.607],[-73.378,9.648],[-73.472,9.693],[-73.499,9.64],[-73.468,9.621],[-73.447,9.632],[-73.441,9.609],[-73.529,9.529],[-73.577,9.526],[-73.503,9.479],[-73.447,9.489],[-73.371,9.447],[-73.341,9.465],[-73.287,9.446],[-73.254,9.468],[-73.21,9.446],[-73.207,9.424]]]}},{"type":"Feature","properties":{"name":"Pore"},"geometry":{"type":"Polygon","coordinates":[[[-71.952,5.547],[-71.899,5.539],[-71.885,5.565],[-71.852,5.534],[-71.806,5.553],[-71.804,5.536],[-71.759,5.53],[-71.712,5.573],[-71.66,5.556],[-71.699,5.573],[-71.707,5.61],[-71.77,5.646],[-71.777,5.672],[-71.809,5.669],[-71.836,5.708],[-71.888,5.71],[-71.961,5.769],[-71.972,5.802],[-72.021,5.808],[-72.051,5.838],[-72.102,5.784],[-72.112,5.687],[-72.101,5.665],[-72.042,5.648],[-71.952,5.547]]]}},{"type":"Feature","properties":{"name":"Sabaneta"},"geometry":{"type":"Polygon","coordinates":[[[-75.605,6.163],[-75.632,6.139],[-75.59,6.113],[-75.591,6.145],[-75.605,6.163]]]}},{"type":"Feature","properties":{"name":"La Estrella"},"geometry":{"type":"Polygon","coordinates":[[[-75.672,6.119],[-75.629,6.106],[-75.606,6.117],[-75.648,6.172],[-75.679,6.164],[-75.672,6.119]]]}}]}